# WarpX MCC cross-section file
# Reaction: p + Kr -> p + Kr+ + e-
# Columns:
#   1: center-of-mass collision energy [eV]
#   2: total ionization/electron-production cross section [m^2]
# Energy grid:
#   equally spaced, as required by WarpX MCC
# Source/model:
#   Rudd semi-empirical proton-impact ionization model,
#   M. E. Rudd et al., Rev. Mod. Phys. 64, 441 (1992).
# Target parameters:
#   target = Kr
#   N_effective = 8.0
#   I = 14.0 eV
#   target_mass = 1.3914985270294681e-25 kg
# 30 keV lab diagnostic:
#   E_cm = 2.96436744e+04 eV
#   sigma = 8.96476143e-20 m^2
0.00000000e+00 0.00000000e+00
1.00000000e+02 8.60376957e-22
2.00000000e+02 2.52293599e-21
3.00000000e+02 4.18403555e-21
4.00000000e+02 5.73970693e-21
5.00000000e+02 7.18618129e-21
6.00000000e+02 8.53591805e-21
7.00000000e+02 9.80259967e-21
8.00000000e+02 1.09981732e-20
9.00000000e+02 1.21325203e-20
1.00000000e+03 1.32137132e-20
1.10000000e+03 1.42483557e-20
1.20000000e+03 1.52418847e-20
1.30000000e+03 1.61988140e-20
1.40000000e+03 1.71229229e-20
1.50000000e+03 1.80174028e-20
1.60000000e+03 1.88849703e-20
1.70000000e+03 1.97279553e-20
1.80000000e+03 2.05483700e-20
1.90000000e+03 2.13479632e-20
2.00000000e+03 2.21282642e-20
2.10000000e+03 2.28906178e-20
2.20000000e+03 2.36362123e-20
2.30000000e+03 2.43661030e-20
2.40000000e+03 2.50812311e-20
2.50000000e+03 2.57824398e-20
2.60000000e+03 2.64704872e-20
2.70000000e+03 2.71460573e-20
2.80000000e+03 2.78097697e-20
2.90000000e+03 2.84621872e-20
3.00000000e+03 2.91038227e-20
3.10000000e+03 2.97351449e-20
3.20000000e+03 3.03565834e-20
3.30000000e+03 3.09685331e-20
3.40000000e+03 3.15713575e-20
3.50000000e+03 3.21653924e-20
3.60000000e+03 3.27509487e-20
3.70000000e+03 3.33283146e-20
3.80000000e+03 3.38977583e-20
3.90000000e+03 3.44595292e-20
4.00000000e+03 3.50138604e-20
4.10000000e+03 3.55609700e-20
4.20000000e+03 3.61010619e-20
4.30000000e+03 3.66343279e-20
4.40000000e+03 3.71609481e-20
4.50000000e+03 3.76810923e-20
4.60000000e+03 3.81949205e-20
4.70000000e+03 3.87025841e-20
4.80000000e+03 3.92042262e-20
4.90000000e+03 3.96999827e-20
5.00000000e+03 4.01899824e-20
5.10000000e+03 4.06743478e-20
5.20000000e+03 4.11531956e-20
5.30000000e+03 4.16266370e-20
5.40000000e+03 4.20947782e-20
5.50000000e+03 4.25577208e-20
5.60000000e+03 4.30155619e-20
5.70000000e+03 4.34683948e-20
5.80000000e+03 4.39163087e-20
5.90000000e+03 4.43593897e-20
6.00000000e+03 4.47977203e-20
6.10000000e+03 4.52313803e-20
6.20000000e+03 4.56604463e-20
6.30000000e+03 4.60849924e-20
6.40000000e+03 4.65050902e-20
6.50000000e+03 4.69208090e-20
6.60000000e+03 4.73322158e-20
6.70000000e+03 4.77393756e-20
6.80000000e+03 4.81423515e-20
6.90000000e+03 4.85412046e-20
7.00000000e+03 4.89359946e-20
7.10000000e+03 4.93267792e-20
7.20000000e+03 4.97136149e-20
7.30000000e+03 5.00965565e-20
7.40000000e+03 5.04756576e-20
7.50000000e+03 5.08509704e-20
7.60000000e+03 5.12225460e-20
7.70000000e+03 5.15904341e-20
7.80000000e+03 5.19546837e-20
7.90000000e+03 5.23153423e-20
8.00000000e+03 5.26724568e-20
8.10000000e+03 5.30260728e-20
8.20000000e+03 5.33762352e-20
8.30000000e+03 5.37229880e-20
8.40000000e+03 5.40663745e-20
8.50000000e+03 5.44064370e-20
8.60000000e+03 5.47432171e-20
8.70000000e+03 5.50767558e-20
8.80000000e+03 5.54070932e-20
8.90000000e+03 5.57342691e-20
9.00000000e+03 5.60583222e-20
9.10000000e+03 5.63792909e-20
9.20000000e+03 5.66972129e-20
9.30000000e+03 5.70121255e-20
9.40000000e+03 5.73240652e-20
9.50000000e+03 5.76330680e-20
9.60000000e+03 5.79391696e-20
9.70000000e+03 5.82424051e-20
9.80000000e+03 5.85428091e-20
9.90000000e+03 5.88404156e-20
1.00000000e+04 5.91352584e-20
1.01000000e+04 5.94273707e-20
1.02000000e+04 5.97167854e-20
1.03000000e+04 6.00035348e-20
1.04000000e+04 6.02876510e-20
1.05000000e+04 6.05691656e-20
1.06000000e+04 6.08481098e-20
1.07000000e+04 6.11245145e-20
1.08000000e+04 6.13984101e-20
1.09000000e+04 6.16698268e-20
1.10000000e+04 6.19387944e-20
1.11000000e+04 6.22053423e-20
1.12000000e+04 6.24694996e-20
1.13000000e+04 6.27312950e-20
1.14000000e+04 6.29907571e-20
1.15000000e+04 6.32479140e-20
1.16000000e+04 6.35027933e-20
1.17000000e+04 6.37554228e-20
1.18000000e+04 6.40058295e-20
1.19000000e+04 6.42540403e-20
1.20000000e+04 6.45000819e-20
1.21000000e+04 6.47439806e-20
1.22000000e+04 6.49857623e-20
1.23000000e+04 6.52254529e-20
1.24000000e+04 6.54630778e-20
1.25000000e+04 6.56986622e-20
1.26000000e+04 6.59322309e-20
1.27000000e+04 6.61638087e-20
1.28000000e+04 6.63934199e-20
1.29000000e+04 6.66210885e-20
1.30000000e+04 6.68468386e-20
1.31000000e+04 6.70706936e-20
1.32000000e+04 6.72926768e-20
1.33000000e+04 6.75128115e-20
1.34000000e+04 6.77311202e-20
1.35000000e+04 6.79476258e-20
1.36000000e+04 6.81623504e-20
1.37000000e+04 6.83753162e-20
1.38000000e+04 6.85865449e-20
1.39000000e+04 6.87960583e-20
1.40000000e+04 6.90038776e-20
1.41000000e+04 6.92100240e-20
1.42000000e+04 6.94145183e-20
1.43000000e+04 6.96173812e-20
1.44000000e+04 6.98186332e-20
1.45000000e+04 7.00182943e-20
1.46000000e+04 7.02163846e-20
1.47000000e+04 7.04129239e-20
1.48000000e+04 7.06079315e-20
1.49000000e+04 7.08014269e-20
1.50000000e+04 7.09934289e-20
1.51000000e+04 7.11839566e-20
1.52000000e+04 7.13730286e-20
1.53000000e+04 7.15606631e-20
1.54000000e+04 7.17468785e-20
1.55000000e+04 7.19316926e-20
1.56000000e+04 7.21151233e-20
1.57000000e+04 7.22971882e-20
1.58000000e+04 7.24779045e-20
1.59000000e+04 7.26572894e-20
1.60000000e+04 7.28353598e-20
1.61000000e+04 7.30121325e-20
1.62000000e+04 7.31876240e-20
1.63000000e+04 7.33618505e-20
1.64000000e+04 7.35348283e-20
1.65000000e+04 7.37065732e-20
1.66000000e+04 7.38771010e-20
1.67000000e+04 7.40464272e-20
1.68000000e+04 7.42145671e-20
1.69000000e+04 7.43815359e-20
1.70000000e+04 7.45473486e-20
1.71000000e+04 7.47120198e-20
1.72000000e+04 7.48755641e-20
1.73000000e+04 7.50379961e-20
1.74000000e+04 7.51993297e-20
1.75000000e+04 7.53595792e-20
1.76000000e+04 7.55187582e-20
1.77000000e+04 7.56768805e-20
1.78000000e+04 7.58339595e-20
1.79000000e+04 7.59900086e-20
1.80000000e+04 7.61450408e-20
1.81000000e+04 7.62990691e-20
1.82000000e+04 7.64521063e-20
1.83000000e+04 7.66041649e-20
1.84000000e+04 7.67552575e-20
1.85000000e+04 7.69053962e-20
1.86000000e+04 7.70545931e-20
1.87000000e+04 7.72028603e-20
1.88000000e+04 7.73502094e-20
1.89000000e+04 7.74966521e-20
1.90000000e+04 7.76421998e-20
1.91000000e+04 7.77868638e-20
1.92000000e+04 7.79306551e-20
1.93000000e+04 7.80735849e-20
1.94000000e+04 7.82156638e-20
1.95000000e+04 7.83569025e-20
1.96000000e+04 7.84973116e-20
1.97000000e+04 7.86369014e-20
1.98000000e+04 7.87756821e-20
1.99000000e+04 7.89136638e-20
2.00000000e+04 7.90508563e-20
2.01000000e+04 7.91872695e-20
2.02000000e+04 7.93229129e-20
2.03000000e+04 7.94577961e-20
2.04000000e+04 7.95919283e-20
2.05000000e+04 7.97253189e-20
2.06000000e+04 7.98579767e-20
2.07000000e+04 7.99899109e-20
2.08000000e+04 8.01211301e-20
2.09000000e+04 8.02516430e-20
2.10000000e+04 8.03814582e-20
2.11000000e+04 8.05105840e-20
2.12000000e+04 8.06390287e-20
2.13000000e+04 8.07668005e-20
2.14000000e+04 8.08939074e-20
2.15000000e+04 8.10203572e-20
2.16000000e+04 8.11461578e-20
2.17000000e+04 8.12713167e-20
2.18000000e+04 8.13958416e-20
2.19000000e+04 8.15197397e-20
2.20000000e+04 8.16430185e-20
2.21000000e+04 8.17656850e-20
2.22000000e+04 8.18877463e-20
2.23000000e+04 8.20092094e-20
2.24000000e+04 8.21300811e-20
2.25000000e+04 8.22503681e-20
2.26000000e+04 8.23700771e-20
2.27000000e+04 8.24892145e-20
2.28000000e+04 8.26077867e-20
2.29000000e+04 8.27258000e-20
2.30000000e+04 8.28432607e-20
2.31000000e+04 8.29601747e-20
2.32000000e+04 8.30765481e-20
2.33000000e+04 8.31923868e-20
2.34000000e+04 8.33076965e-20
2.35000000e+04 8.34224829e-20
2.36000000e+04 8.35367516e-20
2.37000000e+04 8.36505082e-20
2.38000000e+04 8.37637579e-20
2.39000000e+04 8.38765062e-20
2.40000000e+04 8.39887582e-20
2.41000000e+04 8.41005190e-20
2.42000000e+04 8.42117937e-20
2.43000000e+04 8.43225873e-20
2.44000000e+04 8.44329045e-20
2.45000000e+04 8.45427502e-20
2.46000000e+04 8.46521291e-20
2.47000000e+04 8.47610457e-20
2.48000000e+04 8.48695047e-20
2.49000000e+04 8.49775103e-20
2.50000000e+04 8.50850671e-20
2.51000000e+04 8.51921792e-20
2.52000000e+04 8.52988510e-20
2.53000000e+04 8.54050864e-20
2.54000000e+04 8.55108897e-20
2.55000000e+04 8.56162647e-20
2.56000000e+04 8.57212154e-20
2.57000000e+04 8.58257456e-20
2.58000000e+04 8.59298590e-20
2.59000000e+04 8.60335595e-20
2.60000000e+04 8.61368505e-20
2.61000000e+04 8.62397357e-20
2.62000000e+04 8.63422185e-20
2.63000000e+04 8.64443024e-20
2.64000000e+04 8.65459907e-20
2.65000000e+04 8.66472867e-20
2.66000000e+04 8.67481937e-20
2.67000000e+04 8.68487149e-20
2.68000000e+04 8.69488532e-20
2.69000000e+04 8.70486119e-20
2.70000000e+04 8.71479938e-20
2.71000000e+04 8.72470019e-20
2.72000000e+04 8.73456391e-20
2.73000000e+04 8.74439082e-20
2.74000000e+04 8.75418120e-20
2.75000000e+04 8.76393531e-20
2.76000000e+04 8.77365342e-20
2.77000000e+04 8.78333580e-20
2.78000000e+04 8.79298269e-20
2.79000000e+04 8.80259435e-20
2.80000000e+04 8.81217102e-20
2.81000000e+04 8.82171294e-20
2.82000000e+04 8.83122034e-20
2.83000000e+04 8.84069346e-20
2.84000000e+04 8.85013252e-20
2.85000000e+04 8.85953774e-20
2.86000000e+04 8.86890934e-20
2.87000000e+04 8.87824752e-20
2.88000000e+04 8.88755250e-20
2.89000000e+04 8.89682448e-20
2.90000000e+04 8.90606365e-20
2.91000000e+04 8.91527022e-20
2.92000000e+04 8.92444437e-20
2.93000000e+04 8.93358628e-20
2.94000000e+04 8.94269614e-20
2.95000000e+04 8.95177413e-20
2.96000000e+04 8.96082042e-20
2.97000000e+04 8.96983518e-20
2.98000000e+04 8.97881859e-20
2.99000000e+04 8.98777079e-20
3.00000000e+04 8.99669196e-20
3.01000000e+04 9.00558225e-20
3.02000000e+04 9.01444180e-20
3.03000000e+04 9.02327078e-20
3.04000000e+04 9.03206932e-20
3.05000000e+04 9.04083758e-20
3.06000000e+04 9.04957568e-20
3.07000000e+04 9.05828377e-20
3.08000000e+04 9.06696198e-20
3.09000000e+04 9.07561044e-20
3.10000000e+04 9.08422927e-20
3.11000000e+04 9.09281861e-20
3.12000000e+04 9.10137857e-20
3.13000000e+04 9.10990927e-20
3.14000000e+04 9.11841083e-20
3.15000000e+04 9.12688336e-20
3.16000000e+04 9.13532697e-20
3.17000000e+04 9.14374178e-20
3.18000000e+04 9.15212788e-20
3.19000000e+04 9.16048539e-20
3.20000000e+04 9.16881439e-20
3.21000000e+04 9.17711500e-20
3.22000000e+04 9.18538730e-20
3.23000000e+04 9.19363139e-20
3.24000000e+04 9.20184736e-20
3.25000000e+04 9.21003530e-20
3.26000000e+04 9.21819530e-20
3.27000000e+04 9.22632745e-20
3.28000000e+04 9.23443182e-20
3.29000000e+04 9.24250850e-20
3.30000000e+04 9.25055757e-20
3.31000000e+04 9.25857910e-20
3.32000000e+04 9.26657318e-20
3.33000000e+04 9.27453986e-20
3.34000000e+04 9.28247924e-20
3.35000000e+04 9.29039137e-20
3.36000000e+04 9.29827632e-20
3.37000000e+04 9.30613417e-20
3.38000000e+04 9.31396497e-20
3.39000000e+04 9.32176880e-20
3.40000000e+04 9.32954570e-20
3.41000000e+04 9.33729575e-20
3.42000000e+04 9.34501900e-20
3.43000000e+04 9.35271551e-20
3.44000000e+04 9.36038533e-20
3.45000000e+04 9.36802852e-20
3.46000000e+04 9.37564514e-20
3.47000000e+04 9.38323523e-20
3.48000000e+04 9.39079885e-20
3.49000000e+04 9.39833604e-20
3.50000000e+04 9.40584686e-20
3.51000000e+04 9.41333134e-20
3.52000000e+04 9.42078955e-20
3.53000000e+04 9.42822151e-20
3.54000000e+04 9.43562728e-20
3.55000000e+04 9.44300690e-20
3.56000000e+04 9.45036041e-20
3.57000000e+04 9.45768785e-20
3.58000000e+04 9.46498926e-20
3.59000000e+04 9.47226468e-20
3.60000000e+04 9.47951414e-20
3.61000000e+04 9.48673769e-20
3.62000000e+04 9.49393536e-20
3.63000000e+04 9.50110718e-20
3.64000000e+04 9.50825319e-20
3.65000000e+04 9.51537342e-20
3.66000000e+04 9.52246791e-20
3.67000000e+04 9.52953668e-20
3.68000000e+04 9.53657977e-20
3.69000000e+04 9.54359721e-20
3.70000000e+04 9.55058903e-20
3.71000000e+04 9.55755526e-20
3.72000000e+04 9.56449593e-20
3.73000000e+04 9.57141105e-20
3.74000000e+04 9.57830067e-20
3.75000000e+04 9.58516481e-20
3.76000000e+04 9.59200349e-20
3.77000000e+04 9.59881675e-20
3.78000000e+04 9.60560459e-20
3.79000000e+04 9.61236706e-20
3.80000000e+04 9.61910417e-20
3.81000000e+04 9.62581595e-20
3.82000000e+04 9.63250242e-20
3.83000000e+04 9.63916361e-20
3.84000000e+04 9.64579953e-20
3.85000000e+04 9.65241021e-20
3.86000000e+04 9.65899567e-20
3.87000000e+04 9.66555593e-20
3.88000000e+04 9.67209101e-20
3.89000000e+04 9.67860094e-20
3.90000000e+04 9.68508573e-20
3.91000000e+04 9.69154540e-20
3.92000000e+04 9.69797997e-20
3.93000000e+04 9.70438947e-20
3.94000000e+04 9.71077391e-20
3.95000000e+04 9.71713330e-20
3.96000000e+04 9.72346768e-20
3.97000000e+04 9.72977706e-20
3.98000000e+04 9.73606145e-20
3.99000000e+04 9.74232087e-20
4.00000000e+04 9.74855535e-20
4.01000000e+04 9.75476490e-20
4.02000000e+04 9.76094953e-20
4.03000000e+04 9.76710927e-20
4.04000000e+04 9.77324413e-20
4.05000000e+04 9.77935413e-20
4.06000000e+04 9.78543929e-20
4.07000000e+04 9.79149962e-20
4.08000000e+04 9.79753514e-20
4.09000000e+04 9.80354587e-20
4.10000000e+04 9.80953182e-20
4.11000000e+04 9.81549301e-20
4.12000000e+04 9.82142947e-20
4.13000000e+04 9.82734119e-20
4.14000000e+04 9.83322821e-20
4.15000000e+04 9.83909053e-20
4.16000000e+04 9.84492818e-20
4.17000000e+04 9.85074117e-20
4.18000000e+04 9.85652951e-20
4.19000000e+04 9.86229323e-20
4.20000000e+04 9.86803234e-20
4.21000000e+04 9.87374686e-20
4.22000000e+04 9.87943680e-20
4.23000000e+04 9.88510218e-20
4.24000000e+04 9.89074302e-20
4.25000000e+04 9.89635933e-20
4.26000000e+04 9.90195113e-20
4.27000000e+04 9.90751844e-20
4.28000000e+04 9.91306128e-20
4.29000000e+04 9.91857966e-20
4.30000000e+04 9.92407360e-20
4.31000000e+04 9.92954312e-20
4.32000000e+04 9.93498823e-20
4.33000000e+04 9.94040895e-20
4.34000000e+04 9.94580530e-20
4.35000000e+04 9.95117730e-20
4.36000000e+04 9.95652496e-20
4.37000000e+04 9.96184831e-20
4.38000000e+04 9.96714736e-20
4.39000000e+04 9.97242212e-20
4.40000000e+04 9.97767263e-20
4.41000000e+04 9.98289889e-20
4.42000000e+04 9.98810093e-20
4.43000000e+04 9.99327876e-20
4.44000000e+04 9.99843240e-20
4.45000000e+04 1.00035619e-19
4.46000000e+04 1.00086672e-19
4.47000000e+04 1.00137484e-19
4.48000000e+04 1.00188055e-19
4.49000000e+04 1.00238385e-19
4.50000000e+04 1.00288474e-19
4.51000000e+04 1.00338323e-19
4.52000000e+04 1.00387932e-19
4.53000000e+04 1.00437300e-19
4.54000000e+04 1.00486429e-19
4.55000000e+04 1.00535318e-19
4.56000000e+04 1.00583967e-19
4.57000000e+04 1.00632377e-19
4.58000000e+04 1.00680548e-19
4.59000000e+04 1.00728481e-19
4.60000000e+04 1.00776175e-19
4.61000000e+04 1.00823630e-19
4.62000000e+04 1.00870847e-19
4.63000000e+04 1.00917827e-19
4.64000000e+04 1.00964568e-19
4.65000000e+04 1.01011073e-19
4.66000000e+04 1.01057340e-19
4.67000000e+04 1.01103370e-19
4.68000000e+04 1.01149163e-19
4.69000000e+04 1.01194720e-19
4.70000000e+04 1.01240040e-19
4.71000000e+04 1.01285125e-19
4.72000000e+04 1.01329973e-19
4.73000000e+04 1.01374586e-19
4.74000000e+04 1.01418964e-19
4.75000000e+04 1.01463107e-19
4.76000000e+04 1.01507015e-19
4.77000000e+04 1.01550688e-19
4.78000000e+04 1.01594128e-19
4.79000000e+04 1.01637333e-19
4.80000000e+04 1.01680304e-19
4.81000000e+04 1.01723042e-19
4.82000000e+04 1.01765547e-19
4.83000000e+04 1.01807819e-19
4.84000000e+04 1.01849858e-19
4.85000000e+04 1.01891665e-19
4.86000000e+04 1.01933239e-19
4.87000000e+04 1.01974582e-19
4.88000000e+04 1.02015693e-19
4.89000000e+04 1.02056573e-19
4.90000000e+04 1.02097222e-19
4.91000000e+04 1.02137640e-19
4.92000000e+04 1.02177828e-19
4.93000000e+04 1.02217786e-19
4.94000000e+04 1.02257513e-19
4.95000000e+04 1.02297012e-19
4.96000000e+04 1.02336281e-19
4.97000000e+04 1.02375321e-19
4.98000000e+04 1.02414133e-19
4.99000000e+04 1.02452716e-19
5.00000000e+04 1.02491071e-19
5.01000000e+04 1.02529199e-19
5.02000000e+04 1.02567099e-19
5.03000000e+04 1.02604772e-19
5.04000000e+04 1.02642218e-19
5.05000000e+04 1.02679438e-19
5.06000000e+04 1.02716432e-19
5.07000000e+04 1.02753200e-19
5.08000000e+04 1.02789742e-19
5.09000000e+04 1.02826060e-19
5.10000000e+04 1.02862152e-19
5.11000000e+04 1.02898020e-19
5.12000000e+04 1.02933664e-19
5.13000000e+04 1.02969084e-19
5.14000000e+04 1.03004281e-19
5.15000000e+04 1.03039255e-19
5.16000000e+04 1.03074005e-19
5.17000000e+04 1.03108534e-19
5.18000000e+04 1.03142840e-19
5.19000000e+04 1.03176924e-19
5.20000000e+04 1.03210788e-19
5.21000000e+04 1.03244430e-19
5.22000000e+04 1.03277851e-19
5.23000000e+04 1.03311052e-19
5.24000000e+04 1.03344033e-19
5.25000000e+04 1.03376795e-19
5.26000000e+04 1.03409337e-19
5.27000000e+04 1.03441661e-19
5.28000000e+04 1.03473765e-19
5.29000000e+04 1.03505652e-19
5.30000000e+04 1.03537321e-19
5.31000000e+04 1.03568773e-19
5.32000000e+04 1.03600007e-19
5.33000000e+04 1.03631025e-19
5.34000000e+04 1.03661827e-19
5.35000000e+04 1.03692413e-19
5.36000000e+04 1.03722783e-19
5.37000000e+04 1.03752938e-19
5.38000000e+04 1.03782879e-19
5.39000000e+04 1.03812605e-19
5.40000000e+04 1.03842117e-19
5.41000000e+04 1.03871415e-19
5.42000000e+04 1.03900501e-19
5.43000000e+04 1.03929373e-19
5.44000000e+04 1.03958033e-19
5.45000000e+04 1.03986482e-19
5.46000000e+04 1.04014718e-19
5.47000000e+04 1.04042744e-19
5.48000000e+04 1.04070558e-19
5.49000000e+04 1.04098163e-19
5.50000000e+04 1.04125557e-19
5.51000000e+04 1.04152742e-19
5.52000000e+04 1.04179717e-19
5.53000000e+04 1.04206484e-19
5.54000000e+04 1.04233042e-19
5.55000000e+04 1.04259393e-19
5.56000000e+04 1.04285536e-19
5.57000000e+04 1.04311472e-19
5.58000000e+04 1.04337201e-19
5.59000000e+04 1.04362724e-19
5.60000000e+04 1.04388041e-19
5.61000000e+04 1.04413153e-19
5.62000000e+04 1.04438059e-19
5.63000000e+04 1.04462762e-19
5.64000000e+04 1.04487260e-19
5.65000000e+04 1.04511554e-19
5.66000000e+04 1.04535645e-19
5.67000000e+04 1.04559533e-19
5.68000000e+04 1.04583219e-19
5.69000000e+04 1.04606702e-19
5.70000000e+04 1.04629984e-19
5.71000000e+04 1.04653065e-19
5.72000000e+04 1.04675946e-19
5.73000000e+04 1.04698626e-19
5.74000000e+04 1.04721106e-19
5.75000000e+04 1.04743387e-19
5.76000000e+04 1.04765469e-19
5.77000000e+04 1.04787352e-19
5.78000000e+04 1.04809037e-19
5.79000000e+04 1.04830525e-19
5.80000000e+04 1.04851816e-19
5.81000000e+04 1.04872910e-19
5.82000000e+04 1.04893807e-19
5.83000000e+04 1.04914509e-19
5.84000000e+04 1.04935015e-19
5.85000000e+04 1.04955327e-19
5.86000000e+04 1.04975444e-19
5.87000000e+04 1.04995367e-19
5.88000000e+04 1.05015096e-19
5.89000000e+04 1.05034632e-19
5.90000000e+04 1.05053976e-19
5.91000000e+04 1.05073127e-19
5.92000000e+04 1.05092087e-19
5.93000000e+04 1.05110855e-19
5.94000000e+04 1.05129433e-19
5.95000000e+04 1.05147820e-19
5.96000000e+04 1.05166017e-19
5.97000000e+04 1.05184025e-19
5.98000000e+04 1.05201843e-19
5.99000000e+04 1.05219474e-19
6.00000000e+04 1.05236916e-19
6.01000000e+04 1.05254170e-19
6.02000000e+04 1.05271238e-19
6.03000000e+04 1.05288118e-19
6.04000000e+04 1.05304813e-19
6.05000000e+04 1.05321322e-19
6.06000000e+04 1.05337645e-19
6.07000000e+04 1.05353784e-19
6.08000000e+04 1.05369738e-19
6.09000000e+04 1.05385508e-19
6.10000000e+04 1.05401095e-19
6.11000000e+04 1.05416499e-19
6.12000000e+04 1.05431721e-19
6.13000000e+04 1.05446760e-19
6.14000000e+04 1.05461618e-19
6.15000000e+04 1.05476295e-19
6.16000000e+04 1.05490792e-19
6.17000000e+04 1.05505108e-19
6.18000000e+04 1.05519244e-19
6.19000000e+04 1.05533202e-19
6.20000000e+04 1.05546981e-19
6.21000000e+04 1.05560581e-19
6.22000000e+04 1.05574004e-19
6.23000000e+04 1.05587249e-19
6.24000000e+04 1.05600318e-19
6.25000000e+04 1.05613210e-19
6.26000000e+04 1.05625927e-19
6.27000000e+04 1.05638468e-19
6.28000000e+04 1.05650834e-19
6.29000000e+04 1.05663026e-19
6.30000000e+04 1.05675044e-19
6.31000000e+04 1.05686888e-19
6.32000000e+04 1.05698559e-19
6.33000000e+04 1.05710058e-19
6.34000000e+04 1.05721385e-19
6.35000000e+04 1.05732540e-19
6.36000000e+04 1.05743525e-19
6.37000000e+04 1.05754338e-19
6.38000000e+04 1.05764982e-19
6.39000000e+04 1.05775455e-19
6.40000000e+04 1.05785760e-19
6.41000000e+04 1.05795896e-19
6.42000000e+04 1.05805864e-19
6.43000000e+04 1.05815664e-19
6.44000000e+04 1.05825297e-19
6.45000000e+04 1.05834763e-19
6.46000000e+04 1.05844062e-19
6.47000000e+04 1.05853196e-19
6.48000000e+04 1.05862165e-19
6.49000000e+04 1.05870968e-19
6.50000000e+04 1.05879608e-19
6.51000000e+04 1.05888083e-19
6.52000000e+04 1.05896395e-19
6.53000000e+04 1.05904544e-19
6.54000000e+04 1.05912531e-19
6.55000000e+04 1.05920355e-19
6.56000000e+04 1.05928018e-19
6.57000000e+04 1.05935520e-19
6.58000000e+04 1.05942862e-19
6.59000000e+04 1.05950044e-19
6.60000000e+04 1.05957065e-19
6.61000000e+04 1.05963928e-19
6.62000000e+04 1.05970632e-19
6.63000000e+04 1.05977178e-19
6.64000000e+04 1.05983567e-19
6.65000000e+04 1.05989798e-19
6.66000000e+04 1.05995872e-19
6.67000000e+04 1.06001790e-19
6.68000000e+04 1.06007553e-19
6.69000000e+04 1.06013160e-19
6.70000000e+04 1.06018612e-19
6.71000000e+04 1.06023910e-19
6.72000000e+04 1.06029054e-19
6.73000000e+04 1.06034045e-19
6.74000000e+04 1.06038882e-19
6.75000000e+04 1.06043568e-19
6.76000000e+04 1.06048101e-19
6.77000000e+04 1.06052483e-19
6.78000000e+04 1.06056714e-19
6.79000000e+04 1.06060794e-19
6.80000000e+04 1.06064725e-19
6.81000000e+04 1.06068505e-19
6.82000000e+04 1.06072137e-19
6.83000000e+04 1.06075620e-19
6.84000000e+04 1.06078955e-19
6.85000000e+04 1.06082142e-19
6.86000000e+04 1.06085182e-19
6.87000000e+04 1.06088075e-19
6.88000000e+04 1.06090821e-19
6.89000000e+04 1.06093422e-19
6.90000000e+04 1.06095878e-19
6.91000000e+04 1.06098189e-19
6.92000000e+04 1.06100355e-19
6.93000000e+04 1.06102378e-19
6.94000000e+04 1.06104257e-19
6.95000000e+04 1.06105993e-19
6.96000000e+04 1.06107586e-19
6.97000000e+04 1.06109037e-19
6.98000000e+04 1.06110347e-19
6.99000000e+04 1.06111516e-19
7.00000000e+04 1.06112544e-19
7.01000000e+04 1.06113432e-19
7.02000000e+04 1.06114180e-19
7.03000000e+04 1.06114788e-19
7.04000000e+04 1.06115258e-19
7.05000000e+04 1.06115590e-19
7.06000000e+04 1.06115784e-19
7.07000000e+04 1.06115840e-19
7.08000000e+04 1.06115759e-19
7.09000000e+04 1.06115542e-19
7.10000000e+04 1.06115189e-19
7.11000000e+04 1.06114700e-19
7.12000000e+04 1.06114076e-19
7.13000000e+04 1.06113317e-19
7.14000000e+04 1.06112425e-19
7.15000000e+04 1.06111398e-19
7.16000000e+04 1.06110238e-19
7.17000000e+04 1.06108946e-19
7.18000000e+04 1.06107520e-19
7.19000000e+04 1.06105963e-19
7.20000000e+04 1.06104275e-19
7.21000000e+04 1.06102455e-19
7.22000000e+04 1.06100505e-19
7.23000000e+04 1.06098425e-19
7.24000000e+04 1.06096215e-19
7.25000000e+04 1.06093876e-19
7.26000000e+04 1.06091408e-19
7.27000000e+04 1.06088812e-19
7.28000000e+04 1.06086088e-19
7.29000000e+04 1.06083237e-19
7.30000000e+04 1.06080258e-19
7.31000000e+04 1.06077153e-19
7.32000000e+04 1.06073922e-19
7.33000000e+04 1.06070565e-19
7.34000000e+04 1.06067083e-19
7.35000000e+04 1.06063477e-19
7.36000000e+04 1.06059746e-19
7.37000000e+04 1.06055891e-19
7.38000000e+04 1.06051913e-19
7.39000000e+04 1.06047812e-19
7.40000000e+04 1.06043588e-19
7.41000000e+04 1.06039242e-19
7.42000000e+04 1.06034774e-19
7.43000000e+04 1.06030186e-19
7.44000000e+04 1.06025476e-19
7.45000000e+04 1.06020646e-19
7.46000000e+04 1.06015696e-19
7.47000000e+04 1.06010627e-19
7.48000000e+04 1.06005439e-19
7.49000000e+04 1.06000132e-19
7.50000000e+04 1.05994707e-19
7.51000000e+04 1.05989164e-19
7.52000000e+04 1.05983504e-19
7.53000000e+04 1.05977726e-19
7.54000000e+04 1.05971833e-19
7.55000000e+04 1.05965823e-19
7.56000000e+04 1.05959698e-19
7.57000000e+04 1.05953458e-19
7.58000000e+04 1.05947102e-19
7.59000000e+04 1.05940633e-19
7.60000000e+04 1.05934049e-19
7.61000000e+04 1.05927353e-19
7.62000000e+04 1.05920543e-19
7.63000000e+04 1.05913620e-19
7.64000000e+04 1.05906585e-19
7.65000000e+04 1.05899439e-19
7.66000000e+04 1.05892181e-19
7.67000000e+04 1.05884812e-19
7.68000000e+04 1.05877332e-19
7.69000000e+04 1.05869742e-19
7.70000000e+04 1.05862043e-19
7.71000000e+04 1.05854234e-19
7.72000000e+04 1.05846317e-19
7.73000000e+04 1.05838291e-19
7.74000000e+04 1.05830157e-19
7.75000000e+04 1.05821915e-19
7.76000000e+04 1.05813566e-19
7.77000000e+04 1.05805110e-19
7.78000000e+04 1.05796548e-19
7.79000000e+04 1.05787880e-19
7.80000000e+04 1.05779106e-19
7.81000000e+04 1.05770227e-19
7.82000000e+04 1.05761243e-19
7.83000000e+04 1.05752155e-19
7.84000000e+04 1.05742963e-19
7.85000000e+04 1.05733667e-19
7.86000000e+04 1.05724268e-19
7.87000000e+04 1.05714766e-19
7.88000000e+04 1.05705162e-19
7.89000000e+04 1.05695456e-19
7.90000000e+04 1.05685649e-19
7.91000000e+04 1.05675740e-19
7.92000000e+04 1.05665730e-19
7.93000000e+04 1.05655620e-19
7.94000000e+04 1.05645410e-19
7.95000000e+04 1.05635100e-19
7.96000000e+04 1.05624691e-19
7.97000000e+04 1.05614184e-19
7.98000000e+04 1.05603577e-19
7.99000000e+04 1.05592873e-19
8.00000000e+04 1.05582071e-19
8.01000000e+04 1.05571172e-19
8.02000000e+04 1.05560176e-19
8.03000000e+04 1.05549084e-19
8.04000000e+04 1.05537895e-19
8.05000000e+04 1.05526611e-19
8.06000000e+04 1.05515231e-19
8.07000000e+04 1.05503756e-19
8.08000000e+04 1.05492187e-19
8.09000000e+04 1.05480524e-19
8.10000000e+04 1.05468766e-19
8.11000000e+04 1.05456916e-19
8.12000000e+04 1.05444972e-19
8.13000000e+04 1.05432935e-19
8.14000000e+04 1.05420807e-19
8.15000000e+04 1.05408586e-19
8.16000000e+04 1.05396274e-19
8.17000000e+04 1.05383870e-19
8.18000000e+04 1.05371376e-19
8.19000000e+04 1.05358791e-19
8.20000000e+04 1.05346116e-19
8.21000000e+04 1.05333352e-19
8.22000000e+04 1.05320498e-19
8.23000000e+04 1.05307555e-19
8.24000000e+04 1.05294523e-19
8.25000000e+04 1.05281404e-19
8.26000000e+04 1.05268196e-19
8.27000000e+04 1.05254901e-19
8.28000000e+04 1.05241519e-19
8.29000000e+04 1.05228050e-19
8.30000000e+04 1.05214494e-19
8.31000000e+04 1.05200853e-19
8.32000000e+04 1.05187125e-19
8.33000000e+04 1.05173313e-19
8.34000000e+04 1.05159415e-19
8.35000000e+04 1.05145433e-19
8.36000000e+04 1.05131366e-19
8.37000000e+04 1.05117216e-19
8.38000000e+04 1.05102982e-19
8.39000000e+04 1.05088664e-19
8.40000000e+04 1.05074264e-19
8.41000000e+04 1.05059781e-19
8.42000000e+04 1.05045216e-19
8.43000000e+04 1.05030570e-19
8.44000000e+04 1.05015842e-19
8.45000000e+04 1.05001032e-19
8.46000000e+04 1.04986142e-19
8.47000000e+04 1.04971171e-19
8.48000000e+04 1.04956121e-19
8.49000000e+04 1.04940990e-19
8.50000000e+04 1.04925780e-19
8.51000000e+04 1.04910491e-19
8.52000000e+04 1.04895123e-19
8.53000000e+04 1.04879677e-19
8.54000000e+04 1.04864153e-19
8.55000000e+04 1.04848551e-19
8.56000000e+04 1.04832872e-19
8.57000000e+04 1.04817115e-19
8.58000000e+04 1.04801282e-19
8.59000000e+04 1.04785373e-19
8.60000000e+04 1.04769387e-19
8.61000000e+04 1.04753326e-19
8.62000000e+04 1.04737189e-19
8.63000000e+04 1.04720977e-19
8.64000000e+04 1.04704691e-19
8.65000000e+04 1.04688330e-19
8.66000000e+04 1.04671895e-19
8.67000000e+04 1.04655386e-19
8.68000000e+04 1.04638804e-19
8.69000000e+04 1.04622149e-19
8.70000000e+04 1.04605420e-19
8.71000000e+04 1.04588620e-19
8.72000000e+04 1.04571747e-19
8.73000000e+04 1.04554802e-19
8.74000000e+04 1.04537786e-19
8.75000000e+04 1.04520699e-19
8.76000000e+04 1.04503541e-19
8.77000000e+04 1.04486312e-19
8.78000000e+04 1.04469013e-19
8.79000000e+04 1.04451644e-19
8.80000000e+04 1.04434206e-19
8.81000000e+04 1.04416698e-19
8.82000000e+04 1.04399121e-19
8.83000000e+04 1.04381475e-19
8.84000000e+04 1.04363761e-19
8.85000000e+04 1.04345979e-19
8.86000000e+04 1.04328130e-19
8.87000000e+04 1.04310212e-19
8.88000000e+04 1.04292228e-19
8.89000000e+04 1.04274177e-19
8.90000000e+04 1.04256059e-19
8.91000000e+04 1.04237875e-19
8.92000000e+04 1.04219625e-19
8.93000000e+04 1.04201310e-19
8.94000000e+04 1.04182929e-19
8.95000000e+04 1.04164483e-19
8.96000000e+04 1.04145972e-19
8.97000000e+04 1.04127397e-19
8.98000000e+04 1.04108758e-19
8.99000000e+04 1.04090055e-19
9.00000000e+04 1.04071288e-19
9.01000000e+04 1.04052458e-19
9.02000000e+04 1.04033565e-19
9.03000000e+04 1.04014609e-19
9.04000000e+04 1.03995592e-19
9.05000000e+04 1.03976511e-19
9.06000000e+04 1.03957370e-19
9.07000000e+04 1.03938166e-19
9.08000000e+04 1.03918902e-19
9.09000000e+04 1.03899576e-19
9.10000000e+04 1.03880190e-19
9.11000000e+04 1.03860743e-19
9.12000000e+04 1.03841237e-19
9.13000000e+04 1.03821670e-19
9.14000000e+04 1.03802044e-19
9.15000000e+04 1.03782359e-19
9.16000000e+04 1.03762615e-19
9.17000000e+04 1.03742812e-19
9.18000000e+04 1.03722951e-19
9.19000000e+04 1.03703031e-19
9.20000000e+04 1.03683054e-19
9.21000000e+04 1.03663019e-19
9.22000000e+04 1.03642927e-19
9.23000000e+04 1.03622778e-19
9.24000000e+04 1.03602572e-19
9.25000000e+04 1.03582310e-19
9.26000000e+04 1.03561991e-19
9.27000000e+04 1.03541617e-19
9.28000000e+04 1.03521186e-19
9.29000000e+04 1.03500701e-19
9.30000000e+04 1.03480160e-19
9.31000000e+04 1.03459564e-19
9.32000000e+04 1.03438914e-19
9.33000000e+04 1.03418210e-19
9.34000000e+04 1.03397451e-19
9.35000000e+04 1.03376639e-19
9.36000000e+04 1.03355773e-19
9.37000000e+04 1.03334853e-19
9.38000000e+04 1.03313881e-19
9.39000000e+04 1.03292856e-19
9.40000000e+04 1.03271779e-19
9.41000000e+04 1.03250649e-19
9.42000000e+04 1.03229467e-19
9.43000000e+04 1.03208234e-19
9.44000000e+04 1.03186949e-19
9.45000000e+04 1.03165613e-19
9.46000000e+04 1.03144225e-19
9.47000000e+04 1.03122788e-19
9.48000000e+04 1.03101299e-19
9.49000000e+04 1.03079761e-19
9.50000000e+04 1.03058172e-19
9.51000000e+04 1.03036534e-19
9.52000000e+04 1.03014847e-19
9.53000000e+04 1.02993110e-19
9.54000000e+04 1.02971324e-19
9.55000000e+04 1.02949489e-19
9.56000000e+04 1.02927606e-19
9.57000000e+04 1.02905675e-19
9.58000000e+04 1.02883696e-19
9.59000000e+04 1.02861669e-19
9.60000000e+04 1.02839595e-19
9.61000000e+04 1.02817473e-19
9.62000000e+04 1.02795305e-19
9.63000000e+04 1.02773089e-19
9.64000000e+04 1.02750827e-19
9.65000000e+04 1.02728519e-19
9.66000000e+04 1.02706165e-19
9.67000000e+04 1.02683765e-19
9.68000000e+04 1.02661319e-19
9.69000000e+04 1.02638828e-19
9.70000000e+04 1.02616292e-19
9.71000000e+04 1.02593711e-19
9.72000000e+04 1.02571085e-19
9.73000000e+04 1.02548415e-19
9.74000000e+04 1.02525701e-19
9.75000000e+04 1.02502942e-19
9.76000000e+04 1.02480140e-19
9.77000000e+04 1.02457295e-19
9.78000000e+04 1.02434406e-19
9.79000000e+04 1.02411475e-19
9.80000000e+04 1.02388500e-19
9.81000000e+04 1.02365483e-19
9.82000000e+04 1.02342423e-19
9.83000000e+04 1.02319322e-19
9.84000000e+04 1.02296178e-19
9.85000000e+04 1.02272993e-19
9.86000000e+04 1.02249766e-19
9.87000000e+04 1.02226498e-19
9.88000000e+04 1.02203189e-19
9.89000000e+04 1.02179840e-19
9.90000000e+04 1.02156449e-19
9.91000000e+04 1.02133019e-19
9.92000000e+04 1.02109548e-19
9.93000000e+04 1.02086037e-19
9.94000000e+04 1.02062486e-19
9.95000000e+04 1.02038896e-19
9.96000000e+04 1.02015267e-19
9.97000000e+04 1.01991599e-19
9.98000000e+04 1.01967891e-19
9.99000000e+04 1.01944145e-19
1.00000000e+05 1.01920361e-19
1.00100000e+05 1.01896538e-19
1.00200000e+05 1.01872678e-19
1.00300000e+05 1.01848779e-19
1.00400000e+05 1.01824843e-19
1.00500000e+05 1.01800870e-19
1.00600000e+05 1.01776859e-19
1.00700000e+05 1.01752812e-19
1.00800000e+05 1.01728727e-19
1.00900000e+05 1.01704606e-19
1.01000000e+05 1.01680449e-19
1.01100000e+05 1.01656256e-19
1.01200000e+05 1.01632026e-19
1.01300000e+05 1.01607761e-19
1.01400000e+05 1.01583460e-19
1.01500000e+05 1.01559124e-19
1.01600000e+05 1.01534753e-19
1.01700000e+05 1.01510346e-19
1.01800000e+05 1.01485905e-19
1.01900000e+05 1.01461430e-19
1.02000000e+05 1.01436920e-19
1.02100000e+05 1.01412376e-19
1.02200000e+05 1.01387798e-19
1.02300000e+05 1.01363186e-19
1.02400000e+05 1.01338540e-19
1.02500000e+05 1.01313861e-19
1.02600000e+05 1.01289149e-19
1.02700000e+05 1.01264404e-19
1.02800000e+05 1.01239626e-19
1.02900000e+05 1.01214816e-19
1.03000000e+05 1.01189973e-19
1.03100000e+05 1.01165097e-19
1.03200000e+05 1.01140190e-19
1.03300000e+05 1.01115251e-19
1.03400000e+05 1.01090280e-19
1.03500000e+05 1.01065278e-19
1.03600000e+05 1.01040244e-19
1.03700000e+05 1.01015179e-19
1.03800000e+05 1.00990083e-19
1.03900000e+05 1.00964957e-19
1.04000000e+05 1.00939800e-19
1.04100000e+05 1.00914612e-19
1.04200000e+05 1.00889394e-19
1.04300000e+05 1.00864147e-19
1.04400000e+05 1.00838869e-19
1.04500000e+05 1.00813562e-19
1.04600000e+05 1.00788225e-19
1.04700000e+05 1.00762859e-19
1.04800000e+05 1.00737464e-19
1.04900000e+05 1.00712039e-19
1.05000000e+05 1.00686586e-19
1.05100000e+05 1.00661105e-19
1.05200000e+05 1.00635595e-19
1.05300000e+05 1.00610056e-19
1.05400000e+05 1.00584490e-19
1.05500000e+05 1.00558896e-19
1.05600000e+05 1.00533274e-19
1.05700000e+05 1.00507624e-19
1.05800000e+05 1.00481947e-19
1.05900000e+05 1.00456243e-19
1.06000000e+05 1.00430511e-19
1.06100000e+05 1.00404753e-19
1.06200000e+05 1.00378968e-19
1.06300000e+05 1.00353157e-19
1.06400000e+05 1.00327319e-19
1.06500000e+05 1.00301455e-19
1.06600000e+05 1.00275565e-19
1.06700000e+05 1.00249649e-19
1.06800000e+05 1.00223707e-19
1.06900000e+05 1.00197739e-19
1.07000000e+05 1.00171747e-19
1.07100000e+05 1.00145729e-19
1.07200000e+05 1.00119686e-19
1.07300000e+05 1.00093618e-19
1.07400000e+05 1.00067525e-19
1.07500000e+05 1.00041408e-19
1.07600000e+05 1.00015266e-19
1.07700000e+05 9.99891005e-20
1.07800000e+05 9.99629105e-20
1.07900000e+05 9.99366965e-20
1.08000000e+05 9.99104587e-20
1.08100000e+05 9.98841973e-20
1.08200000e+05 9.98579125e-20
1.08300000e+05 9.98316043e-20
1.08400000e+05 9.98052729e-20
1.08500000e+05 9.97789186e-20
1.08600000e+05 9.97525413e-20
1.08700000e+05 9.97261414e-20
1.08800000e+05 9.96997189e-20
1.08900000e+05 9.96732741e-20
1.09000000e+05 9.96468070e-20
1.09100000e+05 9.96203178e-20
1.09200000e+05 9.95938066e-20
1.09300000e+05 9.95672737e-20
1.09400000e+05 9.95407191e-20
1.09500000e+05 9.95141430e-20
1.09600000e+05 9.94875456e-20
1.09700000e+05 9.94609270e-20
1.09800000e+05 9.94342873e-20
1.09900000e+05 9.94076267e-20
1.10000000e+05 9.93809454e-20
1.10100000e+05 9.93542435e-20
1.10200000e+05 9.93275211e-20
1.10300000e+05 9.93007783e-20
1.10400000e+05 9.92740154e-20
1.10500000e+05 9.92472325e-20
1.10600000e+05 9.92204297e-20
1.10700000e+05 9.91936071e-20
1.10800000e+05 9.91667649e-20
1.10900000e+05 9.91399032e-20
1.11000000e+05 9.91130222e-20
1.11100000e+05 9.90861221e-20
1.11200000e+05 9.90592029e-20
1.11300000e+05 9.90322647e-20
1.11400000e+05 9.90053079e-20
1.11500000e+05 9.89783323e-20
1.11600000e+05 9.89513383e-20
1.11700000e+05 9.89243260e-20
1.11800000e+05 9.88972954e-20
1.11900000e+05 9.88702467e-20
1.12000000e+05 9.88431801e-20
1.12100000e+05 9.88160957e-20
1.12200000e+05 9.87889935e-20
1.12300000e+05 9.87618739e-20
1.12400000e+05 9.87347368e-20
1.12500000e+05 9.87075825e-20
1.12600000e+05 9.86804110e-20
1.12700000e+05 9.86532225e-20
1.12800000e+05 9.86260171e-20
1.12900000e+05 9.85987949e-20
1.13000000e+05 9.85715562e-20
1.13100000e+05 9.85443009e-20
1.13200000e+05 9.85170293e-20
1.13300000e+05 9.84897414e-20
1.13400000e+05 9.84624374e-20
1.13500000e+05 9.84351175e-20
1.13600000e+05 9.84077817e-20
1.13700000e+05 9.83804301e-20
1.13800000e+05 9.83530630e-20
1.13900000e+05 9.83256804e-20
1.14000000e+05 9.82982825e-20
1.14100000e+05 9.82708693e-20
1.14200000e+05 9.82434410e-20
1.14300000e+05 9.82159978e-20
1.14400000e+05 9.81885396e-20
1.14500000e+05 9.81610668e-20
1.14600000e+05 9.81335794e-20
1.14700000e+05 9.81060774e-20
1.14800000e+05 9.80785611e-20
1.14900000e+05 9.80510306e-20
1.15000000e+05 9.80234859e-20
1.15100000e+05 9.79959273e-20
1.15200000e+05 9.79683547e-20
1.15300000e+05 9.79407684e-20
1.15400000e+05 9.79131685e-20
1.15500000e+05 9.78855550e-20
1.15600000e+05 9.78579281e-20
1.15700000e+05 9.78302879e-20
1.15800000e+05 9.78026345e-20
1.15900000e+05 9.77749681e-20
1.16000000e+05 9.77472887e-20
1.16100000e+05 9.77195965e-20
1.16200000e+05 9.76918916e-20
1.16300000e+05 9.76641740e-20
1.16400000e+05 9.76364440e-20
1.16500000e+05 9.76087016e-20
1.16600000e+05 9.75809470e-20
1.16700000e+05 9.75531802e-20
1.16800000e+05 9.75254013e-20
1.16900000e+05 9.74976106e-20
1.17000000e+05 9.74698080e-20
1.17100000e+05 9.74419937e-20
1.17200000e+05 9.74141679e-20
1.17300000e+05 9.73863305e-20
1.17400000e+05 9.73584818e-20
1.17500000e+05 9.73306218e-20
1.17600000e+05 9.73027507e-20
1.17700000e+05 9.72748685e-20
1.17800000e+05 9.72469753e-20
1.17900000e+05 9.72190714e-20
1.18000000e+05 9.71911567e-20
1.18100000e+05 9.71632314e-20
1.18200000e+05 9.71352956e-20
1.18300000e+05 9.71073493e-20
1.18400000e+05 9.70793928e-20
1.18500000e+05 9.70514261e-20
1.18600000e+05 9.70234492e-20
1.18700000e+05 9.69954624e-20
1.18800000e+05 9.69674657e-20
1.18900000e+05 9.69394592e-20
1.19000000e+05 9.69114431e-20
1.19100000e+05 9.68834173e-20
1.19200000e+05 9.68553821e-20
1.19300000e+05 9.68273375e-20
1.19400000e+05 9.67992836e-20
1.19500000e+05 9.67712206e-20
1.19600000e+05 9.67431484e-20
1.19700000e+05 9.67150673e-20
1.19800000e+05 9.66869774e-20
1.19900000e+05 9.66588786e-20
1.20000000e+05 9.66307712e-20
1.20100000e+05 9.66026552e-20
1.20200000e+05 9.65745307e-20
1.20300000e+05 9.65463978e-20
1.20400000e+05 9.65182566e-20
1.20500000e+05 9.64901073e-20
1.20600000e+05 9.64619498e-20
1.20700000e+05 9.64337844e-20
1.20800000e+05 9.64056110e-20
1.20900000e+05 9.63774299e-20
1.21000000e+05 9.63492410e-20
1.21100000e+05 9.63210445e-20
1.21200000e+05 9.62928405e-20
1.21300000e+05 9.62646290e-20
1.21400000e+05 9.62364102e-20
1.21500000e+05 9.62081842e-20
1.21600000e+05 9.61799510e-20
1.21700000e+05 9.61517107e-20
1.21800000e+05 9.61234635e-20
1.21900000e+05 9.60952093e-20
1.22000000e+05 9.60669484e-20
1.22100000e+05 9.60386808e-20
1.22200000e+05 9.60104066e-20
1.22300000e+05 9.59821259e-20
1.22400000e+05 9.59538387e-20
1.22500000e+05 9.59255452e-20
1.22600000e+05 9.58972454e-20
1.22700000e+05 9.58689395e-20
1.22800000e+05 9.58406275e-20
1.22900000e+05 9.58123095e-20
1.23000000e+05 9.57839856e-20
1.23100000e+05 9.57556559e-20
1.23200000e+05 9.57273205e-20
1.23300000e+05 9.56989794e-20
1.23400000e+05 9.56706327e-20
1.23500000e+05 9.56422806e-20
1.23600000e+05 9.56139231e-20
1.23700000e+05 9.55855603e-20
1.23800000e+05 9.55571923e-20
1.23900000e+05 9.55288191e-20
1.24000000e+05 9.55004409e-20
1.24100000e+05 9.54720577e-20
1.24200000e+05 9.54436697e-20
1.24300000e+05 9.54152768e-20
1.24400000e+05 9.53868792e-20
1.24500000e+05 9.53584770e-20
1.24600000e+05 9.53300702e-20
1.24700000e+05 9.53016589e-20
1.24800000e+05 9.52732433e-20
1.24900000e+05 9.52448233e-20
1.25000000e+05 9.52163991e-20
1.25100000e+05 9.51879707e-20
1.25200000e+05 9.51595383e-20
1.25300000e+05 9.51311019e-20
1.25400000e+05 9.51026615e-20
1.25500000e+05 9.50742173e-20
1.25600000e+05 9.50457694e-20
1.25700000e+05 9.50173177e-20
1.25800000e+05 9.49888625e-20
1.25900000e+05 9.49604037e-20
1.26000000e+05 9.49319415e-20
1.26100000e+05 9.49034759e-20
1.26200000e+05 9.48750070e-20
1.26300000e+05 9.48465349e-20
1.26400000e+05 9.48180596e-20
1.26500000e+05 9.47895813e-20
1.26600000e+05 9.47611000e-20
1.26700000e+05 9.47326157e-20
1.26800000e+05 9.47041286e-20
1.26900000e+05 9.46756387e-20
1.27000000e+05 9.46471461e-20
1.27100000e+05 9.46186509e-20
1.27200000e+05 9.45901532e-20
1.27300000e+05 9.45616529e-20
1.27400000e+05 9.45331503e-20
1.27500000e+05 9.45046453e-20
1.27600000e+05 9.44761380e-20
1.27700000e+05 9.44476285e-20
1.27800000e+05 9.44191170e-20
1.27900000e+05 9.43906033e-20
1.28000000e+05 9.43620877e-20
1.28100000e+05 9.43335702e-20
1.28200000e+05 9.43050508e-20
1.28300000e+05 9.42765297e-20
1.28400000e+05 9.42480069e-20
1.28500000e+05 9.42194824e-20
1.28600000e+05 9.41909564e-20
1.28700000e+05 9.41624288e-20
1.28800000e+05 9.41338999e-20
1.28900000e+05 9.41053695e-20
1.29000000e+05 9.40768379e-20
1.29100000e+05 9.40483051e-20
1.29200000e+05 9.40197711e-20
1.29300000e+05 9.39912360e-20
1.29400000e+05 9.39626999e-20
1.29500000e+05 9.39341628e-20
1.29600000e+05 9.39056248e-20
1.29700000e+05 9.38770861e-20
1.29800000e+05 9.38485465e-20
1.29900000e+05 9.38200062e-20
1.30000000e+05 9.37914654e-20
1.30100000e+05 9.37629239e-20
1.30200000e+05 9.37343820e-20
1.30300000e+05 9.37058396e-20
1.30400000e+05 9.36772968e-20
1.30500000e+05 9.36487537e-20
1.30600000e+05 9.36202104e-20
1.30700000e+05 9.35916669e-20
1.30800000e+05 9.35631232e-20
1.30900000e+05 9.35345795e-20
1.31000000e+05 9.35060358e-20
1.31100000e+05 9.34774922e-20
1.31200000e+05 9.34489487e-20
1.31300000e+05 9.34204053e-20
1.31400000e+05 9.33918622e-20
1.31500000e+05 9.33633195e-20
1.31600000e+05 9.33347770e-20
1.31700000e+05 9.33062351e-20
1.31800000e+05 9.32776935e-20
1.31900000e+05 9.32491526e-20
1.32000000e+05 9.32206122e-20
1.32100000e+05 9.31920726e-20
1.32200000e+05 9.31635336e-20
1.32300000e+05 9.31349954e-20
1.32400000e+05 9.31064581e-20
1.32500000e+05 9.30779216e-20
1.32600000e+05 9.30493861e-20
1.32700000e+05 9.30208517e-20
1.32800000e+05 9.29923183e-20
1.32900000e+05 9.29637860e-20
1.33000000e+05 9.29352549e-20
1.33100000e+05 9.29067251e-20
1.33200000e+05 9.28781965e-20
1.33300000e+05 9.28496693e-20
1.33400000e+05 9.28211435e-20
1.33500000e+05 9.27926192e-20
1.33600000e+05 9.27640964e-20
1.33700000e+05 9.27355752e-20
1.33800000e+05 9.27070556e-20
1.33900000e+05 9.26785377e-20
1.34000000e+05 9.26500215e-20
1.34100000e+05 9.26215071e-20
1.34200000e+05 9.25929946e-20
1.34300000e+05 9.25644840e-20
1.34400000e+05 9.25359753e-20
1.34500000e+05 9.25074686e-20
1.34600000e+05 9.24789640e-20
1.34700000e+05 9.24504615e-20
1.34800000e+05 9.24219612e-20
1.34900000e+05 9.23934631e-20
1.35000000e+05 9.23649673e-20
1.35100000e+05 9.23364737e-20
1.35200000e+05 9.23079826e-20
1.35300000e+05 9.22794939e-20
1.35400000e+05 9.22510076e-20
1.35500000e+05 9.22225239e-20
1.35600000e+05 9.21940427e-20
1.35700000e+05 9.21655642e-20
1.35800000e+05 9.21370884e-20
1.35900000e+05 9.21086153e-20
1.36000000e+05 9.20801449e-20
1.36100000e+05 9.20516774e-20
1.36200000e+05 9.20232128e-20
1.36300000e+05 9.19947510e-20
1.36400000e+05 9.19662923e-20
1.36500000e+05 9.19378366e-20
1.36600000e+05 9.19093839e-20
1.36700000e+05 9.18809344e-20
1.36800000e+05 9.18524880e-20
1.36900000e+05 9.18240448e-20
1.37000000e+05 9.17956049e-20
1.37100000e+05 9.17671684e-20
1.37200000e+05 9.17387351e-20
1.37300000e+05 9.17103053e-20
1.37400000e+05 9.16818789e-20
1.37500000e+05 9.16534560e-20
1.37600000e+05 9.16250367e-20
1.37700000e+05 9.15966209e-20
1.37800000e+05 9.15682088e-20
1.37900000e+05 9.15398003e-20
1.38000000e+05 9.15113956e-20
1.38100000e+05 9.14829946e-20
1.38200000e+05 9.14545975e-20
1.38300000e+05 9.14262042e-20
1.38400000e+05 9.13978148e-20
1.38500000e+05 9.13694294e-20
1.38600000e+05 9.13410480e-20
1.38700000e+05 9.13126705e-20
1.38800000e+05 9.12842972e-20
1.38900000e+05 9.12559280e-20
1.39000000e+05 9.12275630e-20
1.39100000e+05 9.11992021e-20
1.39200000e+05 9.11708456e-20
1.39300000e+05 9.11424933e-20
1.39400000e+05 9.11141453e-20
1.39500000e+05 9.10858017e-20
1.39600000e+05 9.10574626e-20
1.39700000e+05 9.10291279e-20
1.39800000e+05 9.10007977e-20
1.39900000e+05 9.09724721e-20
1.40000000e+05 9.09441511e-20
1.40100000e+05 9.09158346e-20
1.40200000e+05 9.08875229e-20
1.40300000e+05 9.08592159e-20
1.40400000e+05 9.08309136e-20
1.40500000e+05 9.08026161e-20
1.40600000e+05 9.07743234e-20
1.40700000e+05 9.07460356e-20
1.40800000e+05 9.07177527e-20
1.40900000e+05 9.06894748e-20
1.41000000e+05 9.06612019e-20
1.41100000e+05 9.06329340e-20
1.41200000e+05 9.06046711e-20
1.41300000e+05 9.05764134e-20
1.41400000e+05 9.05481608e-20
1.41500000e+05 9.05199134e-20
1.41600000e+05 9.04916713e-20
1.41700000e+05 9.04634344e-20
1.41800000e+05 9.04352027e-20
1.41900000e+05 9.04069765e-20
1.42000000e+05 9.03787556e-20
1.42100000e+05 9.03505401e-20
1.42200000e+05 9.03223301e-20
1.42300000e+05 9.02941255e-20
1.42400000e+05 9.02659265e-20
1.42500000e+05 9.02377330e-20
1.42600000e+05 9.02095451e-20
1.42700000e+05 9.01813629e-20
1.42800000e+05 9.01531863e-20
1.42900000e+05 9.01250155e-20
1.43000000e+05 9.00968504e-20
1.43100000e+05 9.00686910e-20
1.43200000e+05 9.00405375e-20
1.43300000e+05 9.00123898e-20
1.43400000e+05 8.99842480e-20
1.43500000e+05 8.99561122e-20
1.43600000e+05 8.99279822e-20
1.43700000e+05 8.98998583e-20
1.43800000e+05 8.98717404e-20
1.43900000e+05 8.98436285e-20
1.44000000e+05 8.98155228e-20
1.44100000e+05 8.97874231e-20
1.44200000e+05 8.97593296e-20
1.44300000e+05 8.97312423e-20
1.44400000e+05 8.97031613e-20
1.44500000e+05 8.96750865e-20
1.44600000e+05 8.96470180e-20
1.44700000e+05 8.96189558e-20
1.44800000e+05 8.95908999e-20
1.44900000e+05 8.95628505e-20
1.45000000e+05 8.95348075e-20
1.45100000e+05 8.95067709e-20
1.45200000e+05 8.94787409e-20
1.45300000e+05 8.94507173e-20
1.45400000e+05 8.94227003e-20
1.45500000e+05 8.93946899e-20
1.45600000e+05 8.93666861e-20
1.45700000e+05 8.93386890e-20
1.45800000e+05 8.93106985e-20
1.45900000e+05 8.92827147e-20
1.46000000e+05 8.92547377e-20
1.46100000e+05 8.92267674e-20
1.46200000e+05 8.91988040e-20
1.46300000e+05 8.91708474e-20
1.46400000e+05 8.91428976e-20
1.46500000e+05 8.91149548e-20
1.46600000e+05 8.90870188e-20
1.46700000e+05 8.90590898e-20
1.46800000e+05 8.90311678e-20
1.46900000e+05 8.90032528e-20
1.47000000e+05 8.89753449e-20
1.47100000e+05 8.89474440e-20
1.47200000e+05 8.89195503e-20
1.47300000e+05 8.88916636e-20
1.47400000e+05 8.88637841e-20
1.47500000e+05 8.88359118e-20
1.47600000e+05 8.88080467e-20
1.47700000e+05 8.87801889e-20
1.47800000e+05 8.87523383e-20
1.47900000e+05 8.87244951e-20
1.48000000e+05 8.86966591e-20
1.48100000e+05 8.86688305e-20
1.48200000e+05 8.86410093e-20
1.48300000e+05 8.86131956e-20
1.48400000e+05 8.85853892e-20
1.48500000e+05 8.85575903e-20
1.48600000e+05 8.85297989e-20
1.48700000e+05 8.85020151e-20
1.48800000e+05 8.84742388e-20
1.48900000e+05 8.84464700e-20
1.49000000e+05 8.84187089e-20
1.49100000e+05 8.83909554e-20
1.49200000e+05 8.83632095e-20
1.49300000e+05 8.83354713e-20
1.49400000e+05 8.83077409e-20
1.49500000e+05 8.82800181e-20
1.49600000e+05 8.82523031e-20
1.49700000e+05 8.82245959e-20
1.49800000e+05 8.81968966e-20
1.49900000e+05 8.81692050e-20
1.50000000e+05 8.81415213e-20
1.50100000e+05 8.81138455e-20
1.50200000e+05 8.80861776e-20
1.50300000e+05 8.80585177e-20
1.50400000e+05 8.80308657e-20
1.50500000e+05 8.80032216e-20
1.50600000e+05 8.79755856e-20
1.50700000e+05 8.79479577e-20
1.50800000e+05 8.79203377e-20
1.50900000e+05 8.78927259e-20
1.51000000e+05 8.78651222e-20
1.51100000e+05 8.78375266e-20
1.51200000e+05 8.78099391e-20
1.51300000e+05 8.77823599e-20
1.51400000e+05 8.77547888e-20
1.51500000e+05 8.77272260e-20
1.51600000e+05 8.76996714e-20
1.51700000e+05 8.76721251e-20
1.51800000e+05 8.76445870e-20
1.51900000e+05 8.76170573e-20
1.52000000e+05 8.75895360e-20
1.52100000e+05 8.75620229e-20
1.52200000e+05 8.75345183e-20
1.52300000e+05 8.75070221e-20
1.52400000e+05 8.74795343e-20
1.52500000e+05 8.74520550e-20
1.52600000e+05 8.74245841e-20
1.52700000e+05 8.73971217e-20
1.52800000e+05 8.73696679e-20
1.52900000e+05 8.73422226e-20
1.53000000e+05 8.73147858e-20
1.53100000e+05 8.72873576e-20
1.53200000e+05 8.72599381e-20
1.53300000e+05 8.72325271e-20
1.53400000e+05 8.72051248e-20
1.53500000e+05 8.71777312e-20
1.53600000e+05 8.71503463e-20
1.53700000e+05 8.71229700e-20
1.53800000e+05 8.70956025e-20
1.53900000e+05 8.70682438e-20
1.54000000e+05 8.70408938e-20
1.54100000e+05 8.70135526e-20
1.54200000e+05 8.69862202e-20
1.54300000e+05 8.69588966e-20
1.54400000e+05 8.69315819e-20
1.54500000e+05 8.69042761e-20
1.54600000e+05 8.68769791e-20
1.54700000e+05 8.68496911e-20
1.54800000e+05 8.68224120e-20
1.54900000e+05 8.67951418e-20
1.55000000e+05 8.67678806e-20
1.55100000e+05 8.67406284e-20
1.55200000e+05 8.67133852e-20
1.55300000e+05 8.66861511e-20
1.55400000e+05 8.66589260e-20
1.55500000e+05 8.66317099e-20
1.55600000e+05 8.66045029e-20
1.55700000e+05 8.65773050e-20
1.55800000e+05 8.65501163e-20
1.55900000e+05 8.65229366e-20
1.56000000e+05 8.64957662e-20
1.56100000e+05 8.64686049e-20
1.56200000e+05 8.64414528e-20
1.56300000e+05 8.64143099e-20
1.56400000e+05 8.63871762e-20
1.56500000e+05 8.63600518e-20
1.56600000e+05 8.63329366e-20
1.56700000e+05 8.63058307e-20
1.56800000e+05 8.62787341e-20
1.56900000e+05 8.62516469e-20
1.57000000e+05 8.62245689e-20
1.57100000e+05 8.61975004e-20
1.57200000e+05 8.61704411e-20
1.57300000e+05 8.61433913e-20
1.57400000e+05 8.61163509e-20
1.57500000e+05 8.60893199e-20
1.57600000e+05 8.60622983e-20
1.57700000e+05 8.60352861e-20
1.57800000e+05 8.60082835e-20
1.57900000e+05 8.59812903e-20
1.58000000e+05 8.59543066e-20
1.58100000e+05 8.59273324e-20
1.58200000e+05 8.59003678e-20
1.58300000e+05 8.58734127e-20
1.58400000e+05 8.58464672e-20
1.58500000e+05 8.58195312e-20
1.58600000e+05 8.57926049e-20
1.58700000e+05 8.57656882e-20
1.58800000e+05 8.57387810e-20
1.58900000e+05 8.57118836e-20
1.59000000e+05 8.56849958e-20
1.59100000e+05 8.56581176e-20
1.59200000e+05 8.56312492e-20
1.59300000e+05 8.56043904e-20
1.59400000e+05 8.55775414e-20
1.59500000e+05 8.55507021e-20
1.59600000e+05 8.55238725e-20
1.59700000e+05 8.54970527e-20
1.59800000e+05 8.54702427e-20
1.59900000e+05 8.54434425e-20
1.60000000e+05 8.54166520e-20
1.60100000e+05 8.53898714e-20
1.60200000e+05 8.53631007e-20
1.60300000e+05 8.53363398e-20
1.60400000e+05 8.53095887e-20
1.60500000e+05 8.52828475e-20
1.60600000e+05 8.52561162e-20
1.60700000e+05 8.52293948e-20
1.60800000e+05 8.52026834e-20
1.60900000e+05 8.51759818e-20
1.61000000e+05 8.51492902e-20
1.61100000e+05 8.51226086e-20
1.61200000e+05 8.50959369e-20
1.61300000e+05 8.50692752e-20
1.61400000e+05 8.50426235e-20
1.61500000e+05 8.50159819e-20
1.61600000e+05 8.49893502e-20
1.61700000e+05 8.49627286e-20
1.61800000e+05 8.49361171e-20
1.61900000e+05 8.49095156e-20
1.62000000e+05 8.48829241e-20
1.62100000e+05 8.48563428e-20
1.62200000e+05 8.48297716e-20
1.62300000e+05 8.48032104e-20
1.62400000e+05 8.47766594e-20
1.62500000e+05 8.47501186e-20
1.62600000e+05 8.47235879e-20
1.62700000e+05 8.46970673e-20
1.62800000e+05 8.46705570e-20
1.62900000e+05 8.46440568e-20
1.63000000e+05 8.46175668e-20
1.63100000e+05 8.45910870e-20
1.63200000e+05 8.45646175e-20
1.63300000e+05 8.45381581e-20
1.63400000e+05 8.45117091e-20
1.63500000e+05 8.44852702e-20
1.63600000e+05 8.44588417e-20
1.63700000e+05 8.44324234e-20
1.63800000e+05 8.44060154e-20
1.63900000e+05 8.43796178e-20
1.64000000e+05 8.43532304e-20
1.64100000e+05 8.43268533e-20
1.64200000e+05 8.43004866e-20
1.64300000e+05 8.42741303e-20
1.64400000e+05 8.42477843e-20
1.64500000e+05 8.42214486e-20
1.64600000e+05 8.41951234e-20
1.64700000e+05 8.41688085e-20
1.64800000e+05 8.41425040e-20
1.64900000e+05 8.41162100e-20
1.65000000e+05 8.40899263e-20
1.65100000e+05 8.40636531e-20
1.65200000e+05 8.40373904e-20
1.65300000e+05 8.40111381e-20
1.65400000e+05 8.39848962e-20
1.65500000e+05 8.39586648e-20
1.65600000e+05 8.39324439e-20
1.65700000e+05 8.39062335e-20
1.65800000e+05 8.38800336e-20
1.65900000e+05 8.38538442e-20
1.66000000e+05 8.38276653e-20
1.66100000e+05 8.38014970e-20
1.66200000e+05 8.37753392e-20
1.66300000e+05 8.37491919e-20
1.66400000e+05 8.37230552e-20
1.66500000e+05 8.36969291e-20
1.66600000e+05 8.36708135e-20
1.66700000e+05 8.36447085e-20
1.66800000e+05 8.36186142e-20
1.66900000e+05 8.35925304e-20
1.67000000e+05 8.35664572e-20
1.67100000e+05 8.35403947e-20
1.67200000e+05 8.35143428e-20
1.67300000e+05 8.34883016e-20
1.67400000e+05 8.34622709e-20
1.67500000e+05 8.34362510e-20
1.67600000e+05 8.34102417e-20
1.67700000e+05 8.33842431e-20
1.67800000e+05 8.33582552e-20
1.67900000e+05 8.33322779e-20
1.68000000e+05 8.33063114e-20
1.68100000e+05 8.32803556e-20
1.68200000e+05 8.32544104e-20
1.68300000e+05 8.32284761e-20
1.68400000e+05 8.32025524e-20
1.68500000e+05 8.31766395e-20
1.68600000e+05 8.31507373e-20
1.68700000e+05 8.31248459e-20
1.68800000e+05 8.30989653e-20
1.68900000e+05 8.30730954e-20
1.69000000e+05 8.30472363e-20
1.69100000e+05 8.30213880e-20
1.69200000e+05 8.29955505e-20
1.69300000e+05 8.29697238e-20
1.69400000e+05 8.29439079e-20
1.69500000e+05 8.29181028e-20
1.69600000e+05 8.28923086e-20
1.69700000e+05 8.28665252e-20
1.69800000e+05 8.28407526e-20
1.69900000e+05 8.28149908e-20
1.70000000e+05 8.27892400e-20
1.70100000e+05 8.27634999e-20
1.70200000e+05 8.27377708e-20
1.70300000e+05 8.27120525e-20
1.70400000e+05 8.26863451e-20
1.70500000e+05 8.26606486e-20
1.70600000e+05 8.26349630e-20
1.70700000e+05 8.26092883e-20
1.70800000e+05 8.25836245e-20
1.70900000e+05 8.25579716e-20
1.71000000e+05 8.25323297e-20
1.71100000e+05 8.25066986e-20
1.71200000e+05 8.24810785e-20
1.71300000e+05 8.24554694e-20
1.71400000e+05 8.24298712e-20
1.71500000e+05 8.24042839e-20
1.71600000e+05 8.23787076e-20
1.71700000e+05 8.23531423e-20
1.71800000e+05 8.23275879e-20
1.71900000e+05 8.23020446e-20
1.72000000e+05 8.22765122e-20
1.72100000e+05 8.22509908e-20
1.72200000e+05 8.22254804e-20
1.72300000e+05 8.21999810e-20
1.72400000e+05 8.21744926e-20
1.72500000e+05 8.21490152e-20
1.72600000e+05 8.21235488e-20
1.72700000e+05 8.20980935e-20
1.72800000e+05 8.20726492e-20
1.72900000e+05 8.20472159e-20
1.73000000e+05 8.20217937e-20
1.73100000e+05 8.19963825e-20
1.73200000e+05 8.19709823e-20
1.73300000e+05 8.19455933e-20
1.73400000e+05 8.19202152e-20
1.73500000e+05 8.18948483e-20
1.73600000e+05 8.18694924e-20
1.73700000e+05 8.18441476e-20
1.73800000e+05 8.18188139e-20
1.73900000e+05 8.17934913e-20
1.74000000e+05 8.17681798e-20
1.74100000e+05 8.17428793e-20
1.74200000e+05 8.17175900e-20
1.74300000e+05 8.16923118e-20
1.74400000e+05 8.16670446e-20
1.74500000e+05 8.16417886e-20
1.74600000e+05 8.16165438e-20
1.74700000e+05 8.15913100e-20
1.74800000e+05 8.15660874e-20
1.74900000e+05 8.15408759e-20
1.75000000e+05 8.15156756e-20
1.75100000e+05 8.14904864e-20
1.75200000e+05 8.14653083e-20
1.75300000e+05 8.14401414e-20
1.75400000e+05 8.14149857e-20
1.75500000e+05 8.13898411e-20
1.75600000e+05 8.13647077e-20
1.75700000e+05 8.13395854e-20
1.75800000e+05 8.13144743e-20
1.75900000e+05 8.12893744e-20
1.76000000e+05 8.12642857e-20
1.76100000e+05 8.12392082e-20
1.76200000e+05 8.12141418e-20
1.76300000e+05 8.11890867e-20
1.76400000e+05 8.11640427e-20
1.76500000e+05 8.11390100e-20
1.76600000e+05 8.11139884e-20
1.76700000e+05 8.10889781e-20
1.76800000e+05 8.10639789e-20
1.76900000e+05 8.10389910e-20
1.77000000e+05 8.10140143e-20
1.77100000e+05 8.09890488e-20
1.77200000e+05 8.09640946e-20
1.77300000e+05 8.09391516e-20
1.77400000e+05 8.09142198e-20
1.77500000e+05 8.08892992e-20
1.77600000e+05 8.08643899e-20
1.77700000e+05 8.08394918e-20
1.77800000e+05 8.08146050e-20
1.77900000e+05 8.07897294e-20
1.78000000e+05 8.07648651e-20
1.78100000e+05 8.07400120e-20
1.78200000e+05 8.07151702e-20
1.78300000e+05 8.06903396e-20
1.78400000e+05 8.06655203e-20
1.78500000e+05 8.06407123e-20
1.78600000e+05 8.06159155e-20
1.78700000e+05 8.05911300e-20
1.78800000e+05 8.05663558e-20
1.78900000e+05 8.05415929e-20
1.79000000e+05 8.05168412e-20
1.79100000e+05 8.04921008e-20
1.79200000e+05 8.04673717e-20
1.79300000e+05 8.04426539e-20
1.79400000e+05 8.04179474e-20
1.79500000e+05 8.03932522e-20
1.79600000e+05 8.03685682e-20
1.79700000e+05 8.03438956e-20
1.79800000e+05 8.03192343e-20
1.79900000e+05 8.02945842e-20
1.80000000e+05 8.02699455e-20
1.80100000e+05 8.02453181e-20
1.80200000e+05 8.02207020e-20
1.80300000e+05 8.01960972e-20
1.80400000e+05 8.01715037e-20
1.80500000e+05 8.01469215e-20
1.80600000e+05 8.01223507e-20
1.80700000e+05 8.00977911e-20
1.80800000e+05 8.00732429e-20
1.80900000e+05 8.00487060e-20
1.81000000e+05 8.00241804e-20
1.81100000e+05 7.99996662e-20
1.81200000e+05 7.99751633e-20
1.81300000e+05 7.99506717e-20
1.81400000e+05 7.99261914e-20
1.81500000e+05 7.99017225e-20
1.81600000e+05 7.98772649e-20
1.81700000e+05 7.98528187e-20
1.81800000e+05 7.98283838e-20
1.81900000e+05 7.98039602e-20
1.82000000e+05 7.97795480e-20
1.82100000e+05 7.97551471e-20
1.82200000e+05 7.97307575e-20
1.82300000e+05 7.97063793e-20
1.82400000e+05 7.96820125e-20
1.82500000e+05 7.96576570e-20
1.82600000e+05 7.96333128e-20
1.82700000e+05 7.96089800e-20
1.82800000e+05 7.95846586e-20
1.82900000e+05 7.95603485e-20
1.83000000e+05 7.95360498e-20
1.83100000e+05 7.95117624e-20
1.83200000e+05 7.94874864e-20
1.83300000e+05 7.94632217e-20
1.83400000e+05 7.94389684e-20
1.83500000e+05 7.94147264e-20
1.83600000e+05 7.93904959e-20
1.83700000e+05 7.93662766e-20
1.83800000e+05 7.93420688e-20
1.83900000e+05 7.93178723e-20
1.84000000e+05 7.92936871e-20
1.84100000e+05 7.92695134e-20
1.84200000e+05 7.92453510e-20
1.84300000e+05 7.92211999e-20
1.84400000e+05 7.91970603e-20
1.84500000e+05 7.91729320e-20
1.84600000e+05 7.91488150e-20
1.84700000e+05 7.91247095e-20
1.84800000e+05 7.91006153e-20
1.84900000e+05 7.90765325e-20
1.85000000e+05 7.90524610e-20
1.85100000e+05 7.90284009e-20
1.85200000e+05 7.90043522e-20
1.85300000e+05 7.89803149e-20
1.85400000e+05 7.89562889e-20
1.85500000e+05 7.89322743e-20
1.85600000e+05 7.89082711e-20
1.85700000e+05 7.88842793e-20
1.85800000e+05 7.88602988e-20
1.85900000e+05 7.88363297e-20
1.86000000e+05 7.88123720e-20
1.86100000e+05 7.87884257e-20
1.86200000e+05 7.87644907e-20
1.86300000e+05 7.87405671e-20
1.86400000e+05 7.87166549e-20
1.86500000e+05 7.86927541e-20
1.86600000e+05 7.86688646e-20
1.86700000e+05 7.86449865e-20
1.86800000e+05 7.86211198e-20
1.86900000e+05 7.85972645e-20
1.87000000e+05 7.85734205e-20
1.87100000e+05 7.85495879e-20
1.87200000e+05 7.85257667e-20
1.87300000e+05 7.85019568e-20
1.87400000e+05 7.84781584e-20
1.87500000e+05 7.84543713e-20
1.87600000e+05 7.84305956e-20
1.87700000e+05 7.84068312e-20
1.87800000e+05 7.83830782e-20
1.87900000e+05 7.83593366e-20
1.88000000e+05 7.83356064e-20
1.88100000e+05 7.83118876e-20
1.88200000e+05 7.82881801e-20
1.88300000e+05 7.82644840e-20
1.88400000e+05 7.82407992e-20
1.88500000e+05 7.82171259e-20
1.88600000e+05 7.81934639e-20
1.88700000e+05 7.81698132e-20
1.88800000e+05 7.81461740e-20
1.88900000e+05 7.81225461e-20
1.89000000e+05 7.80989295e-20
1.89100000e+05 7.80753244e-20
1.89200000e+05 7.80517306e-20
1.89300000e+05 7.80281482e-20
1.89400000e+05 7.80045771e-20
1.89500000e+05 7.79810174e-20
1.89600000e+05 7.79574690e-20
1.89700000e+05 7.79339321e-20
1.89800000e+05 7.79104065e-20
1.89900000e+05 7.78868922e-20
1.90000000e+05 7.78633893e-20
1.90100000e+05 7.78398978e-20
1.90200000e+05 7.78164176e-20
1.90300000e+05 7.77929488e-20
1.90400000e+05 7.77694913e-20
1.90500000e+05 7.77460452e-20
1.90600000e+05 7.77226104e-20
1.90700000e+05 7.76991870e-20
1.90800000e+05 7.76757750e-20
1.90900000e+05 7.76523743e-20
1.91000000e+05 7.76289849e-20
1.91100000e+05 7.76056069e-20
1.91200000e+05 7.75822402e-20
1.91300000e+05 7.75588849e-20
1.91400000e+05 7.75355410e-20
1.91500000e+05 7.75122083e-20
1.91600000e+05 7.74888870e-20
1.91700000e+05 7.74655771e-20
1.91800000e+05 7.74422785e-20
1.91900000e+05 7.74189912e-20
1.92000000e+05 7.73957153e-20
1.92100000e+05 7.73724507e-20
1.92200000e+05 7.73491974e-20
1.92300000e+05 7.73259555e-20
1.92400000e+05 7.73027249e-20
1.92500000e+05 7.72795056e-20
1.92600000e+05 7.72562977e-20
1.92700000e+05 7.72331011e-20
1.92800000e+05 7.72099158e-20
1.92900000e+05 7.71867418e-20
1.93000000e+05 7.71635792e-20
1.93100000e+05 7.71404278e-20
1.93200000e+05 7.71172878e-20
1.93300000e+05 7.70941591e-20
1.93400000e+05 7.70710417e-20
1.93500000e+05 7.70479357e-20
1.93600000e+05 7.70248409e-20
1.93700000e+05 7.70017575e-20
1.93800000e+05 7.69786853e-20
1.93900000e+05 7.69556245e-20
1.94000000e+05 7.69325750e-20
1.94100000e+05 7.69095368e-20
1.94200000e+05 7.68865098e-20
1.94300000e+05 7.68634942e-20
1.94400000e+05 7.68404899e-20
1.94500000e+05 7.68174968e-20
1.94600000e+05 7.67945151e-20
1.94700000e+05 7.67715446e-20
1.94800000e+05 7.67485855e-20
1.94900000e+05 7.67256376e-20
1.95000000e+05 7.67027010e-20
1.95100000e+05 7.66797757e-20
1.95200000e+05 7.66568617e-20
1.95300000e+05 7.66339589e-20
1.95400000e+05 7.66110675e-20
1.95500000e+05 7.65881873e-20
1.95600000e+05 7.65653183e-20
1.95700000e+05 7.65424607e-20
1.95800000e+05 7.65196143e-20
1.95900000e+05 7.64967792e-20
1.96000000e+05 7.64739553e-20
1.96100000e+05 7.64511427e-20
1.96200000e+05 7.64283414e-20
1.96300000e+05 7.64055513e-20
1.96400000e+05 7.63827725e-20
1.96500000e+05 7.63600049e-20
1.96600000e+05 7.63372486e-20
1.96700000e+05 7.63145035e-20
1.96800000e+05 7.62917696e-20
1.96900000e+05 7.62690471e-20
1.97000000e+05 7.62463357e-20
1.97100000e+05 7.62236356e-20
1.97200000e+05 7.62009467e-20
1.97300000e+05 7.61782691e-20
1.97400000e+05 7.61556027e-20
1.97500000e+05 7.61329475e-20
1.97600000e+05 7.61103035e-20
1.97700000e+05 7.60876708e-20
1.97800000e+05 7.60650493e-20
1.97900000e+05 7.60424390e-20
1.98000000e+05 7.60198399e-20
1.98100000e+05 7.59972520e-20
1.98200000e+05 7.59746753e-20
1.98300000e+05 7.59521099e-20
1.98400000e+05 7.59295556e-20
1.98500000e+05 7.59070126e-20
1.98600000e+05 7.58844807e-20
1.98700000e+05 7.58619601e-20
1.98800000e+05 7.58394506e-20
1.98900000e+05 7.58169524e-20
1.99000000e+05 7.57944653e-20
1.99100000e+05 7.57719894e-20
1.99200000e+05 7.57495247e-20
1.99300000e+05 7.57270711e-20
1.99400000e+05 7.57046288e-20
1.99500000e+05 7.56821976e-20
1.99600000e+05 7.56597776e-20
1.99700000e+05 7.56373688e-20
1.99800000e+05 7.56149711e-20
1.99900000e+05 7.55925846e-20
2.00000000e+05 7.55702092e-20
2.00100000e+05 7.55478450e-20
2.00200000e+05 7.55254920e-20
2.00300000e+05 7.55031501e-20
2.00400000e+05 7.54808194e-20
2.00500000e+05 7.54584998e-20
2.00600000e+05 7.54361913e-20
2.00700000e+05 7.54138940e-20
2.00800000e+05 7.53916078e-20
2.00900000e+05 7.53693328e-20
2.01000000e+05 7.53470689e-20
2.01100000e+05 7.53248161e-20
2.01200000e+05 7.53025744e-20
2.01300000e+05 7.52803439e-20
2.01400000e+05 7.52581245e-20
2.01500000e+05 7.52359162e-20
2.01600000e+05 7.52137190e-20
2.01700000e+05 7.51915329e-20
2.01800000e+05 7.51693579e-20
2.01900000e+05 7.51471940e-20
2.02000000e+05 7.51250412e-20
2.02100000e+05 7.51028995e-20
2.02200000e+05 7.50807689e-20
2.02300000e+05 7.50586494e-20
2.02400000e+05 7.50365410e-20
2.02500000e+05 7.50144436e-20
2.02600000e+05 7.49923574e-20
2.02700000e+05 7.49702822e-20
2.02800000e+05 7.49482181e-20
2.02900000e+05 7.49261650e-20
2.03000000e+05 7.49041230e-20
2.03100000e+05 7.48820921e-20
2.03200000e+05 7.48600723e-20
2.03300000e+05 7.48380635e-20
2.03400000e+05 7.48160657e-20
2.03500000e+05 7.47940790e-20
2.03600000e+05 7.47721033e-20
2.03700000e+05 7.47501387e-20
2.03800000e+05 7.47281851e-20
2.03900000e+05 7.47062426e-20
2.04000000e+05 7.46843111e-20
2.04100000e+05 7.46623906e-20
2.04200000e+05 7.46404811e-20
2.04300000e+05 7.46185827e-20
2.04400000e+05 7.45966953e-20
2.04500000e+05 7.45748189e-20
2.04600000e+05 7.45529535e-20
2.04700000e+05 7.45310991e-20
2.04800000e+05 7.45092557e-20
2.04900000e+05 7.44874233e-20
2.05000000e+05 7.44656019e-20
2.05100000e+05 7.44437915e-20
2.05200000e+05 7.44219921e-20
2.05300000e+05 7.44002036e-20
2.05400000e+05 7.43784262e-20
2.05500000e+05 7.43566597e-20
2.05600000e+05 7.43349042e-20
2.05700000e+05 7.43131597e-20
2.05800000e+05 7.42914261e-20
2.05900000e+05 7.42697035e-20
2.06000000e+05 7.42479919e-20
2.06100000e+05 7.42262912e-20
2.06200000e+05 7.42046015e-20
2.06300000e+05 7.41829227e-20
2.06400000e+05 7.41612548e-20
2.06500000e+05 7.41395979e-20
2.06600000e+05 7.41179520e-20
2.06700000e+05 7.40963169e-20
2.06800000e+05 7.40746928e-20
2.06900000e+05 7.40530797e-20
2.07000000e+05 7.40314774e-20
2.07100000e+05 7.40098861e-20
2.07200000e+05 7.39883056e-20
2.07300000e+05 7.39667361e-20
2.07400000e+05 7.39451775e-20
2.07500000e+05 7.39236298e-20
2.07600000e+05 7.39020930e-20
2.07700000e+05 7.38805670e-20
2.07800000e+05 7.38590520e-20
2.07900000e+05 7.38375479e-20
2.08000000e+05 7.38160546e-20
2.08100000e+05 7.37945722e-20
2.08200000e+05 7.37731007e-20
2.08300000e+05 7.37516401e-20
2.08400000e+05 7.37301903e-20
2.08500000e+05 7.37087514e-20
2.08600000e+05 7.36873233e-20
2.08700000e+05 7.36659061e-20
2.08800000e+05 7.36444998e-20
2.08900000e+05 7.36231043e-20
2.09000000e+05 7.36017196e-20
2.09100000e+05 7.35803458e-20
2.09200000e+05 7.35589828e-20
2.09300000e+05 7.35376306e-20
2.09400000e+05 7.35162893e-20
2.09500000e+05 7.34949588e-20
2.09600000e+05 7.34736391e-20
2.09700000e+05 7.34523302e-20
2.09800000e+05 7.34310321e-20
2.09900000e+05 7.34097448e-20
2.10000000e+05 7.33884684e-20
2.10100000e+05 7.33672027e-20
2.10200000e+05 7.33459478e-20
2.10300000e+05 7.33247037e-20
2.10400000e+05 7.33034704e-20
2.10500000e+05 7.32822479e-20
2.10600000e+05 7.32610361e-20
2.10700000e+05 7.32398351e-20
2.10800000e+05 7.32186449e-20
2.10900000e+05 7.31974655e-20
2.11000000e+05 7.31762968e-20
2.11100000e+05 7.31551388e-20
2.11200000e+05 7.31339916e-20
2.11300000e+05 7.31128552e-20
2.11400000e+05 7.30917295e-20
2.11500000e+05 7.30706145e-20
2.11600000e+05 7.30495103e-20
2.11700000e+05 7.30284168e-20
2.11800000e+05 7.30073340e-20
2.11900000e+05 7.29862620e-20
2.12000000e+05 7.29652006e-20
2.12100000e+05 7.29441500e-20
2.12200000e+05 7.29231101e-20
2.12300000e+05 7.29020809e-20
2.12400000e+05 7.28810623e-20
2.12500000e+05 7.28600545e-20
2.12600000e+05 7.28390574e-20
2.12700000e+05 7.28180709e-20
2.12800000e+05 7.27970952e-20
2.12900000e+05 7.27761301e-20
2.13000000e+05 7.27551756e-20
2.13100000e+05 7.27342319e-20
2.13200000e+05 7.27132988e-20
2.13300000e+05 7.26923764e-20
2.13400000e+05 7.26714646e-20
2.13500000e+05 7.26505635e-20
2.13600000e+05 7.26296730e-20
2.13700000e+05 7.26087931e-20
2.13800000e+05 7.25879239e-20
2.13900000e+05 7.25670654e-20
2.14000000e+05 7.25462174e-20
2.14100000e+05 7.25253801e-20
2.14200000e+05 7.25045534e-20
2.14300000e+05 7.24837373e-20
2.14400000e+05 7.24629318e-20
2.14500000e+05 7.24421370e-20
2.14600000e+05 7.24213527e-20
2.14700000e+05 7.24005790e-20
2.14800000e+05 7.23798159e-20
2.14900000e+05 7.23590634e-20
2.15000000e+05 7.23383215e-20
2.15100000e+05 7.23175902e-20
2.15200000e+05 7.22968694e-20
2.15300000e+05 7.22761592e-20
2.15400000e+05 7.22554596e-20
2.15500000e+05 7.22347705e-20
2.15600000e+05 7.22140920e-20
2.15700000e+05 7.21934240e-20
2.15800000e+05 7.21727666e-20
2.15900000e+05 7.21521197e-20
2.16000000e+05 7.21314834e-20
2.16100000e+05 7.21108576e-20
2.16200000e+05 7.20902423e-20
2.16300000e+05 7.20696375e-20
2.16400000e+05 7.20490433e-20
2.16500000e+05 7.20284596e-20
2.16600000e+05 7.20078863e-20
2.16700000e+05 7.19873236e-20
2.16800000e+05 7.19667714e-20
2.16900000e+05 7.19462297e-20
2.17000000e+05 7.19256984e-20
2.17100000e+05 7.19051777e-20
2.17200000e+05 7.18846674e-20
2.17300000e+05 7.18641676e-20
2.17400000e+05 7.18436783e-20
2.17500000e+05 7.18231995e-20
2.17600000e+05 7.18027311e-20
2.17700000e+05 7.17822731e-20
2.17800000e+05 7.17618256e-20
2.17900000e+05 7.17413886e-20
2.18000000e+05 7.17209620e-20
2.18100000e+05 7.17005459e-20
2.18200000e+05 7.16801401e-20
2.18300000e+05 7.16597448e-20
2.18400000e+05 7.16393600e-20
2.18500000e+05 7.16189855e-20
2.18600000e+05 7.15986215e-20
2.18700000e+05 7.15782679e-20
2.18800000e+05 7.15579246e-20
2.18900000e+05 7.15375918e-20
2.19000000e+05 7.15172694e-20
2.19100000e+05 7.14969574e-20
2.19200000e+05 7.14766557e-20
2.19300000e+05 7.14563644e-20
2.19400000e+05 7.14360835e-20
2.19500000e+05 7.14158130e-20
2.19600000e+05 7.13955529e-20
2.19700000e+05 7.13753031e-20
2.19800000e+05 7.13550636e-20
2.19900000e+05 7.13348345e-20
2.20000000e+05 7.13146158e-20
2.20100000e+05 7.12944074e-20
2.20200000e+05 7.12742093e-20
2.20300000e+05 7.12540216e-20
2.20400000e+05 7.12338442e-20
2.20500000e+05 7.12136771e-20
2.20600000e+05 7.11935203e-20
2.20700000e+05 7.11733739e-20
2.20800000e+05 7.11532377e-20
2.20900000e+05 7.11331119e-20
2.21000000e+05 7.11129964e-20
2.21100000e+05 7.10928911e-20
2.21200000e+05 7.10727962e-20
2.21300000e+05 7.10527115e-20
2.21400000e+05 7.10326371e-20
2.21500000e+05 7.10125729e-20
2.21600000e+05 7.09925191e-20
2.21700000e+05 7.09724755e-20
2.21800000e+05 7.09524422e-20
2.21900000e+05 7.09324191e-20
2.22000000e+05 7.09124062e-20
2.22100000e+05 7.08924037e-20
2.22200000e+05 7.08724113e-20
2.22300000e+05 7.08524292e-20
2.22400000e+05 7.08324573e-20
2.22500000e+05 7.08124956e-20
2.22600000e+05 7.07925442e-20
2.22700000e+05 7.07726029e-20
2.22800000e+05 7.07526719e-20
2.22900000e+05 7.07327511e-20
2.23000000e+05 7.07128405e-20
2.23100000e+05 7.06929401e-20
2.23200000e+05 7.06730498e-20
2.23300000e+05 7.06531698e-20
2.23400000e+05 7.06332999e-20
2.23500000e+05 7.06134402e-20
2.23600000e+05 7.05935907e-20
2.23700000e+05 7.05737513e-20
2.23800000e+05 7.05539221e-20
2.23900000e+05 7.05341030e-20
2.24000000e+05 7.05142941e-20
2.24100000e+05 7.04944954e-20
2.24200000e+05 7.04747067e-20
2.24300000e+05 7.04549283e-20
2.24400000e+05 7.04351599e-20
2.24500000e+05 7.04154017e-20
2.24600000e+05 7.03956535e-20
2.24700000e+05 7.03759155e-20
2.24800000e+05 7.03561876e-20
2.24900000e+05 7.03364699e-20
2.25000000e+05 7.03167622e-20
2.25100000e+05 7.02970646e-20
2.25200000e+05 7.02773771e-20
2.25300000e+05 7.02576996e-20
2.25400000e+05 7.02380323e-20
2.25500000e+05 7.02183750e-20
2.25600000e+05 7.01987278e-20
2.25700000e+05 7.01790906e-20
2.25800000e+05 7.01594636e-20
2.25900000e+05 7.01398465e-20
2.26000000e+05 7.01202395e-20
2.26100000e+05 7.01006426e-20
2.26200000e+05 7.00810557e-20
2.26300000e+05 7.00614788e-20
2.26400000e+05 7.00419120e-20
2.26500000e+05 7.00223551e-20
2.26600000e+05 7.00028083e-20
2.26700000e+05 6.99832715e-20
2.26800000e+05 6.99637447e-20
2.26900000e+05 6.99442279e-20
2.27000000e+05 6.99247212e-20
2.27100000e+05 6.99052244e-20
2.27200000e+05 6.98857375e-20
2.27300000e+05 6.98662607e-20
2.27400000e+05 6.98467939e-20
2.27500000e+05 6.98273370e-20
2.27600000e+05 6.98078901e-20
2.27700000e+05 6.97884531e-20
2.27800000e+05 6.97690261e-20
2.27900000e+05 6.97496090e-20
2.28000000e+05 6.97302019e-20
2.28100000e+05 6.97108048e-20
2.28200000e+05 6.96914175e-20
2.28300000e+05 6.96720402e-20
2.28400000e+05 6.96526728e-20
2.28500000e+05 6.96333154e-20
2.28600000e+05 6.96139678e-20
2.28700000e+05 6.95946302e-20
2.28800000e+05 6.95753025e-20
2.28900000e+05 6.95559846e-20
2.29000000e+05 6.95366767e-20
2.29100000e+05 6.95173787e-20
2.29200000e+05 6.94980905e-20
2.29300000e+05 6.94788122e-20
2.29400000e+05 6.94595438e-20
2.29500000e+05 6.94402852e-20
2.29600000e+05 6.94210365e-20
2.29700000e+05 6.94017977e-20
2.29800000e+05 6.93825687e-20
2.29900000e+05 6.93633496e-20
2.30000000e+05 6.93441403e-20
2.30100000e+05 6.93249409e-20
2.30200000e+05 6.93057512e-20
2.30300000e+05 6.92865715e-20
2.30400000e+05 6.92674015e-20
2.30500000e+05 6.92482413e-20
2.30600000e+05 6.92290910e-20
2.30700000e+05 6.92099504e-20
2.30800000e+05 6.91908197e-20
2.30900000e+05 6.91716987e-20
2.31000000e+05 6.91525876e-20
2.31100000e+05 6.91334862e-20
2.31200000e+05 6.91143946e-20
2.31300000e+05 6.90953128e-20
2.31400000e+05 6.90762407e-20
2.31500000e+05 6.90571785e-20
2.31600000e+05 6.90381259e-20
2.31700000e+05 6.90190832e-20
2.31800000e+05 6.90000501e-20
2.31900000e+05 6.89810268e-20
2.32000000e+05 6.89620133e-20
2.32100000e+05 6.89430095e-20
2.32200000e+05 6.89240154e-20
2.32300000e+05 6.89050310e-20
2.32400000e+05 6.88860564e-20
2.32500000e+05 6.88670914e-20
2.32600000e+05 6.88481362e-20
2.32700000e+05 6.88291907e-20
2.32800000e+05 6.88102548e-20
2.32900000e+05 6.87913287e-20
2.33000000e+05 6.87724122e-20
2.33100000e+05 6.87535054e-20
2.33200000e+05 6.87346083e-20
2.33300000e+05 6.87157209e-20
2.33400000e+05 6.86968431e-20
2.33500000e+05 6.86779750e-20
2.33600000e+05 6.86591165e-20
2.33700000e+05 6.86402677e-20
2.33800000e+05 6.86214285e-20
2.33900000e+05 6.86025990e-20
2.34000000e+05 6.85837791e-20
2.34100000e+05 6.85649688e-20
2.34200000e+05 6.85461682e-20
2.34300000e+05 6.85273771e-20
2.34400000e+05 6.85085957e-20
2.34500000e+05 6.84898239e-20
2.34600000e+05 6.84710617e-20
2.34700000e+05 6.84523091e-20
2.34800000e+05 6.84335660e-20
2.34900000e+05 6.84148326e-20
2.35000000e+05 6.83961087e-20
2.35100000e+05 6.83773944e-20
2.35200000e+05 6.83586897e-20
2.35300000e+05 6.83399945e-20
2.35400000e+05 6.83213089e-20
2.35500000e+05 6.83026329e-20
2.35600000e+05 6.82839664e-20
2.35700000e+05 6.82653094e-20
2.35800000e+05 6.82466620e-20
2.35900000e+05 6.82280241e-20
2.36000000e+05 6.82093958e-20
2.36100000e+05 6.81907769e-20
2.36200000e+05 6.81721676e-20
2.36300000e+05 6.81535678e-20
2.36400000e+05 6.81349775e-20
2.36500000e+05 6.81163967e-20
2.36600000e+05 6.80978254e-20
2.36700000e+05 6.80792635e-20
2.36800000e+05 6.80607112e-20
2.36900000e+05 6.80421684e-20
2.37000000e+05 6.80236350e-20
2.37100000e+05 6.80051111e-20
2.37200000e+05 6.79865966e-20
2.37300000e+05 6.79680916e-20
2.37400000e+05 6.79495961e-20
2.37500000e+05 6.79311100e-20
2.37600000e+05 6.79126333e-20
2.37700000e+05 6.78941661e-20
2.37800000e+05 6.78757084e-20
2.37900000e+05 6.78572600e-20
2.38000000e+05 6.78388211e-20
2.38100000e+05 6.78203916e-20
2.38200000e+05 6.78019714e-20
2.38300000e+05 6.77835607e-20
2.38400000e+05 6.77651594e-20
2.38500000e+05 6.77467675e-20
2.38600000e+05 6.77283850e-20
2.38700000e+05 6.77100119e-20
2.38800000e+05 6.76916481e-20
2.38900000e+05 6.76732938e-20
2.39000000e+05 6.76549487e-20
2.39100000e+05 6.76366131e-20
2.39200000e+05 6.76182868e-20
2.39300000e+05 6.75999699e-20
2.39400000e+05 6.75816623e-20
2.39500000e+05 6.75633640e-20
2.39600000e+05 6.75450751e-20
2.39700000e+05 6.75267955e-20
2.39800000e+05 6.75085253e-20
2.39900000e+05 6.74902643e-20
2.40000000e+05 6.74720127e-20
2.40100000e+05 6.74537704e-20
2.40200000e+05 6.74355374e-20
2.40300000e+05 6.74173137e-20
2.40400000e+05 6.73990993e-20
2.40500000e+05 6.73808942e-20
2.40600000e+05 6.73626983e-20
2.40700000e+05 6.73445117e-20
2.40800000e+05 6.73263345e-20
2.40900000e+05 6.73081664e-20
2.41000000e+05 6.72900077e-20
2.41100000e+05 6.72718582e-20
2.41200000e+05 6.72537179e-20
2.41300000e+05 6.72355869e-20
2.41400000e+05 6.72174651e-20
2.41500000e+05 6.71993526e-20
2.41600000e+05 6.71812493e-20
2.41700000e+05 6.71631552e-20
2.41800000e+05 6.71450704e-20
2.41900000e+05 6.71269947e-20
2.42000000e+05 6.71089283e-20
2.42100000e+05 6.70908711e-20
2.42200000e+05 6.70728231e-20
2.42300000e+05 6.70547842e-20
2.42400000e+05 6.70367546e-20
2.42500000e+05 6.70187341e-20
2.42600000e+05 6.70007228e-20
2.42700000e+05 6.69827207e-20
2.42800000e+05 6.69647278e-20
2.42900000e+05 6.69467440e-20
2.43000000e+05 6.69287693e-20
2.43100000e+05 6.69108039e-20
2.43200000e+05 6.68928475e-20
2.43300000e+05 6.68749003e-20
2.43400000e+05 6.68569623e-20
2.43500000e+05 6.68390333e-20
2.43600000e+05 6.68211135e-20
2.43700000e+05 6.68032028e-20
2.43800000e+05 6.67853013e-20
2.43900000e+05 6.67674088e-20
2.44000000e+05 6.67495254e-20
2.44100000e+05 6.67316512e-20
2.44200000e+05 6.67137860e-20
2.44300000e+05 6.66959299e-20
2.44400000e+05 6.66780829e-20
2.44500000e+05 6.66602450e-20
2.44600000e+05 6.66424161e-20
2.44700000e+05 6.66245964e-20
2.44800000e+05 6.66067856e-20
2.44900000e+05 6.65889840e-20
2.45000000e+05 6.65711913e-20
2.45100000e+05 6.65534078e-20
2.45200000e+05 6.65356332e-20
2.45300000e+05 6.65178677e-20
2.45400000e+05 6.65001112e-20
2.45500000e+05 6.64823638e-20
2.45600000e+05 6.64646254e-20
2.45700000e+05 6.64468959e-20
2.45800000e+05 6.64291755e-20
2.45900000e+05 6.64114641e-20
2.46000000e+05 6.63937617e-20
2.46100000e+05 6.63760683e-20
2.46200000e+05 6.63583839e-20
2.46300000e+05 6.63407084e-20
2.46400000e+05 6.63230419e-20
2.46500000e+05 6.63053844e-20
2.46600000e+05 6.62877359e-20
2.46700000e+05 6.62700963e-20
2.46800000e+05 6.62524657e-20
2.46900000e+05 6.62348440e-20
2.47000000e+05 6.62172313e-20
2.47100000e+05 6.61996275e-20
2.47200000e+05 6.61820327e-20
2.47300000e+05 6.61644467e-20
2.47400000e+05 6.61468697e-20
2.47500000e+05 6.61293017e-20
2.47600000e+05 6.61117425e-20
2.47700000e+05 6.60941922e-20
2.47800000e+05 6.60766509e-20
2.47900000e+05 6.60591184e-20
2.48000000e+05 6.60415948e-20
2.48100000e+05 6.60240801e-20
2.48200000e+05 6.60065743e-20
2.48300000e+05 6.59890774e-20
2.48400000e+05 6.59715893e-20
2.48500000e+05 6.59541102e-20
2.48600000e+05 6.59366398e-20
2.48700000e+05 6.59191783e-20
2.48800000e+05 6.59017257e-20
2.48900000e+05 6.58842819e-20
2.49000000e+05 6.58668470e-20
2.49100000e+05 6.58494209e-20
2.49200000e+05 6.58320036e-20
2.49300000e+05 6.58145951e-20
2.49400000e+05 6.57971955e-20
2.49500000e+05 6.57798047e-20
2.49600000e+05 6.57624227e-20
2.49700000e+05 6.57450494e-20
2.49800000e+05 6.57276850e-20
2.49900000e+05 6.57103294e-20
2.50000000e+05 6.56929825e-20
2.50100000e+05 6.56756445e-20
2.50200000e+05 6.56583152e-20
2.50300000e+05 6.56409947e-20
2.50400000e+05 6.56236829e-20
2.50500000e+05 6.56063800e-20
2.50600000e+05 6.55890857e-20
2.50700000e+05 6.55718002e-20
2.50800000e+05 6.55545235e-20
2.50900000e+05 6.55372555e-20
2.51000000e+05 6.55199962e-20
2.51100000e+05 6.55027457e-20
2.51200000e+05 6.54855039e-20
2.51300000e+05 6.54682708e-20
2.51400000e+05 6.54510464e-20
2.51500000e+05 6.54338307e-20
2.51600000e+05 6.54166238e-20
2.51700000e+05 6.53994255e-20
2.51800000e+05 6.53822359e-20
2.51900000e+05 6.53650550e-20
2.52000000e+05 6.53478828e-20
2.52100000e+05 6.53307193e-20
2.52200000e+05 6.53135644e-20
2.52300000e+05 6.52964182e-20
2.52400000e+05 6.52792807e-20
2.52500000e+05 6.52621518e-20
2.52600000e+05 6.52450316e-20
2.52700000e+05 6.52279200e-20
2.52800000e+05 6.52108170e-20
2.52900000e+05 6.51937227e-20
2.53000000e+05 6.51766371e-20
2.53100000e+05 6.51595600e-20
2.53200000e+05 6.51424916e-20
2.53300000e+05 6.51254317e-20
2.53400000e+05 6.51083805e-20
2.53500000e+05 6.50913379e-20
2.53600000e+05 6.50743039e-20
2.53700000e+05 6.50572785e-20
2.53800000e+05 6.50402617e-20
2.53900000e+05 6.50232534e-20
2.54000000e+05 6.50062537e-20
2.54100000e+05 6.49892626e-20
2.54200000e+05 6.49722801e-20
2.54300000e+05 6.49553061e-20
2.54400000e+05 6.49383407e-20
2.54500000e+05 6.49213839e-20
2.54600000e+05 6.49044356e-20
2.54700000e+05 6.48874958e-20
2.54800000e+05 6.48705645e-20
2.54900000e+05 6.48536418e-20
2.55000000e+05 6.48367277e-20
2.55100000e+05 6.48198220e-20
2.55200000e+05 6.48029249e-20
2.55300000e+05 6.47860362e-20
2.55400000e+05 6.47691561e-20
2.55500000e+05 6.47522845e-20
2.55600000e+05 6.47354213e-20
2.55700000e+05 6.47185667e-20
2.55800000e+05 6.47017205e-20
2.55900000e+05 6.46848828e-20
2.56000000e+05 6.46680536e-20
2.56100000e+05 6.46512329e-20
2.56200000e+05 6.46344206e-20
2.56300000e+05 6.46176168e-20
2.56400000e+05 6.46008214e-20
2.56500000e+05 6.45840345e-20
2.56600000e+05 6.45672561e-20
2.56700000e+05 6.45504860e-20
2.56800000e+05 6.45337244e-20
2.56900000e+05 6.45169712e-20
2.57000000e+05 6.45002265e-20
2.57100000e+05 6.44834901e-20
2.57200000e+05 6.44667622e-20
2.57300000e+05 6.44500427e-20
2.57400000e+05 6.44333316e-20
2.57500000e+05 6.44166289e-20
2.57600000e+05 6.43999345e-20
2.57700000e+05 6.43832486e-20
2.57800000e+05 6.43665711e-20
2.57900000e+05 6.43499019e-20
2.58000000e+05 6.43332411e-20
2.58100000e+05 6.43165886e-20
2.58200000e+05 6.42999445e-20
2.58300000e+05 6.42833088e-20
2.58400000e+05 6.42666814e-20
2.58500000e+05 6.42500624e-20
2.58600000e+05 6.42334517e-20
2.58700000e+05 6.42168493e-20
2.58800000e+05 6.42002553e-20
2.58900000e+05 6.41836696e-20
2.59000000e+05 6.41670922e-20
2.59100000e+05 6.41505231e-20
2.59200000e+05 6.41339624e-20
2.59300000e+05 6.41174099e-20
2.59400000e+05 6.41008658e-20
2.59500000e+05 6.40843299e-20
2.59600000e+05 6.40678023e-20
2.59700000e+05 6.40512830e-20
2.59800000e+05 6.40347720e-20
2.59900000e+05 6.40182693e-20
2.60000000e+05 6.40017748e-20
2.60100000e+05 6.39852886e-20
2.60200000e+05 6.39688107e-20
2.60300000e+05 6.39523410e-20
2.60400000e+05 6.39358795e-20
2.60500000e+05 6.39194263e-20
2.60600000e+05 6.39029813e-20
2.60700000e+05 6.38865446e-20
2.60800000e+05 6.38701161e-20
2.60900000e+05 6.38536958e-20
2.61000000e+05 6.38372838e-20
2.61100000e+05 6.38208799e-20
2.61200000e+05 6.38044843e-20
2.61300000e+05 6.37880968e-20
2.61400000e+05 6.37717176e-20
2.61500000e+05 6.37553465e-20
2.61600000e+05 6.37389837e-20
2.61700000e+05 6.37226290e-20
2.61800000e+05 6.37062825e-20
2.61900000e+05 6.36899441e-20
2.62000000e+05 6.36736140e-20
2.62100000e+05 6.36572920e-20
2.62200000e+05 6.36409781e-20
2.62300000e+05 6.36246724e-20
2.62400000e+05 6.36083749e-20
2.62500000e+05 6.35920855e-20
2.62600000e+05 6.35758042e-20
2.62700000e+05 6.35595311e-20
2.62800000e+05 6.35432661e-20
2.62900000e+05 6.35270092e-20
2.63000000e+05 6.35107604e-20
2.63100000e+05 6.34945197e-20
2.63200000e+05 6.34782872e-20
2.63300000e+05 6.34620627e-20
2.63400000e+05 6.34458464e-20
2.63500000e+05 6.34296381e-20
2.63600000e+05 6.34134379e-20
2.63700000e+05 6.33972458e-20
2.63800000e+05 6.33810618e-20
2.63900000e+05 6.33648858e-20
2.64000000e+05 6.33487180e-20
2.64100000e+05 6.33325581e-20
2.64200000e+05 6.33164064e-20
2.64300000e+05 6.33002627e-20
2.64400000e+05 6.32841270e-20
2.64500000e+05 6.32679994e-20
2.64600000e+05 6.32518798e-20
2.64700000e+05 6.32357682e-20
2.64800000e+05 6.32196647e-20
2.64900000e+05 6.32035692e-20
2.65000000e+05 6.31874817e-20
2.65100000e+05 6.31714022e-20
2.65200000e+05 6.31553307e-20
2.65300000e+05 6.31392672e-20
2.65400000e+05 6.31232117e-20
2.65500000e+05 6.31071642e-20
2.65600000e+05 6.30911247e-20
2.65700000e+05 6.30750932e-20
2.65800000e+05 6.30590697e-20
2.65900000e+05 6.30430541e-20
2.66000000e+05 6.30270465e-20
2.66100000e+05 6.30110468e-20
2.66200000e+05 6.29950551e-20
2.66300000e+05 6.29790714e-20
2.66400000e+05 6.29630956e-20
2.66500000e+05 6.29471277e-20
2.66600000e+05 6.29311678e-20
2.66700000e+05 6.29152158e-20
2.66800000e+05 6.28992718e-20
2.66900000e+05 6.28833356e-20
2.67000000e+05 6.28674074e-20
2.67100000e+05 6.28514871e-20
2.67200000e+05 6.28355747e-20
2.67300000e+05 6.28196702e-20
2.67400000e+05 6.28037736e-20
2.67500000e+05 6.27878849e-20
2.67600000e+05 6.27720041e-20
2.67700000e+05 6.27561311e-20
2.67800000e+05 6.27402661e-20
2.67900000e+05 6.27244089e-20
2.68000000e+05 6.27085595e-20
2.68100000e+05 6.26927181e-20
2.68200000e+05 6.26768845e-20
2.68300000e+05 6.26610587e-20
2.68400000e+05 6.26452408e-20
2.68500000e+05 6.26294308e-20
2.68600000e+05 6.26136285e-20
2.68700000e+05 6.25978341e-20
2.68800000e+05 6.25820476e-20
2.68900000e+05 6.25662688e-20
2.69000000e+05 6.25504979e-20
2.69100000e+05 6.25347348e-20
2.69200000e+05 6.25189795e-20
2.69300000e+05 6.25032320e-20
2.69400000e+05 6.24874923e-20
2.69500000e+05 6.24717604e-20
2.69600000e+05 6.24560363e-20
2.69700000e+05 6.24403199e-20
2.69800000e+05 6.24246114e-20
2.69900000e+05 6.24089106e-20
2.70000000e+05 6.23932176e-20
2.70100000e+05 6.23775323e-20
2.70200000e+05 6.23618549e-20
2.70300000e+05 6.23461851e-20
2.70400000e+05 6.23305231e-20
2.70500000e+05 6.23148689e-20
2.70600000e+05 6.22992224e-20
2.70700000e+05 6.22835836e-20
2.70800000e+05 6.22679526e-20
2.70900000e+05 6.22523293e-20
2.71000000e+05 6.22367137e-20
2.71100000e+05 6.22211058e-20
2.71200000e+05 6.22055057e-20
2.71300000e+05 6.21899132e-20
2.71400000e+05 6.21743284e-20
2.71500000e+05 6.21587514e-20
2.71600000e+05 6.21431820e-20
2.71700000e+05 6.21276203e-20
2.71800000e+05 6.21120663e-20
2.71900000e+05 6.20965200e-20
2.72000000e+05 6.20809814e-20
2.72100000e+05 6.20654504e-20
2.72200000e+05 6.20499271e-20
2.72300000e+05 6.20344114e-20
2.72400000e+05 6.20189034e-20
2.72500000e+05 6.20034030e-20
2.72600000e+05 6.19879103e-20
2.72700000e+05 6.19724252e-20
2.72800000e+05 6.19569478e-20
2.72900000e+05 6.19414779e-20
2.73000000e+05 6.19260157e-20
2.73100000e+05 6.19105612e-20
2.73200000e+05 6.18951142e-20
2.73300000e+05 6.18796748e-20
2.73400000e+05 6.18642431e-20
2.73500000e+05 6.18488189e-20
2.73600000e+05 6.18334024e-20
2.73700000e+05 6.18179934e-20
2.73800000e+05 6.18025920e-20
2.73900000e+05 6.17871982e-20
2.74000000e+05 6.17718120e-20
2.74100000e+05 6.17564333e-20
2.74200000e+05 6.17410623e-20
2.74300000e+05 6.17256987e-20
2.74400000e+05 6.17103428e-20
2.74500000e+05 6.16949943e-20
2.74600000e+05 6.16796535e-20
2.74700000e+05 6.16643201e-20
2.74800000e+05 6.16489943e-20
2.74900000e+05 6.16336761e-20
2.75000000e+05 6.16183654e-20
2.75100000e+05 6.16030621e-20
2.75200000e+05 6.15877665e-20
2.75300000e+05 6.15724783e-20
2.75400000e+05 6.15571976e-20
2.75500000e+05 6.15419244e-20
2.75600000e+05 6.15266588e-20
2.75700000e+05 6.15114006e-20
2.75800000e+05 6.14961499e-20
2.75900000e+05 6.14809067e-20
2.76000000e+05 6.14656710e-20
2.76100000e+05 6.14504428e-20
2.76200000e+05 6.14352220e-20
2.76300000e+05 6.14200087e-20
2.76400000e+05 6.14048029e-20
2.76500000e+05 6.13896045e-20
2.76600000e+05 6.13744136e-20
2.76700000e+05 6.13592301e-20
2.76800000e+05 6.13440540e-20
2.76900000e+05 6.13288854e-20
2.77000000e+05 6.13137243e-20
2.77100000e+05 6.12985705e-20
2.77200000e+05 6.12834242e-20
2.77300000e+05 6.12682853e-20
2.77400000e+05 6.12531538e-20
2.77500000e+05 6.12380297e-20
2.77600000e+05 6.12229131e-20
2.77700000e+05 6.12078038e-20
2.77800000e+05 6.11927019e-20
2.77900000e+05 6.11776074e-20
2.78000000e+05 6.11625203e-20
2.78100000e+05 6.11474406e-20
2.78200000e+05 6.11323683e-20
2.78300000e+05 6.11173033e-20
2.78400000e+05 6.11022457e-20
2.78500000e+05 6.10871955e-20
2.78600000e+05 6.10721526e-20
2.78700000e+05 6.10571171e-20
2.78800000e+05 6.10420889e-20
2.78900000e+05 6.10270681e-20
2.79000000e+05 6.10120546e-20
2.79100000e+05 6.09970484e-20
2.79200000e+05 6.09820496e-20
2.79300000e+05 6.09670581e-20
2.79400000e+05 6.09520739e-20
2.79500000e+05 6.09370970e-20
2.79600000e+05 6.09221275e-20
2.79700000e+05 6.09071652e-20
2.79800000e+05 6.08922103e-20
2.79900000e+05 6.08772626e-20
2.80000000e+05 6.08623223e-20
2.80100000e+05 6.08473892e-20
2.80200000e+05 6.08324634e-20
2.80300000e+05 6.08175449e-20
2.80400000e+05 6.08026337e-20
2.80500000e+05 6.07877297e-20
2.80600000e+05 6.07728330e-20
2.80700000e+05 6.07579436e-20
2.80800000e+05 6.07430614e-20
2.80900000e+05 6.07281865e-20
2.81000000e+05 6.07133188e-20
2.81100000e+05 6.06984584e-20
2.81200000e+05 6.06836052e-20
2.81300000e+05 6.06687592e-20
2.81400000e+05 6.06539205e-20
2.81500000e+05 6.06390890e-20
2.81600000e+05 6.06242647e-20
2.81700000e+05 6.06094476e-20
2.81800000e+05 6.05946377e-20
2.81900000e+05 6.05798350e-20
2.82000000e+05 6.05650396e-20
2.82100000e+05 6.05502513e-20
2.82200000e+05 6.05354702e-20
2.82300000e+05 6.05206963e-20
2.82400000e+05 6.05059296e-20
2.82500000e+05 6.04911701e-20
2.82600000e+05 6.04764177e-20
2.82700000e+05 6.04616725e-20
2.82800000e+05 6.04469345e-20
2.82900000e+05 6.04322036e-20
2.83000000e+05 6.04174799e-20
2.83100000e+05 6.04027634e-20
2.83200000e+05 6.03880539e-20
2.83300000e+05 6.03733517e-20
2.83400000e+05 6.03586565e-20
2.83500000e+05 6.03439685e-20
2.83600000e+05 6.03292877e-20
2.83700000e+05 6.03146139e-20
2.83800000e+05 6.02999473e-20
2.83900000e+05 6.02852877e-20
2.84000000e+05 6.02706353e-20
2.84100000e+05 6.02559900e-20
2.84200000e+05 6.02413518e-20
2.84300000e+05 6.02267207e-20
2.84400000e+05 6.02120967e-20
2.84500000e+05 6.01974798e-20
2.84600000e+05 6.01828699e-20
2.84700000e+05 6.01682671e-20
2.84800000e+05 6.01536714e-20
2.84900000e+05 6.01390828e-20
2.85000000e+05 6.01245012e-20
2.85100000e+05 6.01099267e-20
2.85200000e+05 6.00953593e-20
2.85300000e+05 6.00807989e-20
2.85400000e+05 6.00662455e-20
2.85500000e+05 6.00516992e-20
2.85600000e+05 6.00371599e-20
2.85700000e+05 6.00226277e-20
2.85800000e+05 6.00081025e-20
2.85900000e+05 5.99935843e-20
2.86000000e+05 5.99790731e-20
2.86100000e+05 5.99645690e-20
2.86200000e+05 5.99500718e-20
2.86300000e+05 5.99355817e-20
2.86400000e+05 5.99210986e-20
2.86500000e+05 5.99066224e-20
2.86600000e+05 5.98921533e-20
2.86700000e+05 5.98776911e-20
2.86800000e+05 5.98632359e-20
2.86900000e+05 5.98487877e-20
2.87000000e+05 5.98343465e-20
2.87100000e+05 5.98199123e-20
2.87200000e+05 5.98054850e-20
2.87300000e+05 5.97910647e-20
2.87400000e+05 5.97766513e-20
2.87500000e+05 5.97622449e-20
2.87600000e+05 5.97478454e-20
2.87700000e+05 5.97334529e-20
2.87800000e+05 5.97190673e-20
2.87900000e+05 5.97046887e-20
2.88000000e+05 5.96903170e-20
2.88100000e+05 5.96759522e-20
2.88200000e+05 5.96615943e-20
2.88300000e+05 5.96472433e-20
2.88400000e+05 5.96328993e-20
2.88500000e+05 5.96185622e-20
2.88600000e+05 5.96042319e-20
2.88700000e+05 5.95899086e-20
2.88800000e+05 5.95755922e-20
2.88900000e+05 5.95612826e-20
2.89000000e+05 5.95469800e-20
2.89100000e+05 5.95326842e-20
2.89200000e+05 5.95183953e-20
2.89300000e+05 5.95041133e-20
2.89400000e+05 5.94898381e-20
2.89500000e+05 5.94755698e-20
2.89600000e+05 5.94613084e-20
2.89700000e+05 5.94470538e-20
2.89800000e+05 5.94328061e-20
2.89900000e+05 5.94185652e-20
2.90000000e+05 5.94043312e-20
2.90100000e+05 5.93901040e-20
2.90200000e+05 5.93758836e-20
2.90300000e+05 5.93616701e-20
2.90400000e+05 5.93474634e-20
2.90500000e+05 5.93332635e-20
2.90600000e+05 5.93190704e-20
2.90700000e+05 5.93048842e-20
2.90800000e+05 5.92907047e-20
2.90900000e+05 5.92765321e-20
2.91000000e+05 5.92623662e-20
2.91100000e+05 5.92482072e-20
2.91200000e+05 5.92340549e-20
2.91300000e+05 5.92199094e-20
2.91400000e+05 5.92057707e-20
2.91500000e+05 5.91916388e-20
2.91600000e+05 5.91775137e-20
2.91700000e+05 5.91633953e-20
2.91800000e+05 5.91492837e-20
2.91900000e+05 5.91351788e-20
2.92000000e+05 5.91210807e-20
2.92100000e+05 5.91069894e-20
2.92200000e+05 5.90929048e-20
2.92300000e+05 5.90788269e-20
2.92400000e+05 5.90647558e-20
2.92500000e+05 5.90506914e-20
2.92600000e+05 5.90366337e-20
2.92700000e+05 5.90225828e-20
2.92800000e+05 5.90085386e-20
2.92900000e+05 5.89945011e-20
2.93000000e+05 5.89804703e-20
2.93100000e+05 5.89664462e-20
2.93200000e+05 5.89524289e-20
2.93300000e+05 5.89384182e-20
2.93400000e+05 5.89244142e-20
2.93500000e+05 5.89104169e-20
2.93600000e+05 5.88964263e-20
2.93700000e+05 5.88824424e-20
2.93800000e+05 5.88684652e-20
2.93900000e+05 5.88544946e-20
2.94000000e+05 5.88405307e-20
2.94100000e+05 5.88265735e-20
2.94200000e+05 5.88126229e-20
2.94300000e+05 5.87986790e-20
2.94400000e+05 5.87847418e-20
2.94500000e+05 5.87708112e-20
2.94600000e+05 5.87568872e-20
2.94700000e+05 5.87429699e-20
2.94800000e+05 5.87290592e-20
2.94900000e+05 5.87151551e-20
2.95000000e+05 5.87012577e-20
2.95100000e+05 5.86873669e-20
2.95200000e+05 5.86734827e-20
2.95300000e+05 5.86596051e-20
2.95400000e+05 5.86457342e-20
2.95500000e+05 5.86318698e-20
2.95600000e+05 5.86180121e-20
2.95700000e+05 5.86041609e-20
2.95800000e+05 5.85903163e-20
2.95900000e+05 5.85764784e-20
2.96000000e+05 5.85626470e-20
2.96100000e+05 5.85488222e-20
2.96200000e+05 5.85350039e-20
2.96300000e+05 5.85211923e-20
2.96400000e+05 5.85073872e-20
2.96500000e+05 5.84935887e-20
2.96600000e+05 5.84797967e-20
2.96700000e+05 5.84660113e-20
2.96800000e+05 5.84522324e-20
2.96900000e+05 5.84384601e-20
2.97000000e+05 5.84246943e-20
2.97100000e+05 5.84109351e-20
2.97200000e+05 5.83971824e-20
2.97300000e+05 5.83834362e-20
2.97400000e+05 5.83696966e-20
2.97500000e+05 5.83559635e-20
2.97600000e+05 5.83422369e-20
2.97700000e+05 5.83285168e-20
2.97800000e+05 5.83148032e-20
2.97900000e+05 5.83010961e-20
2.98000000e+05 5.82873956e-20
2.98100000e+05 5.82737015e-20
2.98200000e+05 5.82600139e-20
2.98300000e+05 5.82463328e-20
2.98400000e+05 5.82326582e-20
2.98500000e+05 5.82189901e-20
2.98600000e+05 5.82053284e-20
2.98700000e+05 5.81916733e-20
2.98800000e+05 5.81780246e-20
2.98900000e+05 5.81643823e-20
2.99000000e+05 5.81507465e-20
2.99100000e+05 5.81371172e-20
2.99200000e+05 5.81234943e-20
2.99300000e+05 5.81098779e-20
2.99400000e+05 5.80962679e-20
2.99500000e+05 5.80826643e-20
2.99600000e+05 5.80690672e-20
2.99700000e+05 5.80554766e-20
2.99800000e+05 5.80418923e-20
2.99900000e+05 5.80283145e-20
3.00000000e+05 5.80147431e-20
3.00100000e+05 5.80011781e-20
3.00200000e+05 5.79876195e-20
3.00300000e+05 5.79740673e-20
3.00400000e+05 5.79605215e-20
3.00500000e+05 5.79469821e-20
3.00600000e+05 5.79334491e-20
3.00700000e+05 5.79199225e-20
3.00800000e+05 5.79064023e-20
3.00900000e+05 5.78928885e-20
3.01000000e+05 5.78793810e-20
3.01100000e+05 5.78658800e-20
3.01200000e+05 5.78523853e-20
3.01300000e+05 5.78388969e-20
3.01400000e+05 5.78254149e-20
3.01500000e+05 5.78119393e-20
3.01600000e+05 5.77984700e-20
3.01700000e+05 5.77850071e-20
3.01800000e+05 5.77715505e-20
3.01900000e+05 5.77581003e-20
3.02000000e+05 5.77446564e-20
3.02100000e+05 5.77312189e-20
3.02200000e+05 5.77177876e-20
3.02300000e+05 5.77043627e-20
3.02400000e+05 5.76909441e-20
3.02500000e+05 5.76775318e-20
3.02600000e+05 5.76641259e-20
3.02700000e+05 5.76507262e-20
3.02800000e+05 5.76373329e-20
3.02900000e+05 5.76239459e-20
3.03000000e+05 5.76105651e-20
3.03100000e+05 5.75971907e-20
3.03200000e+05 5.75838225e-20
3.03300000e+05 5.75704606e-20
3.03400000e+05 5.75571050e-20
3.03500000e+05 5.75437557e-20
3.03600000e+05 5.75304126e-20
3.03700000e+05 5.75170759e-20
3.03800000e+05 5.75037453e-20
3.03900000e+05 5.74904211e-20
3.04000000e+05 5.74771031e-20
3.04100000e+05 5.74637913e-20
3.04200000e+05 5.74504858e-20
3.04300000e+05 5.74371866e-20
3.04400000e+05 5.74238936e-20
3.04500000e+05 5.74106068e-20
3.04600000e+05 5.73973263e-20
3.04700000e+05 5.73840519e-20
3.04800000e+05 5.73707838e-20
3.04900000e+05 5.73575220e-20
3.05000000e+05 5.73442663e-20
3.05100000e+05 5.73310169e-20
3.05200000e+05 5.73177737e-20
3.05300000e+05 5.73045366e-20
3.05400000e+05 5.72913058e-20
3.05500000e+05 5.72780812e-20
3.05600000e+05 5.72648628e-20
3.05700000e+05 5.72516505e-20
3.05800000e+05 5.72384445e-20
3.05900000e+05 5.72252446e-20
3.06000000e+05 5.72120509e-20
3.06100000e+05 5.71988634e-20
3.06200000e+05 5.71856820e-20
3.06300000e+05 5.71725068e-20
3.06400000e+05 5.71593378e-20
3.06500000e+05 5.71461749e-20
3.06600000e+05 5.71330182e-20
3.06700000e+05 5.71198676e-20
3.06800000e+05 5.71067232e-20
3.06900000e+05 5.70935849e-20
3.07000000e+05 5.70804528e-20
3.07100000e+05 5.70673268e-20
3.07200000e+05 5.70542069e-20
3.07300000e+05 5.70410931e-20
3.07400000e+05 5.70279855e-20
3.07500000e+05 5.70148840e-20
3.07600000e+05 5.70017886e-20
3.07700000e+05 5.69886993e-20
3.07800000e+05 5.69756161e-20
3.07900000e+05 5.69625391e-20
3.08000000e+05 5.69494681e-20
3.08100000e+05 5.69364032e-20
3.08200000e+05 5.69233444e-20
3.08300000e+05 5.69102917e-20
3.08400000e+05 5.68972451e-20
3.08500000e+05 5.68842046e-20
3.08600000e+05 5.68711701e-20
3.08700000e+05 5.68581417e-20
3.08800000e+05 5.68451194e-20
3.08900000e+05 5.68321031e-20
3.09000000e+05 5.68190929e-20
3.09100000e+05 5.68060888e-20
3.09200000e+05 5.67930907e-20
3.09300000e+05 5.67800986e-20
3.09400000e+05 5.67671126e-20
3.09500000e+05 5.67541327e-20
3.09600000e+05 5.67411588e-20
3.09700000e+05 5.67281909e-20
3.09800000e+05 5.67152290e-20
3.09900000e+05 5.67022732e-20
3.10000000e+05 5.66893234e-20
3.10100000e+05 5.66763796e-20
3.10200000e+05 5.66634418e-20
3.10300000e+05 5.66505101e-20
3.10400000e+05 5.66375843e-20
3.10500000e+05 5.66246645e-20
3.10600000e+05 5.66117508e-20
3.10700000e+05 5.65988430e-20
3.10800000e+05 5.65859413e-20
3.10900000e+05 5.65730455e-20
3.11000000e+05 5.65601557e-20
3.11100000e+05 5.65472718e-20
3.11200000e+05 5.65343940e-20
3.11300000e+05 5.65215221e-20
3.11400000e+05 5.65086562e-20
3.11500000e+05 5.64957963e-20
3.11600000e+05 5.64829423e-20
3.11700000e+05 5.64700943e-20
3.11800000e+05 5.64572522e-20
3.11900000e+05 5.64444161e-20
3.12000000e+05 5.64315859e-20
3.12100000e+05 5.64187617e-20
3.12200000e+05 5.64059434e-20
3.12300000e+05 5.63931310e-20
3.12400000e+05 5.63803246e-20
3.12500000e+05 5.63675241e-20
3.12600000e+05 5.63547295e-20
3.12700000e+05 5.63419409e-20
3.12800000e+05 5.63291581e-20
3.12900000e+05 5.63163813e-20
3.13000000e+05 5.63036103e-20
3.13100000e+05 5.62908453e-20
3.13200000e+05 5.62780862e-20
3.13300000e+05 5.62653330e-20
3.13400000e+05 5.62525856e-20
3.13500000e+05 5.62398442e-20
3.13600000e+05 5.62271086e-20
3.13700000e+05 5.62143790e-20
3.13800000e+05 5.62016552e-20
3.13900000e+05 5.61889372e-20
3.14000000e+05 5.61762252e-20
3.14100000e+05 5.61635190e-20
3.14200000e+05 5.61508187e-20
3.14300000e+05 5.61381242e-20
3.14400000e+05 5.61254356e-20
3.14500000e+05 5.61127528e-20
3.14600000e+05 5.61000759e-20
3.14700000e+05 5.60874049e-20
3.14800000e+05 5.60747396e-20
3.14900000e+05 5.60620803e-20
3.15000000e+05 5.60494267e-20
3.15100000e+05 5.60367790e-20
3.15200000e+05 5.60241371e-20
3.15300000e+05 5.60115010e-20
3.15400000e+05 5.59988707e-20
3.15500000e+05 5.59862463e-20
3.15600000e+05 5.59736277e-20
3.15700000e+05 5.59610148e-20
3.15800000e+05 5.59484078e-20
3.15900000e+05 5.59358066e-20
3.16000000e+05 5.59232112e-20
3.16100000e+05 5.59106215e-20
3.16200000e+05 5.58980377e-20
3.16300000e+05 5.58854596e-20
3.16400000e+05 5.58728873e-20
3.16500000e+05 5.58603208e-20
3.16600000e+05 5.58477601e-20
3.16700000e+05 5.58352052e-20
3.16800000e+05 5.58226560e-20
3.16900000e+05 5.58101126e-20
3.17000000e+05 5.57975749e-20
3.17100000e+05 5.57850430e-20
3.17200000e+05 5.57725168e-20
3.17300000e+05 5.57599964e-20
3.17400000e+05 5.57474817e-20
3.17500000e+05 5.57349728e-20
3.17600000e+05 5.57224696e-20
3.17700000e+05 5.57099722e-20
3.17800000e+05 5.56974805e-20
3.17900000e+05 5.56849945e-20
3.18000000e+05 5.56725142e-20
3.18100000e+05 5.56600396e-20
3.18200000e+05 5.56475708e-20
3.18300000e+05 5.56351077e-20
3.18400000e+05 5.56226503e-20
3.18500000e+05 5.56101986e-20
3.18600000e+05 5.55977526e-20
3.18700000e+05 5.55853122e-20
3.18800000e+05 5.55728776e-20
3.18900000e+05 5.55604487e-20
3.19000000e+05 5.55480255e-20
3.19100000e+05 5.55356079e-20
3.19200000e+05 5.55231960e-20
3.19300000e+05 5.55107898e-20
3.19400000e+05 5.54983893e-20
3.19500000e+05 5.54859945e-20
3.19600000e+05 5.54736053e-20
3.19700000e+05 5.54612217e-20
3.19800000e+05 5.54488439e-20
3.19900000e+05 5.54364716e-20
3.20000000e+05 5.54241051e-20
3.20100000e+05 5.54117442e-20
3.20200000e+05 5.53993889e-20
3.20300000e+05 5.53870392e-20
3.20400000e+05 5.53746952e-20
3.20500000e+05 5.53623569e-20
3.20600000e+05 5.53500241e-20
3.20700000e+05 5.53376970e-20
3.20800000e+05 5.53253755e-20
3.20900000e+05 5.53130597e-20
3.21000000e+05 5.53007494e-20
3.21100000e+05 5.52884448e-20
3.21200000e+05 5.52761457e-20
3.21300000e+05 5.52638523e-20
3.21400000e+05 5.52515645e-20
3.21500000e+05 5.52392823e-20
3.21600000e+05 5.52270056e-20
3.21700000e+05 5.52147346e-20
3.21800000e+05 5.52024691e-20
3.21900000e+05 5.51902092e-20
3.22000000e+05 5.51779550e-20
3.22100000e+05 5.51657062e-20
3.22200000e+05 5.51534631e-20
3.22300000e+05 5.51412255e-20
3.22400000e+05 5.51289935e-20
3.22500000e+05 5.51167671e-20
3.22600000e+05 5.51045462e-20
3.22700000e+05 5.50923308e-20
3.22800000e+05 5.50801211e-20
3.22900000e+05 5.50679168e-20
3.23000000e+05 5.50557181e-20
3.23100000e+05 5.50435250e-20
3.23200000e+05 5.50313374e-20
3.23300000e+05 5.50191553e-20
3.23400000e+05 5.50069787e-20
3.23500000e+05 5.49948077e-20
3.23600000e+05 5.49826422e-20
3.23700000e+05 5.49704823e-20
3.23800000e+05 5.49583278e-20
3.23900000e+05 5.49461789e-20
3.24000000e+05 5.49340354e-20
3.24100000e+05 5.49218975e-20
3.24200000e+05 5.49097651e-20
3.24300000e+05 5.48976382e-20
3.24400000e+05 5.48855167e-20
3.24500000e+05 5.48734008e-20
3.24600000e+05 5.48612903e-20
3.24700000e+05 5.48491854e-20
3.24800000e+05 5.48370859e-20
3.24900000e+05 5.48249919e-20
3.25000000e+05 5.48129034e-20
3.25100000e+05 5.48008203e-20
3.25200000e+05 5.47887427e-20
3.25300000e+05 5.47766706e-20
3.25400000e+05 5.47646039e-20
3.25500000e+05 5.47525427e-20
3.25600000e+05 5.47404870e-20
3.25700000e+05 5.47284367e-20
3.25800000e+05 5.47163918e-20
3.25900000e+05 5.47043524e-20
3.26000000e+05 5.46923185e-20
3.26100000e+05 5.46802900e-20
3.26200000e+05 5.46682669e-20
3.26300000e+05 5.46562492e-20
3.26400000e+05 5.46442370e-20
3.26500000e+05 5.46322301e-20
3.26600000e+05 5.46202288e-20
3.26700000e+05 5.46082328e-20
3.26800000e+05 5.45962422e-20
3.26900000e+05 5.45842571e-20
3.27000000e+05 5.45722773e-20
3.27100000e+05 5.45603030e-20
3.27200000e+05 5.45483340e-20
3.27300000e+05 5.45363705e-20
3.27400000e+05 5.45244123e-20
3.27500000e+05 5.45124596e-20
3.27600000e+05 5.45005122e-20
3.27700000e+05 5.44885702e-20
3.27800000e+05 5.44766336e-20
3.27900000e+05 5.44647023e-20
3.28000000e+05 5.44527765e-20
3.28100000e+05 5.44408560e-20
3.28200000e+05 5.44289408e-20
3.28300000e+05 5.44170311e-20
3.28400000e+05 5.44051267e-20
3.28500000e+05 5.43932276e-20
3.28600000e+05 5.43813339e-20
3.28700000e+05 5.43694455e-20
3.28800000e+05 5.43575625e-20
3.28900000e+05 5.43456849e-20
3.29000000e+05 5.43338125e-20
3.29100000e+05 5.43219456e-20
3.29200000e+05 5.43100839e-20
3.29300000e+05 5.42982276e-20
3.29400000e+05 5.42863766e-20
3.29500000e+05 5.42745309e-20
3.29600000e+05 5.42626905e-20
3.29700000e+05 5.42508555e-20
3.29800000e+05 5.42390257e-20
3.29900000e+05 5.42272013e-20
3.30000000e+05 5.42153822e-20
3.30100000e+05 5.42035684e-20
3.30200000e+05 5.41917598e-20
3.30300000e+05 5.41799566e-20
3.30400000e+05 5.41681587e-20
3.30500000e+05 5.41563660e-20
3.30600000e+05 5.41445787e-20
3.30700000e+05 5.41327966e-20
3.30800000e+05 5.41210198e-20
3.30900000e+05 5.41092483e-20
3.31000000e+05 5.40974820e-20
3.31100000e+05 5.40857210e-20
3.31200000e+05 5.40739653e-20
3.31300000e+05 5.40622149e-20
3.31400000e+05 5.40504697e-20
3.31500000e+05 5.40387297e-20
3.31600000e+05 5.40269950e-20
3.31700000e+05 5.40152656e-20
3.31800000e+05 5.40035414e-20
3.31900000e+05 5.39918225e-20
3.32000000e+05 5.39801087e-20
3.32100000e+05 5.39684003e-20
3.32200000e+05 5.39566970e-20
3.32300000e+05 5.39449990e-20
3.32400000e+05 5.39333062e-20
3.32500000e+05 5.39216187e-20
3.32600000e+05 5.39099363e-20
3.32700000e+05 5.38982592e-20
3.32800000e+05 5.38865873e-20
3.32900000e+05 5.38749206e-20
3.33000000e+05 5.38632591e-20
3.33100000e+05 5.38516028e-20
3.33200000e+05 5.38399517e-20
3.33300000e+05 5.38283058e-20
3.33400000e+05 5.38166651e-20
3.33500000e+05 5.38050295e-20
3.33600000e+05 5.37933992e-20
3.33700000e+05 5.37817741e-20
3.33800000e+05 5.37701541e-20
3.33900000e+05 5.37585393e-20
3.34000000e+05 5.37469297e-20
3.34100000e+05 5.37353253e-20
3.34200000e+05 5.37237260e-20
3.34300000e+05 5.37121319e-20
3.34400000e+05 5.37005429e-20
3.34500000e+05 5.36889591e-20
3.34600000e+05 5.36773805e-20
3.34700000e+05 5.36658070e-20
3.34800000e+05 5.36542387e-20
3.34900000e+05 5.36426755e-20
3.35000000e+05 5.36311174e-20
3.35100000e+05 5.36195645e-20
3.35200000e+05 5.36080167e-20
3.35300000e+05 5.35964741e-20
3.35400000e+05 5.35849366e-20
3.35500000e+05 5.35734042e-20
3.35600000e+05 5.35618769e-20
3.35700000e+05 5.35503547e-20
3.35800000e+05 5.35388377e-20
3.35900000e+05 5.35273258e-20
3.36000000e+05 5.35158190e-20
3.36100000e+05 5.35043173e-20
3.36200000e+05 5.34928207e-20
3.36300000e+05 5.34813292e-20
3.36400000e+05 5.34698427e-20
3.36500000e+05 5.34583614e-20
3.36600000e+05 5.34468852e-20
3.36700000e+05 5.34354141e-20
3.36800000e+05 5.34239480e-20
3.36900000e+05 5.34124871e-20
3.37000000e+05 5.34010312e-20
3.37100000e+05 5.33895803e-20
3.37200000e+05 5.33781346e-20
3.37300000e+05 5.33666939e-20
3.37400000e+05 5.33552583e-20
3.37500000e+05 5.33438278e-20
3.37600000e+05 5.33324023e-20
3.37700000e+05 5.33209818e-20
3.37800000e+05 5.33095664e-20
3.37900000e+05 5.32981561e-20
3.38000000e+05 5.32867508e-20
3.38100000e+05 5.32753506e-20
3.38200000e+05 5.32639554e-20
3.38300000e+05 5.32525652e-20
3.38400000e+05 5.32411801e-20
3.38500000e+05 5.32298000e-20
3.38600000e+05 5.32184249e-20
3.38700000e+05 5.32070548e-20
3.38800000e+05 5.31956898e-20
3.38900000e+05 5.31843298e-20
3.39000000e+05 5.31729748e-20
3.39100000e+05 5.31616248e-20
3.39200000e+05 5.31502798e-20
3.39300000e+05 5.31389398e-20
3.39400000e+05 5.31276049e-20
3.39500000e+05 5.31162749e-20
3.39600000e+05 5.31049499e-20
3.39700000e+05 5.30936299e-20
3.39800000e+05 5.30823149e-20
3.39900000e+05 5.30710049e-20
3.40000000e+05 5.30596999e-20
3.40100000e+05 5.30483999e-20
3.40200000e+05 5.30371048e-20
3.40300000e+05 5.30258147e-20
3.40400000e+05 5.30145296e-20
3.40500000e+05 5.30032494e-20
3.40600000e+05 5.29919742e-20
3.40700000e+05 5.29807040e-20
3.40800000e+05 5.29694388e-20
3.40900000e+05 5.29581784e-20
3.41000000e+05 5.29469231e-20
3.41100000e+05 5.29356727e-20
3.41200000e+05 5.29244272e-20
3.41300000e+05 5.29131867e-20
3.41400000e+05 5.29019511e-20
3.41500000e+05 5.28907205e-20
3.41600000e+05 5.28794948e-20
3.41700000e+05 5.28682740e-20
3.41800000e+05 5.28570582e-20
3.41900000e+05 5.28458472e-20
3.42000000e+05 5.28346412e-20
3.42100000e+05 5.28234402e-20
3.42200000e+05 5.28122440e-20
3.42300000e+05 5.28010528e-20
3.42400000e+05 5.27898664e-20
3.42500000e+05 5.27786850e-20
3.42600000e+05 5.27675084e-20
3.42700000e+05 5.27563368e-20
3.42800000e+05 5.27451701e-20
3.42900000e+05 5.27340083e-20
3.43000000e+05 5.27228513e-20
3.43100000e+05 5.27116992e-20
3.43200000e+05 5.27005521e-20
3.43300000e+05 5.26894098e-20
3.43400000e+05 5.26782724e-20
3.43500000e+05 5.26671398e-20
3.43600000e+05 5.26560122e-20
3.43700000e+05 5.26448894e-20
3.43800000e+05 5.26337715e-20
3.43900000e+05 5.26226584e-20
3.44000000e+05 5.26115502e-20
3.44100000e+05 5.26004469e-20
3.44200000e+05 5.25893484e-20
3.44300000e+05 5.25782548e-20
3.44400000e+05 5.25671660e-20
3.44500000e+05 5.25560821e-20
3.44600000e+05 5.25450030e-20
3.44700000e+05 5.25339287e-20
3.44800000e+05 5.25228593e-20
3.44900000e+05 5.25117947e-20
3.45000000e+05 5.25007350e-20
3.45100000e+05 5.24896800e-20
3.45200000e+05 5.24786300e-20
3.45300000e+05 5.24675847e-20
3.45400000e+05 5.24565442e-20
3.45500000e+05 5.24455086e-20
3.45600000e+05 5.24344778e-20
3.45700000e+05 5.24234518e-20
3.45800000e+05 5.24124306e-20
3.45900000e+05 5.24014142e-20
3.46000000e+05 5.23904026e-20
3.46100000e+05 5.23793958e-20
3.46200000e+05 5.23683937e-20
3.46300000e+05 5.23573965e-20
3.46400000e+05 5.23464041e-20
3.46500000e+05 5.23354165e-20
3.46600000e+05 5.23244336e-20
3.46700000e+05 5.23134556e-20
3.46800000e+05 5.23024823e-20
3.46900000e+05 5.22915137e-20
3.47000000e+05 5.22805500e-20
3.47100000e+05 5.22695910e-20
3.47200000e+05 5.22586368e-20
3.47300000e+05 5.22476874e-20
3.47400000e+05 5.22367427e-20
3.47500000e+05 5.22258027e-20
3.47600000e+05 5.22148676e-20
3.47700000e+05 5.22039371e-20
3.47800000e+05 5.21930115e-20
3.47900000e+05 5.21820905e-20
3.48000000e+05 5.21711743e-20
3.48100000e+05 5.21602629e-20
3.48200000e+05 5.21493562e-20
3.48300000e+05 5.21384542e-20
3.48400000e+05 5.21275569e-20
3.48500000e+05 5.21166644e-20
3.48600000e+05 5.21057766e-20
3.48700000e+05 5.20948935e-20
3.48800000e+05 5.20840152e-20
3.48900000e+05 5.20731416e-20
3.49000000e+05 5.20622726e-20
3.49100000e+05 5.20514084e-20
3.49200000e+05 5.20405489e-20
3.49300000e+05 5.20296941e-20
3.49400000e+05 5.20188440e-20
3.49500000e+05 5.20079986e-20
3.49600000e+05 5.19971579e-20
3.49700000e+05 5.19863219e-20
3.49800000e+05 5.19754906e-20
3.49900000e+05 5.19646639e-20
3.50000000e+05 5.19538420e-20
3.50100000e+05 5.19430247e-20
3.50200000e+05 5.19322121e-20
3.50300000e+05 5.19214042e-20
3.50400000e+05 5.19106010e-20
3.50500000e+05 5.18998024e-20
3.50600000e+05 5.18890085e-20
3.50700000e+05 5.18782192e-20
3.50800000e+05 5.18674347e-20
3.50900000e+05 5.18566547e-20
3.51000000e+05 5.18458795e-20
3.51100000e+05 5.18351089e-20
3.51200000e+05 5.18243429e-20
3.51300000e+05 5.18135816e-20
3.51400000e+05 5.18028249e-20
3.51500000e+05 5.17920729e-20
3.51600000e+05 5.17813255e-20
3.51700000e+05 5.17705827e-20
3.51800000e+05 5.17598446e-20
3.51900000e+05 5.17491111e-20
3.52000000e+05 5.17383823e-20
3.52100000e+05 5.17276580e-20
3.52200000e+05 5.17169384e-20
3.52300000e+05 5.17062234e-20
3.52400000e+05 5.16955130e-20
3.52500000e+05 5.16848072e-20
3.52600000e+05 5.16741061e-20
3.52700000e+05 5.16634095e-20
3.52800000e+05 5.16527176e-20
3.52900000e+05 5.16420302e-20
3.53000000e+05 5.16313475e-20
3.53100000e+05 5.16206693e-20
3.53200000e+05 5.16099957e-20
3.53300000e+05 5.15993268e-20
3.53400000e+05 5.15886624e-20
3.53500000e+05 5.15780026e-20
3.53600000e+05 5.15673474e-20
3.53700000e+05 5.15566967e-20
3.53800000e+05 5.15460507e-20
3.53900000e+05 5.15354092e-20
3.54000000e+05 5.15247723e-20
3.54100000e+05 5.15141399e-20
3.54200000e+05 5.15035121e-20
3.54300000e+05 5.14928889e-20
3.54400000e+05 5.14822703e-20
3.54500000e+05 5.14716562e-20
3.54600000e+05 5.14610466e-20
3.54700000e+05 5.14504416e-20
3.54800000e+05 5.14398411e-20
3.54900000e+05 5.14292452e-20
3.55000000e+05 5.14186539e-20
3.55100000e+05 5.14080671e-20
3.55200000e+05 5.13974848e-20
3.55300000e+05 5.13869070e-20
3.55400000e+05 5.13763338e-20
3.55500000e+05 5.13657651e-20
3.55600000e+05 5.13552009e-20
3.55700000e+05 5.13446413e-20
3.55800000e+05 5.13340862e-20
3.55900000e+05 5.13235356e-20
3.56000000e+05 5.13129895e-20
3.56100000e+05 5.13024479e-20
3.56200000e+05 5.12919108e-20
3.56300000e+05 5.12813783e-20
3.56400000e+05 5.12708502e-20
3.56500000e+05 5.12603267e-20
3.56600000e+05 5.12498076e-20
3.56700000e+05 5.12392930e-20
3.56800000e+05 5.12287830e-20
3.56900000e+05 5.12182774e-20
3.57000000e+05 5.12077763e-20
3.57100000e+05 5.11972797e-20
3.57200000e+05 5.11867876e-20
3.57300000e+05 5.11762999e-20
3.57400000e+05 5.11658168e-20
3.57500000e+05 5.11553381e-20
3.57600000e+05 5.11448639e-20
3.57700000e+05 5.11343941e-20
3.57800000e+05 5.11239288e-20
3.57900000e+05 5.11134680e-20
3.58000000e+05 5.11030116e-20
3.58100000e+05 5.10925597e-20
3.58200000e+05 5.10821123e-20
3.58300000e+05 5.10716693e-20
3.58400000e+05 5.10612307e-20
3.58500000e+05 5.10507966e-20
3.58600000e+05 5.10403669e-20
3.58700000e+05 5.10299417e-20
3.58800000e+05 5.10195209e-20
3.58900000e+05 5.10091046e-20
3.59000000e+05 5.09986927e-20
3.59100000e+05 5.09882852e-20
3.59200000e+05 5.09778821e-20
3.59300000e+05 5.09674835e-20
3.59400000e+05 5.09570893e-20
3.59500000e+05 5.09466995e-20
3.59600000e+05 5.09363142e-20
3.59700000e+05 5.09259332e-20
3.59800000e+05 5.09155567e-20
3.59900000e+05 5.09051845e-20
3.60000000e+05 5.08948168e-20
3.60100000e+05 5.08844535e-20
3.60200000e+05 5.08740945e-20
3.60300000e+05 5.08637400e-20
3.60400000e+05 5.08533899e-20
3.60500000e+05 5.08430441e-20
3.60600000e+05 5.08327028e-20
3.60700000e+05 5.08223658e-20
3.60800000e+05 5.08120333e-20
3.60900000e+05 5.08017051e-20
3.61000000e+05 5.07913813e-20
3.61100000e+05 5.07810618e-20
3.61200000e+05 5.07707467e-20
3.61300000e+05 5.07604361e-20
3.61400000e+05 5.07501297e-20
3.61500000e+05 5.07398278e-20
3.61600000e+05 5.07295302e-20
3.61700000e+05 5.07192370e-20
3.61800000e+05 5.07089481e-20
3.61900000e+05 5.06986636e-20
3.62000000e+05 5.06883834e-20
3.62100000e+05 5.06781076e-20
3.62200000e+05 5.06678361e-20
3.62300000e+05 5.06575690e-20
3.62400000e+05 5.06473062e-20
3.62500000e+05 5.06370478e-20
3.62600000e+05 5.06267937e-20
3.62700000e+05 5.06165439e-20
3.62800000e+05 5.06062985e-20
3.62900000e+05 5.05960574e-20
3.63000000e+05 5.05858206e-20
3.63100000e+05 5.05755881e-20
3.63200000e+05 5.05653600e-20
3.63300000e+05 5.05551362e-20
3.63400000e+05 5.05449167e-20
3.63500000e+05 5.05347015e-20
3.63600000e+05 5.05244906e-20
3.63700000e+05 5.05142840e-20
3.63800000e+05 5.05040818e-20
3.63900000e+05 5.04938838e-20
3.64000000e+05 5.04836902e-20
3.64100000e+05 5.04735008e-20
3.64200000e+05 5.04633157e-20
3.64300000e+05 5.04531350e-20
3.64400000e+05 5.04429585e-20
3.64500000e+05 5.04327863e-20
3.64600000e+05 5.04226184e-20
3.64700000e+05 5.04124547e-20
3.64800000e+05 5.04022954e-20
3.64900000e+05 5.03921403e-20
3.65000000e+05 5.03819895e-20
3.65100000e+05 5.03718430e-20
3.65200000e+05 5.03617007e-20
3.65300000e+05 5.03515628e-20
3.65400000e+05 5.03414290e-20
3.65500000e+05 5.03312996e-20
3.65600000e+05 5.03211744e-20
3.65700000e+05 5.03110534e-20
3.65800000e+05 5.03009367e-20
3.65900000e+05 5.02908243e-20
3.66000000e+05 5.02807161e-20
3.66100000e+05 5.02706121e-20
3.66200000e+05 5.02605124e-20
3.66300000e+05 5.02504170e-20
3.66400000e+05 5.02403258e-20
3.66500000e+05 5.02302388e-20
3.66600000e+05 5.02201560e-20
3.66700000e+05 5.02100775e-20
3.66800000e+05 5.02000032e-20
3.66900000e+05 5.01899331e-20
3.67000000e+05 5.01798673e-20
3.67100000e+05 5.01698057e-20
3.67200000e+05 5.01597482e-20
3.67300000e+05 5.01496951e-20
3.67400000e+05 5.01396461e-20
3.67500000e+05 5.01296013e-20
3.67600000e+05 5.01195607e-20
3.67700000e+05 5.01095244e-20
3.67800000e+05 5.00994922e-20
3.67900000e+05 5.00894643e-20
3.68000000e+05 5.00794405e-20
3.68100000e+05 5.00694210e-20
3.68200000e+05 5.00594056e-20
3.68300000e+05 5.00493944e-20
3.68400000e+05 5.00393874e-20
3.68500000e+05 5.00293846e-20
3.68600000e+05 5.00193860e-20
3.68700000e+05 5.00093916e-20
3.68800000e+05 4.99994013e-20
3.68900000e+05 4.99894152e-20
3.69000000e+05 4.99794333e-20
3.69100000e+05 4.99694556e-20
3.69200000e+05 4.99594820e-20
3.69300000e+05 4.99495126e-20
3.69400000e+05 4.99395473e-20
3.69500000e+05 4.99295863e-20
3.69600000e+05 4.99196293e-20
3.69700000e+05 4.99096765e-20
3.69800000e+05 4.98997279e-20
3.69900000e+05 4.98897835e-20
3.70000000e+05 4.98798431e-20
3.70100000e+05 4.98699069e-20
3.70200000e+05 4.98599749e-20
3.70300000e+05 4.98500470e-20
3.70400000e+05 4.98401233e-20
3.70500000e+05 4.98302036e-20
3.70600000e+05 4.98202881e-20
3.70700000e+05 4.98103768e-20
3.70800000e+05 4.98004695e-20
3.70900000e+05 4.97905664e-20
3.71000000e+05 4.97806674e-20
3.71100000e+05 4.97707726e-20
3.71200000e+05 4.97608818e-20
3.71300000e+05 4.97509952e-20
3.71400000e+05 4.97411127e-20
3.71500000e+05 4.97312343e-20
3.71600000e+05 4.97213600e-20
3.71700000e+05 4.97114898e-20
3.71800000e+05 4.97016237e-20
3.71900000e+05 4.96917617e-20
3.72000000e+05 4.96819038e-20
3.72100000e+05 4.96720500e-20
3.72200000e+05 4.96622003e-20
3.72300000e+05 4.96523547e-20
3.72400000e+05 4.96425131e-20
3.72500000e+05 4.96326757e-20
3.72600000e+05 4.96228423e-20
3.72700000e+05 4.96130131e-20
3.72800000e+05 4.96031879e-20
3.72900000e+05 4.95933668e-20
3.73000000e+05 4.95835497e-20
3.73100000e+05 4.95737367e-20
3.73200000e+05 4.95639278e-20
3.73300000e+05 4.95541230e-20
3.73400000e+05 4.95443222e-20
3.73500000e+05 4.95345255e-20
3.73600000e+05 4.95247328e-20
3.73700000e+05 4.95149442e-20
3.73800000e+05 4.95051597e-20
3.73900000e+05 4.94953792e-20
3.74000000e+05 4.94856027e-20
3.74100000e+05 4.94758303e-20
3.74200000e+05 4.94660620e-20
3.74300000e+05 4.94562977e-20
3.74400000e+05 4.94465374e-20
3.74500000e+05 4.94367812e-20
3.74600000e+05 4.94270290e-20
3.74700000e+05 4.94172808e-20
3.74800000e+05 4.94075367e-20
3.74900000e+05 4.93977966e-20
3.75000000e+05 4.93880605e-20
3.75100000e+05 4.93783284e-20
3.75200000e+05 4.93686004e-20
3.75300000e+05 4.93588763e-20
3.75400000e+05 4.93491563e-20
3.75500000e+05 4.93394403e-20
3.75600000e+05 4.93297284e-20
3.75700000e+05 4.93200204e-20
3.75800000e+05 4.93103164e-20
3.75900000e+05 4.93006165e-20
3.76000000e+05 4.92909205e-20
3.76100000e+05 4.92812285e-20
3.76200000e+05 4.92715406e-20
3.76300000e+05 4.92618566e-20
3.76400000e+05 4.92521766e-20
3.76500000e+05 4.92425006e-20
3.76600000e+05 4.92328286e-20
3.76700000e+05 4.92231606e-20
3.76800000e+05 4.92134965e-20
3.76900000e+05 4.92038365e-20
3.77000000e+05 4.91941804e-20
3.77100000e+05 4.91845283e-20
3.77200000e+05 4.91748802e-20
3.77300000e+05 4.91652360e-20
3.77400000e+05 4.91555958e-20
3.77500000e+05 4.91459596e-20
3.77600000e+05 4.91363273e-20
3.77700000e+05 4.91266990e-20
3.77800000e+05 4.91170747e-20
3.77900000e+05 4.91074543e-20
3.78000000e+05 4.90978378e-20
3.78100000e+05 4.90882253e-20
3.78200000e+05 4.90786168e-20
3.78300000e+05 4.90690122e-20
3.78400000e+05 4.90594116e-20
3.78500000e+05 4.90498149e-20
3.78600000e+05 4.90402221e-20
3.78700000e+05 4.90306333e-20
3.78800000e+05 4.90210484e-20
3.78900000e+05 4.90114674e-20
3.79000000e+05 4.90018904e-20
3.79100000e+05 4.89923173e-20
3.79200000e+05 4.89827481e-20
3.79300000e+05 4.89731829e-20
3.79400000e+05 4.89636216e-20
3.79500000e+05 4.89540642e-20
3.79600000e+05 4.89445107e-20
3.79700000e+05 4.89349611e-20
3.79800000e+05 4.89254154e-20
3.79900000e+05 4.89158737e-20
3.80000000e+05 4.89063358e-20
3.80100000e+05 4.88968019e-20
3.80200000e+05 4.88872718e-20
3.80300000e+05 4.88777457e-20
3.80400000e+05 4.88682234e-20
3.80500000e+05 4.88587051e-20
3.80600000e+05 4.88491906e-20
3.80700000e+05 4.88396801e-20
3.80800000e+05 4.88301734e-20
3.80900000e+05 4.88206706e-20
3.81000000e+05 4.88111717e-20
3.81100000e+05 4.88016767e-20
3.81200000e+05 4.87921855e-20
3.81300000e+05 4.87826983e-20
3.81400000e+05 4.87732149e-20
3.81500000e+05 4.87637354e-20
3.81600000e+05 4.87542597e-20
3.81700000e+05 4.87447879e-20
3.81800000e+05 4.87353200e-20
3.81900000e+05 4.87258560e-20
3.82000000e+05 4.87163958e-20
3.82100000e+05 4.87069395e-20
3.82200000e+05 4.86974870e-20
3.82300000e+05 4.86880384e-20
3.82400000e+05 4.86785936e-20
3.82500000e+05 4.86691527e-20
3.82600000e+05 4.86597156e-20
3.82700000e+05 4.86502824e-20
3.82800000e+05 4.86408530e-20
3.82900000e+05 4.86314275e-20
3.83000000e+05 4.86220058e-20
3.83100000e+05 4.86125879e-20
3.83200000e+05 4.86031739e-20
3.83300000e+05 4.85937637e-20
3.83400000e+05 4.85843573e-20
3.83500000e+05 4.85749548e-20
3.83600000e+05 4.85655560e-20
3.83700000e+05 4.85561611e-20
3.83800000e+05 4.85467701e-20
3.83900000e+05 4.85373828e-20
3.84000000e+05 4.85279994e-20
3.84100000e+05 4.85186197e-20
3.84200000e+05 4.85092439e-20
3.84300000e+05 4.84998719e-20
3.84400000e+05 4.84905037e-20
3.84500000e+05 4.84811393e-20
3.84600000e+05 4.84717787e-20
3.84700000e+05 4.84624219e-20
3.84800000e+05 4.84530689e-20
3.84900000e+05 4.84437198e-20
3.85000000e+05 4.84343743e-20
3.85100000e+05 4.84250327e-20
3.85200000e+05 4.84156949e-20
3.85300000e+05 4.84063609e-20
3.85400000e+05 4.83970306e-20
3.85500000e+05 4.83877041e-20
3.85600000e+05 4.83783814e-20
3.85700000e+05 4.83690625e-20
3.85800000e+05 4.83597474e-20
3.85900000e+05 4.83504360e-20
3.86000000e+05 4.83411284e-20
3.86100000e+05 4.83318246e-20
3.86200000e+05 4.83225246e-20
3.86300000e+05 4.83132283e-20
3.86400000e+05 4.83039357e-20
3.86500000e+05 4.82946470e-20
3.86600000e+05 4.82853619e-20
3.86700000e+05 4.82760807e-20
3.86800000e+05 4.82668032e-20
3.86900000e+05 4.82575294e-20
3.87000000e+05 4.82482594e-20
3.87100000e+05 4.82389932e-20
3.87200000e+05 4.82297307e-20
3.87300000e+05 4.82204719e-20
3.87400000e+05 4.82112169e-20
3.87500000e+05 4.82019656e-20
3.87600000e+05 4.81927180e-20
3.87700000e+05 4.81834742e-20
3.87800000e+05 4.81742341e-20
3.87900000e+05 4.81649978e-20
3.88000000e+05 4.81557651e-20
3.88100000e+05 4.81465362e-20
3.88200000e+05 4.81373110e-20
3.88300000e+05 4.81280896e-20
3.88400000e+05 4.81188718e-20
3.88500000e+05 4.81096578e-20
3.88600000e+05 4.81004475e-20
3.88700000e+05 4.80912409e-20
3.88800000e+05 4.80820380e-20
3.88900000e+05 4.80728388e-20
3.89000000e+05 4.80636433e-20
3.89100000e+05 4.80544515e-20
3.89200000e+05 4.80452635e-20
3.89300000e+05 4.80360791e-20
3.89400000e+05 4.80268984e-20
3.89500000e+05 4.80177214e-20
3.89600000e+05 4.80085481e-20
3.89700000e+05 4.79993785e-20
3.89800000e+05 4.79902126e-20
3.89900000e+05 4.79810504e-20
3.90000000e+05 4.79718918e-20
3.90100000e+05 4.79627370e-20
3.90200000e+05 4.79535858e-20
3.90300000e+05 4.79444383e-20
3.90400000e+05 4.79352944e-20
3.90500000e+05 4.79261543e-20
3.90600000e+05 4.79170178e-20
3.90700000e+05 4.79078850e-20
3.90800000e+05 4.78987558e-20
3.90900000e+05 4.78896303e-20
3.91000000e+05 4.78805085e-20
3.91100000e+05 4.78713903e-20
3.91200000e+05 4.78622758e-20
3.91300000e+05 4.78531650e-20
3.91400000e+05 4.78440578e-20
3.91500000e+05 4.78349542e-20
3.91600000e+05 4.78258543e-20
3.91700000e+05 4.78167581e-20
3.91800000e+05 4.78076655e-20
3.91900000e+05 4.77985765e-20
3.92000000e+05 4.77894912e-20
3.92100000e+05 4.77804095e-20
3.92200000e+05 4.77713314e-20
3.92300000e+05 4.77622570e-20
3.92400000e+05 4.77531863e-20
3.92500000e+05 4.77441191e-20
3.92600000e+05 4.77350556e-20
3.92700000e+05 4.77259957e-20
3.92800000e+05 4.77169394e-20
3.92900000e+05 4.77078868e-20
3.93000000e+05 4.76988377e-20
3.93100000e+05 4.76897923e-20
3.93200000e+05 4.76807505e-20
3.93300000e+05 4.76717124e-20
3.93400000e+05 4.76626778e-20
3.93500000e+05 4.76536468e-20
3.93600000e+05 4.76446195e-20
3.93700000e+05 4.76355957e-20
3.93800000e+05 4.76265756e-20
3.93900000e+05 4.76175590e-20
3.94000000e+05 4.76085461e-20
3.94100000e+05 4.75995367e-20
3.94200000e+05 4.75905310e-20
3.94300000e+05 4.75815288e-20
3.94400000e+05 4.75725303e-20
3.94500000e+05 4.75635353e-20
3.94600000e+05 4.75545439e-20
3.94700000e+05 4.75455561e-20
3.94800000e+05 4.75365718e-20
3.94900000e+05 4.75275912e-20
3.95000000e+05 4.75186141e-20
3.95100000e+05 4.75096406e-20
3.95200000e+05 4.75006707e-20
3.95300000e+05 4.74917043e-20
3.95400000e+05 4.74827416e-20
3.95500000e+05 4.74737824e-20
3.95600000e+05 4.74648267e-20
3.95700000e+05 4.74558746e-20
3.95800000e+05 4.74469261e-20
3.95900000e+05 4.74379811e-20
3.96000000e+05 4.74290397e-20
3.96100000e+05 4.74201019e-20
3.96200000e+05 4.74111676e-20
3.96300000e+05 4.74022368e-20
3.96400000e+05 4.73933096e-20
3.96500000e+05 4.73843860e-20
3.96600000e+05 4.73754659e-20
3.96700000e+05 4.73665493e-20
3.96800000e+05 4.73576363e-20
3.96900000e+05 4.73487268e-20
3.97000000e+05 4.73398209e-20
3.97100000e+05 4.73309184e-20
3.97200000e+05 4.73220196e-20
3.97300000e+05 4.73131242e-20
3.97400000e+05 4.73042324e-20
3.97500000e+05 4.72953441e-20
3.97600000e+05 4.72864593e-20
3.97700000e+05 4.72775781e-20
3.97800000e+05 4.72687004e-20
3.97900000e+05 4.72598261e-20
3.98000000e+05 4.72509555e-20
3.98100000e+05 4.72420883e-20
3.98200000e+05 4.72332246e-20
3.98300000e+05 4.72243645e-20
3.98400000e+05 4.72155078e-20
3.98500000e+05 4.72066547e-20
3.98600000e+05 4.71978050e-20
3.98700000e+05 4.71889589e-20
3.98800000e+05 4.71801163e-20
3.98900000e+05 4.71712771e-20
3.99000000e+05 4.71624415e-20
3.99100000e+05 4.71536093e-20
3.99200000e+05 4.71447807e-20
3.99300000e+05 4.71359555e-20
3.99400000e+05 4.71271338e-20
3.99500000e+05 4.71183156e-20
3.99600000e+05 4.71095009e-20
3.99700000e+05 4.71006897e-20
3.99800000e+05 4.70918820e-20
3.99900000e+05 4.70830777e-20
4.00000000e+05 4.70742769e-20
4.00100000e+05 4.70654796e-20
4.00200000e+05 4.70566857e-20
4.00300000e+05 4.70478954e-20
4.00400000e+05 4.70391084e-20
4.00500000e+05 4.70303250e-20
4.00600000e+05 4.70215450e-20
4.00700000e+05 4.70127685e-20
4.00800000e+05 4.70039955e-20
4.00900000e+05 4.69952259e-20
4.01000000e+05 4.69864597e-20
4.01100000e+05 4.69776970e-20
4.01200000e+05 4.69689378e-20
4.01300000e+05 4.69601820e-20
4.01400000e+05 4.69514297e-20
4.01500000e+05 4.69426808e-20
4.01600000e+05 4.69339353e-20
4.01700000e+05 4.69251933e-20
4.01800000e+05 4.69164547e-20
4.01900000e+05 4.69077196e-20
4.02000000e+05 4.68989879e-20
4.02100000e+05 4.68902597e-20
4.02200000e+05 4.68815348e-20
4.02300000e+05 4.68728134e-20
4.02400000e+05 4.68640955e-20
4.02500000e+05 4.68553809e-20
4.02600000e+05 4.68466698e-20
4.02700000e+05 4.68379621e-20
4.02800000e+05 4.68292578e-20
4.02900000e+05 4.68205570e-20
4.03000000e+05 4.68118595e-20
4.03100000e+05 4.68031655e-20
4.03200000e+05 4.67944749e-20
4.03300000e+05 4.67857877e-20
4.03400000e+05 4.67771039e-20
4.03500000e+05 4.67684235e-20
4.03600000e+05 4.67597465e-20
4.03700000e+05 4.67510730e-20
4.03800000e+05 4.67424028e-20
4.03900000e+05 4.67337360e-20
4.04000000e+05 4.67250726e-20
4.04100000e+05 4.67164126e-20
4.04200000e+05 4.67077560e-20
4.04300000e+05 4.66991028e-20
4.04400000e+05 4.66904530e-20
4.04500000e+05 4.66818066e-20
4.04600000e+05 4.66731635e-20
4.04700000e+05 4.66645239e-20
4.04800000e+05 4.66558876e-20
4.04900000e+05 4.66472547e-20
4.05000000e+05 4.66386252e-20
4.05100000e+05 4.66299990e-20
4.05200000e+05 4.66213763e-20
4.05300000e+05 4.66127569e-20
4.05400000e+05 4.66041408e-20
4.05500000e+05 4.65955282e-20
4.05600000e+05 4.65869189e-20
4.05700000e+05 4.65783129e-20
4.05800000e+05 4.65697104e-20
4.05900000e+05 4.65611111e-20
4.06000000e+05 4.65525153e-20
4.06100000e+05 4.65439228e-20
4.06200000e+05 4.65353336e-20
4.06300000e+05 4.65267479e-20
4.06400000e+05 4.65181654e-20
4.06500000e+05 4.65095863e-20
4.06600000e+05 4.65010106e-20
4.06700000e+05 4.64924382e-20
4.06800000e+05 4.64838691e-20
4.06900000e+05 4.64753034e-20
4.07000000e+05 4.64667410e-20
4.07100000e+05 4.64581820e-20
4.07200000e+05 4.64496263e-20
4.07300000e+05 4.64410739e-20
4.07400000e+05 4.64325249e-20
4.07500000e+05 4.64239792e-20
4.07600000e+05 4.64154368e-20
4.07700000e+05 4.64068977e-20
4.07800000e+05 4.63983620e-20
4.07900000e+05 4.63898296e-20
4.08000000e+05 4.63813005e-20
4.08100000e+05 4.63727747e-20
4.08200000e+05 4.63642523e-20
4.08300000e+05 4.63557331e-20
4.08400000e+05 4.63472173e-20
4.08500000e+05 4.63387048e-20
4.08600000e+05 4.63301956e-20
4.08700000e+05 4.63216897e-20
4.08800000e+05 4.63131871e-20
4.08900000e+05 4.63046878e-20
4.09000000e+05 4.62961918e-20
4.09100000e+05 4.62876991e-20
4.09200000e+05 4.62792097e-20
4.09300000e+05 4.62707236e-20
4.09400000e+05 4.62622408e-20
4.09500000e+05 4.62537613e-20
4.09600000e+05 4.62452850e-20
4.09700000e+05 4.62368121e-20
4.09800000e+05 4.62283424e-20
4.09900000e+05 4.62198761e-20
4.10000000e+05 4.62114130e-20
4.10100000e+05 4.62029532e-20
4.10200000e+05 4.61944967e-20
4.10300000e+05 4.61860434e-20
4.10400000e+05 4.61775934e-20
4.10500000e+05 4.61691467e-20
4.10600000e+05 4.61607033e-20
4.10700000e+05 4.61522631e-20
4.10800000e+05 4.61438262e-20
4.10900000e+05 4.61353926e-20
4.11000000e+05 4.61269623e-20
4.11100000e+05 4.61185352e-20
4.11200000e+05 4.61101113e-20
4.11300000e+05 4.61016907e-20
4.11400000e+05 4.60932734e-20
4.11500000e+05 4.60848593e-20
4.11600000e+05 4.60764485e-20
4.11700000e+05 4.60680410e-20
4.11800000e+05 4.60596366e-20
4.11900000e+05 4.60512356e-20
4.12000000e+05 4.60428377e-20
4.12100000e+05 4.60344432e-20
4.12200000e+05 4.60260518e-20
4.12300000e+05 4.60176637e-20
4.12400000e+05 4.60092789e-20
4.12500000e+05 4.60008972e-20
4.12600000e+05 4.59925188e-20
4.12700000e+05 4.59841437e-20
4.12800000e+05 4.59757717e-20
4.12900000e+05 4.59674031e-20
4.13000000e+05 4.59590376e-20
4.13100000e+05 4.59506753e-20
4.13200000e+05 4.59423163e-20
4.13300000e+05 4.59339605e-20
4.13400000e+05 4.59256079e-20
4.13500000e+05 4.59172586e-20
4.13600000e+05 4.59089124e-20
4.13700000e+05 4.59005695e-20
4.13800000e+05 4.58922298e-20
4.13900000e+05 4.58838932e-20
4.14000000e+05 4.58755599e-20
4.14100000e+05 4.58672299e-20
4.14200000e+05 4.58589030e-20
4.14300000e+05 4.58505793e-20
4.14400000e+05 4.58422588e-20
4.14500000e+05 4.58339415e-20
4.14600000e+05 4.58256274e-20
4.14700000e+05 4.58173165e-20
4.14800000e+05 4.58090088e-20
4.14900000e+05 4.58007043e-20
4.15000000e+05 4.57924030e-20
4.15100000e+05 4.57841049e-20
4.15200000e+05 4.57758100e-20
4.15300000e+05 4.57675182e-20
4.15400000e+05 4.57592297e-20
4.15500000e+05 4.57509443e-20
4.15600000e+05 4.57426621e-20
4.15700000e+05 4.57343830e-20
4.15800000e+05 4.57261072e-20
4.15900000e+05 4.57178345e-20
4.16000000e+05 4.57095650e-20
4.16100000e+05 4.57012987e-20
4.16200000e+05 4.56930355e-20
4.16300000e+05 4.56847755e-20
4.16400000e+05 4.56765187e-20
4.16500000e+05 4.56682650e-20
4.16600000e+05 4.56600145e-20
4.16700000e+05 4.56517672e-20
4.16800000e+05 4.56435230e-20
4.16900000e+05 4.56352820e-20
4.17000000e+05 4.56270441e-20
4.17100000e+05 4.56188094e-20
4.17200000e+05 4.56105778e-20
4.17300000e+05 4.56023494e-20
4.17400000e+05 4.55941241e-20
4.17500000e+05 4.55859020e-20
4.17600000e+05 4.55776830e-20
4.17700000e+05 4.55694672e-20
4.17800000e+05 4.55612545e-20
4.17900000e+05 4.55530450e-20
4.18000000e+05 4.55448385e-20
4.18100000e+05 4.55366353e-20
4.18200000e+05 4.55284351e-20
4.18300000e+05 4.55202381e-20
4.18400000e+05 4.55120442e-20
4.18500000e+05 4.55038534e-20
4.18600000e+05 4.54956658e-20
4.18700000e+05 4.54874813e-20
4.18800000e+05 4.54792999e-20
4.18900000e+05 4.54711217e-20
4.19000000e+05 4.54629465e-20
4.19100000e+05 4.54547745e-20
4.19200000e+05 4.54466056e-20
4.19300000e+05 4.54384398e-20
4.19400000e+05 4.54302771e-20
4.19500000e+05 4.54221176e-20
4.19600000e+05 4.54139611e-20
4.19700000e+05 4.54058078e-20
4.19800000e+05 4.53976575e-20
4.19900000e+05 4.53895104e-20
4.20000000e+05 4.53813663e-20
4.20100000e+05 4.53732254e-20
4.20200000e+05 4.53650876e-20
4.20300000e+05 4.53569528e-20
4.20400000e+05 4.53488212e-20
4.20500000e+05 4.53406926e-20
4.20600000e+05 4.53325672e-20
4.20700000e+05 4.53244448e-20
4.20800000e+05 4.53163255e-20
4.20900000e+05 4.53082093e-20
4.21000000e+05 4.53000962e-20
4.21100000e+05 4.52919862e-20
4.21200000e+05 4.52838792e-20
4.21300000e+05 4.52757754e-20
4.21400000e+05 4.52676746e-20
4.21500000e+05 4.52595769e-20
4.21600000e+05 4.52514822e-20
4.21700000e+05 4.52433907e-20
4.21800000e+05 4.52353022e-20
4.21900000e+05 4.52272168e-20
4.22000000e+05 4.52191344e-20
4.22100000e+05 4.52110551e-20
4.22200000e+05 4.52029789e-20
4.22300000e+05 4.51949057e-20
4.22400000e+05 4.51868356e-20
4.22500000e+05 4.51787686e-20
4.22600000e+05 4.51707046e-20
4.22700000e+05 4.51626437e-20
4.22800000e+05 4.51545858e-20
4.22900000e+05 4.51465310e-20
4.23000000e+05 4.51384792e-20
4.23100000e+05 4.51304305e-20
4.23200000e+05 4.51223848e-20
4.23300000e+05 4.51143422e-20
4.23400000e+05 4.51063026e-20
4.23500000e+05 4.50982661e-20
4.23600000e+05 4.50902326e-20
4.23700000e+05 4.50822021e-20
4.23800000e+05 4.50741747e-20
4.23900000e+05 4.50661503e-20
4.24000000e+05 4.50581290e-20
4.24100000e+05 4.50501106e-20
4.24200000e+05 4.50420953e-20
4.24300000e+05 4.50340831e-20
4.24400000e+05 4.50260738e-20
4.24500000e+05 4.50180676e-20
4.24600000e+05 4.50100644e-20
4.24700000e+05 4.50020643e-20
4.24800000e+05 4.49940671e-20
4.24900000e+05 4.49860730e-20
4.25000000e+05 4.49780819e-20
4.25100000e+05 4.49700938e-20
4.25200000e+05 4.49621087e-20
4.25300000e+05 4.49541267e-20
4.25400000e+05 4.49461476e-20
4.25500000e+05 4.49381716e-20
4.25600000e+05 4.49301985e-20
4.25700000e+05 4.49222285e-20
4.25800000e+05 4.49142614e-20
4.25900000e+05 4.49062974e-20
4.26000000e+05 4.48983364e-20
4.26100000e+05 4.48903784e-20
4.26200000e+05 4.48824233e-20
4.26300000e+05 4.48744713e-20
4.26400000e+05 4.48665222e-20
4.26500000e+05 4.48585762e-20
4.26600000e+05 4.48506331e-20
4.26700000e+05 4.48426930e-20
4.26800000e+05 4.48347560e-20
4.26900000e+05 4.48268219e-20
4.27000000e+05 4.48188907e-20
4.27100000e+05 4.48109626e-20
4.27200000e+05 4.48030374e-20
4.27300000e+05 4.47951153e-20
4.27400000e+05 4.47871961e-20
4.27500000e+05 4.47792798e-20
4.27600000e+05 4.47713666e-20
4.27700000e+05 4.47634563e-20
4.27800000e+05 4.47555490e-20
4.27900000e+05 4.47476447e-20
4.28000000e+05 4.47397433e-20
4.28100000e+05 4.47318449e-20
4.28200000e+05 4.47239494e-20
4.28300000e+05 4.47160570e-20
4.28400000e+05 4.47081674e-20
4.28500000e+05 4.47002809e-20
4.28600000e+05 4.46923973e-20
4.28700000e+05 4.46845166e-20
4.28800000e+05 4.46766389e-20
4.28900000e+05 4.46687642e-20
4.29000000e+05 4.46608924e-20
4.29100000e+05 4.46530236e-20
4.29200000e+05 4.46451577e-20
4.29300000e+05 4.46372947e-20
4.29400000e+05 4.46294347e-20
4.29500000e+05 4.46215777e-20
4.29600000e+05 4.46137235e-20
4.29700000e+05 4.46058724e-20
4.29800000e+05 4.45980241e-20
4.29900000e+05 4.45901788e-20
4.30000000e+05 4.45823364e-20
4.30100000e+05 4.45744970e-20
4.30200000e+05 4.45666605e-20
4.30300000e+05 4.45588269e-20
4.30400000e+05 4.45509963e-20
4.30500000e+05 4.45431686e-20
4.30600000e+05 4.45353438e-20
4.30700000e+05 4.45275219e-20
4.30800000e+05 4.45197029e-20
4.30900000e+05 4.45118869e-20
4.31000000e+05 4.45040738e-20
4.31100000e+05 4.44962636e-20
4.31200000e+05 4.44884563e-20
4.31300000e+05 4.44806519e-20
4.31400000e+05 4.44728505e-20
4.31500000e+05 4.44650519e-20
4.31600000e+05 4.44572563e-20
4.31700000e+05 4.44494636e-20
4.31800000e+05 4.44416737e-20
4.31900000e+05 4.44338868e-20
4.32000000e+05 4.44261028e-20
4.32100000e+05 4.44183217e-20
4.32200000e+05 4.44105435e-20
4.32300000e+05 4.44027682e-20
4.32400000e+05 4.43949957e-20
4.32500000e+05 4.43872262e-20
4.32600000e+05 4.43794596e-20
4.32700000e+05 4.43716958e-20
4.32800000e+05 4.43639350e-20
4.32900000e+05 4.43561770e-20
4.33000000e+05 4.43484219e-20
4.33100000e+05 4.43406697e-20
4.33200000e+05 4.43329204e-20
4.33300000e+05 4.43251740e-20
4.33400000e+05 4.43174304e-20
4.33500000e+05 4.43096898e-20
4.33600000e+05 4.43019520e-20
4.33700000e+05 4.42942170e-20
4.33800000e+05 4.42864850e-20
4.33900000e+05 4.42787558e-20
4.34000000e+05 4.42710295e-20
4.34100000e+05 4.42633061e-20
4.34200000e+05 4.42555855e-20
4.34300000e+05 4.42478678e-20
4.34400000e+05 4.42401530e-20
4.34500000e+05 4.42324410e-20
4.34600000e+05 4.42247319e-20
4.34700000e+05 4.42170257e-20
4.34800000e+05 4.42093223e-20
4.34900000e+05 4.42016217e-20
4.35000000e+05 4.41939240e-20
4.35100000e+05 4.41862292e-20
4.35200000e+05 4.41785372e-20
4.35300000e+05 4.41708481e-20
4.35400000e+05 4.41631618e-20
4.35500000e+05 4.41554784e-20
4.35600000e+05 4.41477978e-20
4.35700000e+05 4.41401201e-20
4.35800000e+05 4.41324452e-20
4.35900000e+05 4.41247731e-20
4.36000000e+05 4.41171039e-20
4.36100000e+05 4.41094375e-20
4.36200000e+05 4.41017740e-20
4.36300000e+05 4.40941133e-20
4.36400000e+05 4.40864554e-20
4.36500000e+05 4.40788004e-20
4.36600000e+05 4.40711482e-20
4.36700000e+05 4.40634988e-20
4.36800000e+05 4.40558522e-20
4.36900000e+05 4.40482085e-20
4.37000000e+05 4.40405676e-20
4.37100000e+05 4.40329295e-20
4.37200000e+05 4.40252942e-20
4.37300000e+05 4.40176618e-20
4.37400000e+05 4.40100322e-20
4.37500000e+05 4.40024053e-20
4.37600000e+05 4.39947813e-20
4.37700000e+05 4.39871602e-20
4.37800000e+05 4.39795418e-20
4.37900000e+05 4.39719262e-20
4.38000000e+05 4.39643135e-20
4.38100000e+05 4.39567035e-20
4.38200000e+05 4.39490964e-20
4.38300000e+05 4.39414921e-20
4.38400000e+05 4.39338905e-20
4.38500000e+05 4.39262918e-20
4.38600000e+05 4.39186959e-20
4.38700000e+05 4.39111027e-20
4.38800000e+05 4.39035124e-20
4.38900000e+05 4.38959248e-20
4.39000000e+05 4.38883401e-20
4.39100000e+05 4.38807581e-20
4.39200000e+05 4.38731790e-20
4.39300000e+05 4.38656026e-20
4.39400000e+05 4.38580290e-20
4.39500000e+05 4.38504582e-20
4.39600000e+05 4.38428902e-20
4.39700000e+05 4.38353249e-20
4.39800000e+05 4.38277625e-20
4.39900000e+05 4.38202028e-20
4.40000000e+05 4.38126459e-20
4.40100000e+05 4.38050917e-20
4.40200000e+05 4.37975404e-20
4.40300000e+05 4.37899918e-20
4.40400000e+05 4.37824460e-20
4.40500000e+05 4.37749030e-20
4.40600000e+05 4.37673627e-20
4.40700000e+05 4.37598252e-20
4.40800000e+05 4.37522905e-20
4.40900000e+05 4.37447585e-20
4.41000000e+05 4.37372293e-20
4.41100000e+05 4.37297029e-20
4.41200000e+05 4.37221792e-20
4.41300000e+05 4.37146583e-20
4.41400000e+05 4.37071401e-20
4.41500000e+05 4.36996247e-20
4.41600000e+05 4.36921121e-20
4.41700000e+05 4.36846022e-20
4.41800000e+05 4.36770950e-20
4.41900000e+05 4.36695906e-20
4.42000000e+05 4.36620889e-20
4.42100000e+05 4.36545900e-20
4.42200000e+05 4.36470939e-20
4.42300000e+05 4.36396005e-20
4.42400000e+05 4.36321098e-20
4.42500000e+05 4.36246219e-20
4.42600000e+05 4.36171367e-20
4.42700000e+05 4.36096542e-20
4.42800000e+05 4.36021745e-20
4.42900000e+05 4.35946975e-20
4.43000000e+05 4.35872232e-20
4.43100000e+05 4.35797517e-20
4.43200000e+05 4.35722829e-20
4.43300000e+05 4.35648169e-20
4.43400000e+05 4.35573535e-20
4.43500000e+05 4.35498929e-20
4.43600000e+05 4.35424350e-20
4.43700000e+05 4.35349799e-20
4.43800000e+05 4.35275274e-20
4.43900000e+05 4.35200777e-20
4.44000000e+05 4.35126307e-20
4.44100000e+05 4.35051864e-20
4.44200000e+05 4.34977449e-20
4.44300000e+05 4.34903060e-20
4.44400000e+05 4.34828699e-20
4.44500000e+05 4.34754364e-20
4.44600000e+05 4.34680057e-20
4.44700000e+05 4.34605777e-20
4.44800000e+05 4.34531524e-20
4.44900000e+05 4.34457298e-20
4.45000000e+05 4.34383099e-20
4.45100000e+05 4.34308927e-20
4.45200000e+05 4.34234782e-20
4.45300000e+05 4.34160664e-20
4.45400000e+05 4.34086573e-20
4.45500000e+05 4.34012509e-20
4.45600000e+05 4.33938472e-20
4.45700000e+05 4.33864462e-20
4.45800000e+05 4.33790479e-20
4.45900000e+05 4.33716523e-20
4.46000000e+05 4.33642593e-20
4.46100000e+05 4.33568691e-20
4.46200000e+05 4.33494815e-20
4.46300000e+05 4.33420966e-20
4.46400000e+05 4.33347144e-20
4.46500000e+05 4.33273349e-20
4.46600000e+05 4.33199581e-20
4.46700000e+05 4.33125840e-20
4.46800000e+05 4.33052125e-20
4.46900000e+05 4.32978437e-20
4.47000000e+05 4.32904776e-20
4.47100000e+05 4.32831141e-20
4.47200000e+05 4.32757533e-20
4.47300000e+05 4.32683952e-20
4.47400000e+05 4.32610398e-20
4.47500000e+05 4.32536870e-20
4.47600000e+05 4.32463369e-20
4.47700000e+05 4.32389895e-20
4.47800000e+05 4.32316447e-20
4.47900000e+05 4.32243026e-20
4.48000000e+05 4.32169631e-20
4.48100000e+05 4.32096264e-20
4.48200000e+05 4.32022922e-20
4.48300000e+05 4.31949607e-20
4.48400000e+05 4.31876319e-20
4.48500000e+05 4.31803057e-20
4.48600000e+05 4.31729822e-20
4.48700000e+05 4.31656614e-20
4.48800000e+05 4.31583431e-20
4.48900000e+05 4.31510276e-20
4.49000000e+05 4.31437146e-20
4.49100000e+05 4.31364044e-20
4.49200000e+05 4.31290967e-20
4.49300000e+05 4.31217917e-20
4.49400000e+05 4.31144894e-20
4.49500000e+05 4.31071897e-20
4.49600000e+05 4.30998926e-20
4.49700000e+05 4.30925982e-20
4.49800000e+05 4.30853064e-20
4.49900000e+05 4.30780172e-20
4.50000000e+05 4.30707306e-20
4.50100000e+05 4.30634467e-20
4.50200000e+05 4.30561655e-20
4.50300000e+05 4.30488868e-20
4.50400000e+05 4.30416108e-20
4.50500000e+05 4.30343374e-20
4.50600000e+05 4.30270666e-20
4.50700000e+05 4.30197985e-20
4.50800000e+05 4.30125329e-20
4.50900000e+05 4.30052700e-20
4.51000000e+05 4.29980097e-20
4.51100000e+05 4.29907521e-20
4.51200000e+05 4.29834970e-20
4.51300000e+05 4.29762445e-20
4.51400000e+05 4.29689947e-20
4.51500000e+05 4.29617475e-20
4.51600000e+05 4.29545029e-20
4.51700000e+05 4.29472609e-20
4.51800000e+05 4.29400215e-20
4.51900000e+05 4.29327847e-20
4.52000000e+05 4.29255505e-20
4.52100000e+05 4.29183189e-20
4.52200000e+05 4.29110899e-20
4.52300000e+05 4.29038635e-20
4.52400000e+05 4.28966397e-20
4.52500000e+05 4.28894186e-20
4.52600000e+05 4.28822000e-20
4.52700000e+05 4.28749840e-20
4.52800000e+05 4.28677706e-20
4.52900000e+05 4.28605598e-20
4.53000000e+05 4.28533515e-20
4.53100000e+05 4.28461459e-20
4.53200000e+05 4.28389428e-20
4.53300000e+05 4.28317424e-20
4.53400000e+05 4.28245445e-20
4.53500000e+05 4.28173492e-20
4.53600000e+05 4.28101565e-20
4.53700000e+05 4.28029664e-20
4.53800000e+05 4.27957788e-20
4.53900000e+05 4.27885939e-20
4.54000000e+05 4.27814115e-20
4.54100000e+05 4.27742316e-20
4.54200000e+05 4.27670544e-20
4.54300000e+05 4.27598797e-20
4.54400000e+05 4.27527076e-20
4.54500000e+05 4.27455381e-20
4.54600000e+05 4.27383711e-20
4.54700000e+05 4.27312067e-20
4.54800000e+05 4.27240449e-20
4.54900000e+05 4.27168856e-20
4.55000000e+05 4.27097289e-20
4.55100000e+05 4.27025748e-20
4.55200000e+05 4.26954232e-20
4.55300000e+05 4.26882742e-20
4.55400000e+05 4.26811277e-20
4.55500000e+05 4.26739838e-20
4.55600000e+05 4.26668425e-20
4.55700000e+05 4.26597037e-20
4.55800000e+05 4.26525674e-20
4.55900000e+05 4.26454337e-20
4.56000000e+05 4.26383026e-20
4.56100000e+05 4.26311740e-20
4.56200000e+05 4.26240479e-20
4.56300000e+05 4.26169244e-20
4.56400000e+05 4.26098034e-20
4.56500000e+05 4.26026850e-20
4.56600000e+05 4.25955691e-20
4.56700000e+05 4.25884558e-20
4.56800000e+05 4.25813450e-20
4.56900000e+05 4.25742367e-20
4.57000000e+05 4.25671310e-20
4.57100000e+05 4.25600278e-20
4.57200000e+05 4.25529271e-20
4.57300000e+05 4.25458290e-20
4.57400000e+05 4.25387334e-20
4.57500000e+05 4.25316403e-20
4.57600000e+05 4.25245498e-20
4.57700000e+05 4.25174618e-20
4.57800000e+05 4.25103763e-20
4.57900000e+05 4.25032933e-20
4.58000000e+05 4.24962128e-20
4.58100000e+05 4.24891349e-20
4.58200000e+05 4.24820595e-20
4.58300000e+05 4.24749866e-20
4.58400000e+05 4.24679163e-20
4.58500000e+05 4.24608484e-20
4.58600000e+05 4.24537831e-20
4.58700000e+05 4.24467202e-20
4.58800000e+05 4.24396599e-20
4.58900000e+05 4.24326021e-20
4.59000000e+05 4.24255468e-20
4.59100000e+05 4.24184940e-20
4.59200000e+05 4.24114438e-20
4.59300000e+05 4.24043960e-20
4.59400000e+05 4.23973507e-20
4.59500000e+05 4.23903080e-20
4.59600000e+05 4.23832677e-20
4.59700000e+05 4.23762299e-20
4.59800000e+05 4.23691946e-20
4.59900000e+05 4.23621619e-20
4.60000000e+05 4.23551316e-20
4.60100000e+05 4.23481038e-20
4.60200000e+05 4.23410785e-20
4.60300000e+05 4.23340557e-20
4.60400000e+05 4.23270354e-20
4.60500000e+05 4.23200176e-20
4.60600000e+05 4.23130023e-20
4.60700000e+05 4.23059894e-20
4.60800000e+05 4.22989791e-20
4.60900000e+05 4.22919712e-20
4.61000000e+05 4.22849658e-20
4.61100000e+05 4.22779629e-20
4.61200000e+05 4.22709625e-20
4.61300000e+05 4.22639646e-20
4.61400000e+05 4.22569691e-20
4.61500000e+05 4.22499761e-20
4.61600000e+05 4.22429856e-20
4.61700000e+05 4.22359975e-20
4.61800000e+05 4.22290120e-20
4.61900000e+05 4.22220289e-20
4.62000000e+05 4.22150482e-20
4.62100000e+05 4.22080701e-20
4.62200000e+05 4.22010944e-20
4.62300000e+05 4.21941211e-20
4.62400000e+05 4.21871504e-20
4.62500000e+05 4.21801821e-20
4.62600000e+05 4.21732162e-20
4.62700000e+05 4.21662528e-20
4.62800000e+05 4.21592919e-20
4.62900000e+05 4.21523335e-20
4.63000000e+05 4.21453775e-20
4.63100000e+05 4.21384239e-20
4.63200000e+05 4.21314728e-20
4.63300000e+05 4.21245242e-20
4.63400000e+05 4.21175780e-20
4.63500000e+05 4.21106342e-20
4.63600000e+05 4.21036929e-20
4.63700000e+05 4.20967541e-20
4.63800000e+05 4.20898177e-20
4.63900000e+05 4.20828838e-20
4.64000000e+05 4.20759522e-20
4.64100000e+05 4.20690232e-20
4.64200000e+05 4.20620966e-20
4.64300000e+05 4.20551724e-20
4.64400000e+05 4.20482506e-20
4.64500000e+05 4.20413313e-20
4.64600000e+05 4.20344144e-20
4.64700000e+05 4.20275000e-20
4.64800000e+05 4.20205880e-20
4.64900000e+05 4.20136784e-20
4.65000000e+05 4.20067713e-20
4.65100000e+05 4.19998666e-20
4.65200000e+05 4.19929643e-20
4.65300000e+05 4.19860645e-20
4.65400000e+05 4.19791670e-20
4.65500000e+05 4.19722720e-20
4.65600000e+05 4.19653795e-20
4.65700000e+05 4.19584893e-20
4.65800000e+05 4.19516016e-20
4.65900000e+05 4.19447163e-20
4.66000000e+05 4.19378334e-20
4.66100000e+05 4.19309529e-20
4.66200000e+05 4.19240748e-20
4.66300000e+05 4.19171992e-20
4.66400000e+05 4.19103259e-20
4.66500000e+05 4.19034551e-20
4.66600000e+05 4.18965867e-20
4.66700000e+05 4.18897207e-20
4.66800000e+05 4.18828571e-20
4.66900000e+05 4.18759959e-20
4.67000000e+05 4.18691371e-20
4.67100000e+05 4.18622808e-20
4.67200000e+05 4.18554268e-20
4.67300000e+05 4.18485752e-20
4.67400000e+05 4.18417260e-20
4.67500000e+05 4.18348793e-20
4.67600000e+05 4.18280349e-20
4.67700000e+05 4.18211929e-20
4.67800000e+05 4.18143534e-20
4.67900000e+05 4.18075162e-20
4.68000000e+05 4.18006814e-20
4.68100000e+05 4.17938490e-20
4.68200000e+05 4.17870190e-20
4.68300000e+05 4.17801914e-20
4.68400000e+05 4.17733661e-20
4.68500000e+05 4.17665433e-20
4.68600000e+05 4.17597228e-20
4.68700000e+05 4.17529048e-20
4.68800000e+05 4.17460891e-20
4.68900000e+05 4.17392758e-20
4.69000000e+05 4.17324648e-20
4.69100000e+05 4.17256563e-20
4.69200000e+05 4.17188501e-20
4.69300000e+05 4.17120463e-20
4.69400000e+05 4.17052449e-20
4.69500000e+05 4.16984459e-20
4.69600000e+05 4.16916492e-20
4.69700000e+05 4.16848549e-20
4.69800000e+05 4.16780630e-20
4.69900000e+05 4.16712735e-20
4.70000000e+05 4.16644863e-20
4.70100000e+05 4.16577015e-20
4.70200000e+05 4.16509190e-20
4.70300000e+05 4.16441389e-20
4.70400000e+05 4.16373612e-20
4.70500000e+05 4.16305858e-20
4.70600000e+05 4.16238128e-20
4.70700000e+05 4.16170422e-20
4.70800000e+05 4.16102739e-20
4.70900000e+05 4.16035080e-20
4.71000000e+05 4.15967444e-20
4.71100000e+05 4.15899832e-20
4.71200000e+05 4.15832244e-20
4.71300000e+05 4.15764679e-20
4.71400000e+05 4.15697137e-20
4.71500000e+05 4.15629619e-20
4.71600000e+05 4.15562125e-20
4.71700000e+05 4.15494654e-20
4.71800000e+05 4.15427206e-20
4.71900000e+05 4.15359782e-20
4.72000000e+05 4.15292381e-20
4.72100000e+05 4.15225004e-20
4.72200000e+05 4.15157650e-20
4.72300000e+05 4.15090320e-20
4.72400000e+05 4.15023013e-20
4.72500000e+05 4.14955729e-20
4.72600000e+05 4.14888469e-20
4.72700000e+05 4.14821232e-20
4.72800000e+05 4.14754018e-20
4.72900000e+05 4.14686828e-20
4.73000000e+05 4.14619661e-20
4.73100000e+05 4.14552517e-20
4.73200000e+05 4.14485397e-20
4.73300000e+05 4.14418300e-20
4.73400000e+05 4.14351226e-20
4.73500000e+05 4.14284176e-20
4.73600000e+05 4.14217148e-20
4.73700000e+05 4.14150144e-20
4.73800000e+05 4.14083164e-20
4.73900000e+05 4.14016206e-20
4.74000000e+05 4.13949272e-20
4.74100000e+05 4.13882360e-20
4.74200000e+05 4.13815472e-20
4.74300000e+05 4.13748607e-20
4.74400000e+05 4.13681766e-20
4.74500000e+05 4.13614947e-20
4.74600000e+05 4.13548152e-20
4.74700000e+05 4.13481379e-20
4.74800000e+05 4.13414630e-20
4.74900000e+05 4.13347904e-20
4.75000000e+05 4.13281201e-20
4.75100000e+05 4.13214521e-20
4.75200000e+05 4.13147864e-20
4.75300000e+05 4.13081230e-20
4.75400000e+05 4.13014619e-20
4.75500000e+05 4.12948031e-20
4.75600000e+05 4.12881467e-20
4.75700000e+05 4.12814925e-20
4.75800000e+05 4.12748406e-20
4.75900000e+05 4.12681910e-20
4.76000000e+05 4.12615437e-20
4.76100000e+05 4.12548987e-20
4.76200000e+05 4.12482560e-20
4.76300000e+05 4.12416156e-20
4.76400000e+05 4.12349775e-20
4.76500000e+05 4.12283417e-20
4.76600000e+05 4.12217081e-20
4.76700000e+05 4.12150769e-20
4.76800000e+05 4.12084479e-20
4.76900000e+05 4.12018212e-20
4.77000000e+05 4.11951968e-20
4.77100000e+05 4.11885747e-20
4.77200000e+05 4.11819549e-20
4.77300000e+05 4.11753374e-20
4.77400000e+05 4.11687221e-20
4.77500000e+05 4.11621091e-20
4.77600000e+05 4.11554984e-20
4.77700000e+05 4.11488900e-20
4.77800000e+05 4.11422838e-20
4.77900000e+05 4.11356799e-20
4.78000000e+05 4.11290783e-20
4.78100000e+05 4.11224790e-20
4.78200000e+05 4.11158819e-20
4.78300000e+05 4.11092871e-20
4.78400000e+05 4.11026946e-20
4.78500000e+05 4.10961043e-20
4.78600000e+05 4.10895163e-20
4.78700000e+05 4.10829305e-20
4.78800000e+05 4.10763471e-20
4.78900000e+05 4.10697659e-20
4.79000000e+05 4.10631869e-20
4.79100000e+05 4.10566102e-20
4.79200000e+05 4.10500358e-20
4.79300000e+05 4.10434636e-20
4.79400000e+05 4.10368937e-20
4.79500000e+05 4.10303260e-20
4.79600000e+05 4.10237606e-20
4.79700000e+05 4.10171975e-20
4.79800000e+05 4.10106366e-20
4.79900000e+05 4.10040779e-20
4.80000000e+05 4.09975215e-20
4.80100000e+05 4.09909674e-20
4.80200000e+05 4.09844154e-20
4.80300000e+05 4.09778658e-20
4.80400000e+05 4.09713184e-20
4.80500000e+05 4.09647732e-20
4.80600000e+05 4.09582303e-20
4.80700000e+05 4.09516896e-20
4.80800000e+05 4.09451511e-20
4.80900000e+05 4.09386149e-20
4.81000000e+05 4.09320809e-20
4.81100000e+05 4.09255492e-20
4.81200000e+05 4.09190197e-20
4.81300000e+05 4.09124924e-20
4.81400000e+05 4.09059674e-20
4.81500000e+05 4.08994446e-20
4.81600000e+05 4.08929240e-20
4.81700000e+05 4.08864057e-20
4.81800000e+05 4.08798896e-20
4.81900000e+05 4.08733757e-20
4.82000000e+05 4.08668641e-20
4.82100000e+05 4.08603546e-20
4.82200000e+05 4.08538474e-20
4.82300000e+05 4.08473425e-20
4.82400000e+05 4.08408397e-20
4.82500000e+05 4.08343392e-20
4.82600000e+05 4.08278408e-20
4.82700000e+05 4.08213447e-20
4.82800000e+05 4.08148509e-20
4.82900000e+05 4.08083592e-20
4.83000000e+05 4.08018697e-20
4.83100000e+05 4.07953825e-20
4.83200000e+05 4.07888975e-20
4.83300000e+05 4.07824147e-20
4.83400000e+05 4.07759341e-20
4.83500000e+05 4.07694557e-20
4.83600000e+05 4.07629795e-20
4.83700000e+05 4.07565055e-20
4.83800000e+05 4.07500338e-20
4.83900000e+05 4.07435642e-20
4.84000000e+05 4.07370968e-20
4.84100000e+05 4.07306317e-20
4.84200000e+05 4.07241687e-20
4.84300000e+05 4.07177080e-20
4.84400000e+05 4.07112494e-20
4.84500000e+05 4.07047931e-20
4.84600000e+05 4.06983389e-20
4.84700000e+05 4.06918869e-20
4.84800000e+05 4.06854372e-20
4.84900000e+05 4.06789896e-20
4.85000000e+05 4.06725442e-20
4.85100000e+05 4.06661010e-20
4.85200000e+05 4.06596600e-20
4.85300000e+05 4.06532212e-20
4.85400000e+05 4.06467846e-20
4.85500000e+05 4.06403502e-20
4.85600000e+05 4.06339179e-20
4.85700000e+05 4.06274879e-20
4.85800000e+05 4.06210600e-20
4.85900000e+05 4.06146343e-20
4.86000000e+05 4.06082108e-20
4.86100000e+05 4.06017894e-20
4.86200000e+05 4.05953703e-20
4.86300000e+05 4.05889533e-20
4.86400000e+05 4.05825385e-20
4.86500000e+05 4.05761259e-20
4.86600000e+05 4.05697154e-20
4.86700000e+05 4.05633072e-20
4.86800000e+05 4.05569011e-20
4.86900000e+05 4.05504971e-20
4.87000000e+05 4.05440954e-20
4.87100000e+05 4.05376958e-20
4.87200000e+05 4.05312984e-20
4.87300000e+05 4.05249031e-20
4.87400000e+05 4.05185101e-20
4.87500000e+05 4.05121191e-20
4.87600000e+05 4.05057304e-20
4.87700000e+05 4.04993438e-20
4.87800000e+05 4.04929594e-20
4.87900000e+05 4.04865771e-20
4.88000000e+05 4.04801970e-20
4.88100000e+05 4.04738190e-20
4.88200000e+05 4.04674432e-20
4.88300000e+05 4.04610696e-20
4.88400000e+05 4.04546981e-20
4.88500000e+05 4.04483288e-20
4.88600000e+05 4.04419616e-20
4.88700000e+05 4.04355966e-20
4.88800000e+05 4.04292337e-20
4.88900000e+05 4.04228730e-20
4.89000000e+05 4.04165144e-20
4.89100000e+05 4.04101580e-20
4.89200000e+05 4.04038037e-20
4.89300000e+05 4.03974516e-20
4.89400000e+05 4.03911016e-20
4.89500000e+05 4.03847538e-20
4.89600000e+05 4.03784081e-20
4.89700000e+05 4.03720645e-20
4.89800000e+05 4.03657231e-20
4.89900000e+05 4.03593838e-20
4.90000000e+05 4.03530467e-20
4.90100000e+05 4.03467117e-20
4.90200000e+05 4.03403788e-20
4.90300000e+05 4.03340480e-20
4.90400000e+05 4.03277194e-20
4.90500000e+05 4.03213930e-20
4.90600000e+05 4.03150686e-20
4.90700000e+05 4.03087464e-20
4.90800000e+05 4.03024264e-20
4.90900000e+05 4.02961084e-20
4.91000000e+05 4.02897926e-20
4.91100000e+05 4.02834789e-20
4.91200000e+05 4.02771673e-20
4.91300000e+05 4.02708579e-20
4.91400000e+05 4.02645506e-20
4.91500000e+05 4.02582454e-20
4.91600000e+05 4.02519423e-20
4.91700000e+05 4.02456413e-20
4.91800000e+05 4.02393425e-20
4.91900000e+05 4.02330457e-20
4.92000000e+05 4.02267511e-20
4.92100000e+05 4.02204586e-20
4.92200000e+05 4.02141683e-20
4.92300000e+05 4.02078800e-20
4.92400000e+05 4.02015939e-20
4.92500000e+05 4.01953098e-20
4.92600000e+05 4.01890279e-20
4.92700000e+05 4.01827481e-20
4.92800000e+05 4.01764703e-20
4.92900000e+05 4.01701947e-20
4.93000000e+05 4.01639212e-20
4.93100000e+05 4.01576499e-20
4.93200000e+05 4.01513806e-20
4.93300000e+05 4.01451134e-20
4.93400000e+05 4.01388483e-20
4.93500000e+05 4.01325853e-20
4.93600000e+05 4.01263244e-20
4.93700000e+05 4.01200656e-20
4.93800000e+05 4.01138089e-20
4.93900000e+05 4.01075543e-20
4.94000000e+05 4.01013018e-20
4.94100000e+05 4.00950514e-20
4.94200000e+05 4.00888031e-20
4.94300000e+05 4.00825569e-20
4.94400000e+05 4.00763128e-20
4.94500000e+05 4.00700708e-20
4.94600000e+05 4.00638308e-20
4.94700000e+05 4.00575929e-20
4.94800000e+05 4.00513572e-20
4.94900000e+05 4.00451235e-20
4.95000000e+05 4.00388919e-20
4.95100000e+05 4.00326624e-20
4.95200000e+05 4.00264349e-20
4.95300000e+05 4.00202096e-20
4.95400000e+05 4.00139863e-20
4.95500000e+05 4.00077651e-20
4.95600000e+05 4.00015460e-20
4.95700000e+05 3.99953290e-20
4.95800000e+05 3.99891140e-20
4.95900000e+05 3.99829011e-20
4.96000000e+05 3.99766903e-20
4.96100000e+05 3.99704816e-20
4.96200000e+05 3.99642749e-20
4.96300000e+05 3.99580703e-20
4.96400000e+05 3.99518678e-20
4.96500000e+05 3.99456674e-20
4.96600000e+05 3.99394690e-20
4.96700000e+05 3.99332727e-20
4.96800000e+05 3.99270784e-20
4.96900000e+05 3.99208862e-20
4.97000000e+05 3.99146961e-20
4.97100000e+05 3.99085081e-20
4.97200000e+05 3.99023221e-20
4.97300000e+05 3.98961381e-20
4.97400000e+05 3.98899563e-20
4.97500000e+05 3.98837765e-20
4.97600000e+05 3.98775987e-20
4.97700000e+05 3.98714230e-20
4.97800000e+05 3.98652494e-20
4.97900000e+05 3.98590778e-20
4.98000000e+05 3.98529082e-20
4.98100000e+05 3.98467408e-20
4.98200000e+05 3.98405753e-20
4.98300000e+05 3.98344120e-20
4.98400000e+05 3.98282506e-20
4.98500000e+05 3.98220913e-20
4.98600000e+05 3.98159341e-20
4.98700000e+05 3.98097789e-20
4.98800000e+05 3.98036258e-20
4.98900000e+05 3.97974747e-20
4.99000000e+05 3.97913257e-20
4.99100000e+05 3.97851786e-20
4.99200000e+05 3.97790337e-20
4.99300000e+05 3.97728908e-20
4.99400000e+05 3.97667499e-20
4.99500000e+05 3.97606110e-20
4.99600000e+05 3.97544742e-20
4.99700000e+05 3.97483394e-20
4.99800000e+05 3.97422067e-20
4.99900000e+05 3.97360760e-20
5.00000000e+05 3.97299473e-20
5.00100000e+05 3.97238207e-20
5.00200000e+05 3.97176961e-20
5.00300000e+05 3.97115735e-20
5.00400000e+05 3.97054530e-20
5.00500000e+05 3.96993345e-20
5.00600000e+05 3.96932180e-20
5.00700000e+05 3.96871035e-20
5.00800000e+05 3.96809911e-20
5.00900000e+05 3.96748807e-20
5.01000000e+05 3.96687723e-20
5.01100000e+05 3.96626659e-20
5.01200000e+05 3.96565616e-20
5.01300000e+05 3.96504593e-20
5.01400000e+05 3.96443590e-20
5.01500000e+05 3.96382607e-20
5.01600000e+05 3.96321644e-20
5.01700000e+05 3.96260702e-20
5.01800000e+05 3.96199779e-20
5.01900000e+05 3.96138877e-20
5.02000000e+05 3.96077995e-20
5.02100000e+05 3.96017133e-20
5.02200000e+05 3.95956291e-20
5.02300000e+05 3.95895470e-20
5.02400000e+05 3.95834668e-20
5.02500000e+05 3.95773886e-20
5.02600000e+05 3.95713125e-20
5.02700000e+05 3.95652384e-20
5.02800000e+05 3.95591662e-20
5.02900000e+05 3.95530961e-20
5.03000000e+05 3.95470280e-20
5.03100000e+05 3.95409618e-20
5.03200000e+05 3.95348977e-20
5.03300000e+05 3.95288356e-20
5.03400000e+05 3.95227755e-20
5.03500000e+05 3.95167174e-20
5.03600000e+05 3.95106612e-20
5.03700000e+05 3.95046071e-20
5.03800000e+05 3.94985550e-20
5.03900000e+05 3.94925048e-20
5.04000000e+05 3.94864567e-20
5.04100000e+05 3.94804105e-20
5.04200000e+05 3.94743664e-20
5.04300000e+05 3.94683242e-20
5.04400000e+05 3.94622840e-20
5.04500000e+05 3.94562458e-20
5.04600000e+05 3.94502096e-20
5.04700000e+05 3.94441754e-20
5.04800000e+05 3.94381432e-20
5.04900000e+05 3.94321130e-20
5.05000000e+05 3.94260847e-20
5.05100000e+05 3.94200584e-20
5.05200000e+05 3.94140341e-20
5.05300000e+05 3.94080118e-20
5.05400000e+05 3.94019915e-20
5.05500000e+05 3.93959731e-20
5.05600000e+05 3.93899567e-20
5.05700000e+05 3.93839423e-20
5.05800000e+05 3.93779299e-20
5.05900000e+05 3.93719195e-20
5.06000000e+05 3.93659110e-20
5.06100000e+05 3.93599045e-20
5.06200000e+05 3.93539000e-20
5.06300000e+05 3.93478974e-20
5.06400000e+05 3.93418968e-20
5.06500000e+05 3.93358982e-20
5.06600000e+05 3.93299015e-20
5.06700000e+05 3.93239069e-20
5.06800000e+05 3.93179141e-20
5.06900000e+05 3.93119234e-20
5.07000000e+05 3.93059346e-20
5.07100000e+05 3.92999478e-20
5.07200000e+05 3.92939629e-20
5.07300000e+05 3.92879800e-20
5.07400000e+05 3.92819991e-20
5.07500000e+05 3.92760201e-20
5.07600000e+05 3.92700431e-20
5.07700000e+05 3.92640680e-20
5.07800000e+05 3.92580949e-20
5.07900000e+05 3.92521238e-20
5.08000000e+05 3.92461546e-20
5.08100000e+05 3.92401873e-20
5.08200000e+05 3.92342220e-20
5.08300000e+05 3.92282587e-20
5.08400000e+05 3.92222973e-20
5.08500000e+05 3.92163379e-20
5.08600000e+05 3.92103804e-20
5.08700000e+05 3.92044248e-20
5.08800000e+05 3.91984713e-20
5.08900000e+05 3.91925196e-20
5.09000000e+05 3.91865699e-20
5.09100000e+05 3.91806222e-20
5.09200000e+05 3.91746763e-20
5.09300000e+05 3.91687325e-20
5.09400000e+05 3.91627905e-20
5.09500000e+05 3.91568506e-20
5.09600000e+05 3.91509125e-20
5.09700000e+05 3.91449764e-20
5.09800000e+05 3.91390422e-20
5.09900000e+05 3.91331100e-20
5.10000000e+05 3.91271797e-20
5.10100000e+05 3.91212513e-20
5.10200000e+05 3.91153249e-20
5.10300000e+05 3.91094004e-20
5.10400000e+05 3.91034778e-20
5.10500000e+05 3.90975572e-20
5.10600000e+05 3.90916385e-20
5.10700000e+05 3.90857217e-20
5.10800000e+05 3.90798069e-20
5.10900000e+05 3.90738939e-20
5.11000000e+05 3.90679830e-20
5.11100000e+05 3.90620739e-20
5.11200000e+05 3.90561667e-20
5.11300000e+05 3.90502615e-20
5.11400000e+05 3.90443582e-20
5.11500000e+05 3.90384568e-20
5.11600000e+05 3.90325574e-20
5.11700000e+05 3.90266599e-20
5.11800000e+05 3.90207642e-20
5.11900000e+05 3.90148705e-20
5.12000000e+05 3.90089788e-20
5.12100000e+05 3.90030889e-20
5.12200000e+05 3.89972009e-20
5.12300000e+05 3.89913149e-20
5.12400000e+05 3.89854308e-20
5.12500000e+05 3.89795486e-20
5.12600000e+05 3.89736683e-20
5.12700000e+05 3.89677899e-20
5.12800000e+05 3.89619134e-20
5.12900000e+05 3.89560388e-20
5.13000000e+05 3.89501662e-20
5.13100000e+05 3.89442954e-20
5.13200000e+05 3.89384265e-20
5.13300000e+05 3.89325596e-20
5.13400000e+05 3.89266945e-20
5.13500000e+05 3.89208314e-20
5.13600000e+05 3.89149702e-20
5.13700000e+05 3.89091108e-20
5.13800000e+05 3.89032534e-20
5.13900000e+05 3.88973979e-20
5.14000000e+05 3.88915442e-20
5.14100000e+05 3.88856925e-20
5.14200000e+05 3.88798426e-20
5.14300000e+05 3.88739947e-20
5.14400000e+05 3.88681486e-20
5.14500000e+05 3.88623045e-20
5.14600000e+05 3.88564622e-20
5.14700000e+05 3.88506218e-20
5.14800000e+05 3.88447833e-20
5.14900000e+05 3.88389467e-20
5.15000000e+05 3.88331120e-20
5.15100000e+05 3.88272792e-20
5.15200000e+05 3.88214483e-20
5.15300000e+05 3.88156192e-20
5.15400000e+05 3.88097921e-20
5.15500000e+05 3.88039668e-20
5.15600000e+05 3.87981434e-20
5.15700000e+05 3.87923219e-20
5.15800000e+05 3.87865023e-20
5.15900000e+05 3.87806845e-20
5.16000000e+05 3.87748686e-20
5.16100000e+05 3.87690547e-20
5.16200000e+05 3.87632425e-20
5.16300000e+05 3.87574323e-20
5.16400000e+05 3.87516240e-20
5.16500000e+05 3.87458175e-20
5.16600000e+05 3.87400129e-20
5.16700000e+05 3.87342101e-20
5.16800000e+05 3.87284093e-20
5.16900000e+05 3.87226103e-20
5.17000000e+05 3.87168132e-20
5.17100000e+05 3.87110179e-20
5.17200000e+05 3.87052245e-20
5.17300000e+05 3.86994330e-20
5.17400000e+05 3.86936434e-20
5.17500000e+05 3.86878556e-20
5.17600000e+05 3.86820697e-20
5.17700000e+05 3.86762857e-20
5.17800000e+05 3.86705035e-20
5.17900000e+05 3.86647231e-20
5.18000000e+05 3.86589447e-20
5.18100000e+05 3.86531681e-20
5.18200000e+05 3.86473934e-20
5.18300000e+05 3.86416205e-20
5.18400000e+05 3.86358495e-20
5.18500000e+05 3.86300803e-20
5.18600000e+05 3.86243130e-20
5.18700000e+05 3.86185475e-20
5.18800000e+05 3.86127839e-20
5.18900000e+05 3.86070222e-20
5.19000000e+05 3.86012623e-20
5.19100000e+05 3.85955043e-20
5.19200000e+05 3.85897481e-20
5.19300000e+05 3.85839937e-20
5.19400000e+05 3.85782413e-20
5.19500000e+05 3.85724906e-20
5.19600000e+05 3.85667418e-20
5.19700000e+05 3.85609949e-20
5.19800000e+05 3.85552498e-20
5.19900000e+05 3.85495065e-20
5.20000000e+05 3.85437651e-20
5.20100000e+05 3.85380255e-20
5.20200000e+05 3.85322878e-20
5.20300000e+05 3.85265519e-20
5.20400000e+05 3.85208179e-20
5.20500000e+05 3.85150857e-20
5.20600000e+05 3.85093553e-20
5.20700000e+05 3.85036268e-20
5.20800000e+05 3.84979001e-20
5.20900000e+05 3.84921753e-20
5.21000000e+05 3.84864522e-20
5.21100000e+05 3.84807310e-20
5.21200000e+05 3.84750117e-20
5.21300000e+05 3.84692942e-20
5.21400000e+05 3.84635785e-20
5.21500000e+05 3.84578646e-20
5.21600000e+05 3.84521526e-20
5.21700000e+05 3.84464424e-20
5.21800000e+05 3.84407340e-20
5.21900000e+05 3.84350275e-20
5.22000000e+05 3.84293228e-20
5.22100000e+05 3.84236199e-20
5.22200000e+05 3.84179188e-20
5.22300000e+05 3.84122196e-20
5.22400000e+05 3.84065221e-20
5.22500000e+05 3.84008265e-20
5.22600000e+05 3.83951328e-20
5.22700000e+05 3.83894408e-20
5.22800000e+05 3.83837507e-20
5.22900000e+05 3.83780623e-20
5.23000000e+05 3.83723758e-20
5.23100000e+05 3.83666911e-20
5.23200000e+05 3.83610083e-20
5.23300000e+05 3.83553272e-20
5.23400000e+05 3.83496480e-20
5.23500000e+05 3.83439705e-20
5.23600000e+05 3.83382949e-20
5.23700000e+05 3.83326211e-20
5.23800000e+05 3.83269491e-20
5.23900000e+05 3.83212789e-20
5.24000000e+05 3.83156106e-20
5.24100000e+05 3.83099440e-20
5.24200000e+05 3.83042792e-20
5.24300000e+05 3.82986163e-20
5.24400000e+05 3.82929551e-20
5.24500000e+05 3.82872958e-20
5.24600000e+05 3.82816382e-20
5.24700000e+05 3.82759825e-20
5.24800000e+05 3.82703285e-20
5.24900000e+05 3.82646764e-20
5.25000000e+05 3.82590261e-20
5.25100000e+05 3.82533775e-20
5.25200000e+05 3.82477308e-20
5.25300000e+05 3.82420859e-20
5.25400000e+05 3.82364427e-20
5.25500000e+05 3.82308014e-20
5.25600000e+05 3.82251618e-20
5.25700000e+05 3.82195240e-20
5.25800000e+05 3.82138881e-20
5.25900000e+05 3.82082539e-20
5.26000000e+05 3.82026215e-20
5.26100000e+05 3.81969909e-20
5.26200000e+05 3.81913621e-20
5.26300000e+05 3.81857351e-20
5.26400000e+05 3.81801099e-20
5.26500000e+05 3.81744864e-20
5.26600000e+05 3.81688648e-20
5.26700000e+05 3.81632449e-20
5.26800000e+05 3.81576268e-20
5.26900000e+05 3.81520105e-20
5.27000000e+05 3.81463960e-20
5.27100000e+05 3.81407833e-20
5.27200000e+05 3.81351723e-20
5.27300000e+05 3.81295632e-20
5.27400000e+05 3.81239558e-20
5.27500000e+05 3.81183502e-20
5.27600000e+05 3.81127463e-20
5.27700000e+05 3.81071443e-20
5.27800000e+05 3.81015440e-20
5.27900000e+05 3.80959455e-20
5.28000000e+05 3.80903488e-20
5.28100000e+05 3.80847538e-20
5.28200000e+05 3.80791606e-20
5.28300000e+05 3.80735692e-20
5.28400000e+05 3.80679796e-20
5.28500000e+05 3.80623917e-20
5.28600000e+05 3.80568056e-20
5.28700000e+05 3.80512212e-20
5.28800000e+05 3.80456387e-20
5.28900000e+05 3.80400579e-20
5.29000000e+05 3.80344789e-20
5.29100000e+05 3.80289016e-20
5.29200000e+05 3.80233261e-20
5.29300000e+05 3.80177523e-20
5.29400000e+05 3.80121804e-20
5.29500000e+05 3.80066101e-20
5.29600000e+05 3.80010417e-20
5.29700000e+05 3.79954750e-20
5.29800000e+05 3.79899101e-20
5.29900000e+05 3.79843469e-20
5.30000000e+05 3.79787855e-20
5.30100000e+05 3.79732258e-20
5.30200000e+05 3.79676679e-20
5.30300000e+05 3.79621117e-20
5.30400000e+05 3.79565574e-20
5.30500000e+05 3.79510047e-20
5.30600000e+05 3.79454538e-20
5.30700000e+05 3.79399047e-20
5.30800000e+05 3.79343573e-20
5.30900000e+05 3.79288117e-20
5.31000000e+05 3.79232678e-20
5.31100000e+05 3.79177256e-20
5.31200000e+05 3.79121852e-20
5.31300000e+05 3.79066466e-20
5.31400000e+05 3.79011097e-20
5.31500000e+05 3.78955745e-20
5.31600000e+05 3.78900411e-20
5.31700000e+05 3.78845095e-20
5.31800000e+05 3.78789795e-20
5.31900000e+05 3.78734514e-20
5.32000000e+05 3.78679249e-20
5.32100000e+05 3.78624002e-20
5.32200000e+05 3.78568773e-20
5.32300000e+05 3.78513560e-20
5.32400000e+05 3.78458366e-20
5.32500000e+05 3.78403188e-20
5.32600000e+05 3.78348028e-20
5.32700000e+05 3.78292885e-20
5.32800000e+05 3.78237760e-20
5.32900000e+05 3.78182652e-20
5.33000000e+05 3.78127561e-20
5.33100000e+05 3.78072488e-20
5.33200000e+05 3.78017431e-20
5.33300000e+05 3.77962393e-20
5.33400000e+05 3.77907371e-20
5.33500000e+05 3.77852367e-20
5.33600000e+05 3.77797380e-20
5.33700000e+05 3.77742410e-20
5.33800000e+05 3.77687458e-20
5.33900000e+05 3.77632523e-20
5.34000000e+05 3.77577605e-20
5.34100000e+05 3.77522704e-20
5.34200000e+05 3.77467821e-20
5.34300000e+05 3.77412954e-20
5.34400000e+05 3.77358105e-20
5.34500000e+05 3.77303274e-20
5.34600000e+05 3.77248459e-20
5.34700000e+05 3.77193662e-20
5.34800000e+05 3.77138881e-20
5.34900000e+05 3.77084118e-20
5.35000000e+05 3.77029372e-20
5.35100000e+05 3.76974644e-20
5.35200000e+05 3.76919932e-20
5.35300000e+05 3.76865238e-20
5.35400000e+05 3.76810560e-20
5.35500000e+05 3.76755900e-20
5.35600000e+05 3.76701257e-20
5.35700000e+05 3.76646631e-20
5.35800000e+05 3.76592022e-20
5.35900000e+05 3.76537431e-20
5.36000000e+05 3.76482856e-20
5.36100000e+05 3.76428298e-20
5.36200000e+05 3.76373758e-20
5.36300000e+05 3.76319234e-20
5.36400000e+05 3.76264728e-20
5.36500000e+05 3.76210238e-20
5.36600000e+05 3.76155766e-20
5.36700000e+05 3.76101311e-20
5.36800000e+05 3.76046872e-20
5.36900000e+05 3.75992451e-20
5.37000000e+05 3.75938047e-20
5.37100000e+05 3.75883660e-20
5.37200000e+05 3.75829289e-20
5.37300000e+05 3.75774936e-20
5.37400000e+05 3.75720600e-20
5.37500000e+05 3.75666280e-20
5.37600000e+05 3.75611978e-20
5.37700000e+05 3.75557692e-20
5.37800000e+05 3.75503424e-20
5.37900000e+05 3.75449172e-20
5.38000000e+05 3.75394938e-20
5.38100000e+05 3.75340720e-20
5.38200000e+05 3.75286519e-20
5.38300000e+05 3.75232335e-20
5.38400000e+05 3.75178168e-20
5.38500000e+05 3.75124018e-20
5.38600000e+05 3.75069885e-20
5.38700000e+05 3.75015768e-20
5.38800000e+05 3.74961669e-20
5.38900000e+05 3.74907586e-20
5.39000000e+05 3.74853520e-20
5.39100000e+05 3.74799471e-20
5.39200000e+05 3.74745439e-20
5.39300000e+05 3.74691423e-20
5.39400000e+05 3.74637425e-20
5.39500000e+05 3.74583443e-20
5.39600000e+05 3.74529478e-20
5.39700000e+05 3.74475530e-20
5.39800000e+05 3.74421599e-20
5.39900000e+05 3.74367684e-20
5.40000000e+05 3.74313786e-20
5.40100000e+05 3.74259905e-20
5.40200000e+05 3.74206041e-20
5.40300000e+05 3.74152193e-20
5.40400000e+05 3.74098362e-20
5.40500000e+05 3.74044548e-20
5.40600000e+05 3.73990751e-20
5.40700000e+05 3.73936970e-20
5.40800000e+05 3.73883206e-20
5.40900000e+05 3.73829459e-20
5.41000000e+05 3.73775728e-20
5.41100000e+05 3.73722014e-20
5.41200000e+05 3.73668317e-20
5.41300000e+05 3.73614636e-20
5.41400000e+05 3.73560972e-20
5.41500000e+05 3.73507325e-20
5.41600000e+05 3.73453694e-20
5.41700000e+05 3.73400080e-20
5.41800000e+05 3.73346483e-20
5.41900000e+05 3.73292902e-20
5.42000000e+05 3.73239338e-20
5.42100000e+05 3.73185790e-20
5.42200000e+05 3.73132259e-20
5.42300000e+05 3.73078745e-20
5.42400000e+05 3.73025247e-20
5.42500000e+05 3.72971766e-20
5.42600000e+05 3.72918301e-20
5.42700000e+05 3.72864853e-20
5.42800000e+05 3.72811422e-20
5.42900000e+05 3.72758007e-20
5.43000000e+05 3.72704608e-20
5.43100000e+05 3.72651226e-20
5.43200000e+05 3.72597861e-20
5.43300000e+05 3.72544512e-20
5.43400000e+05 3.72491179e-20
5.43500000e+05 3.72437864e-20
5.43600000e+05 3.72384564e-20
5.43700000e+05 3.72331281e-20
5.43800000e+05 3.72278015e-20
5.43900000e+05 3.72224765e-20
5.44000000e+05 3.72171531e-20
5.44100000e+05 3.72118314e-20
5.44200000e+05 3.72065113e-20
5.44300000e+05 3.72011929e-20
5.44400000e+05 3.71958761e-20
5.44500000e+05 3.71905610e-20
5.44600000e+05 3.71852475e-20
5.44700000e+05 3.71799356e-20
5.44800000e+05 3.71746254e-20
5.44900000e+05 3.71693168e-20
5.45000000e+05 3.71640099e-20
5.45100000e+05 3.71587046e-20
5.45200000e+05 3.71534009e-20
5.45300000e+05 3.71480988e-20
5.45400000e+05 3.71427984e-20
5.45500000e+05 3.71374997e-20
5.45600000e+05 3.71322026e-20
5.45700000e+05 3.71269071e-20
5.45800000e+05 3.71216132e-20
5.45900000e+05 3.71163209e-20
5.46000000e+05 3.71110303e-20
5.46100000e+05 3.71057414e-20
5.46200000e+05 3.71004540e-20
5.46300000e+05 3.70951683e-20
5.46400000e+05 3.70898842e-20
5.46500000e+05 3.70846017e-20
5.46600000e+05 3.70793209e-20
5.46700000e+05 3.70740417e-20
5.46800000e+05 3.70687641e-20
5.46900000e+05 3.70634881e-20
5.47000000e+05 3.70582138e-20
5.47100000e+05 3.70529411e-20
5.47200000e+05 3.70476700e-20
5.47300000e+05 3.70424005e-20
5.47400000e+05 3.70371326e-20
5.47500000e+05 3.70318664e-20
5.47600000e+05 3.70266018e-20
5.47700000e+05 3.70213387e-20
5.47800000e+05 3.70160774e-20
5.47900000e+05 3.70108176e-20
5.48000000e+05 3.70055594e-20
5.48100000e+05 3.70003029e-20
5.48200000e+05 3.69950480e-20
5.48300000e+05 3.69897946e-20
5.48400000e+05 3.69845429e-20
5.48500000e+05 3.69792928e-20
5.48600000e+05 3.69740444e-20
5.48700000e+05 3.69687975e-20
5.48800000e+05 3.69635522e-20
5.48900000e+05 3.69583086e-20
5.49000000e+05 3.69530665e-20
5.49100000e+05 3.69478261e-20
5.49200000e+05 3.69425873e-20
5.49300000e+05 3.69373500e-20
5.49400000e+05 3.69321144e-20
5.49500000e+05 3.69268804e-20
5.49600000e+05 3.69216480e-20
5.49700000e+05 3.69164172e-20
5.49800000e+05 3.69111880e-20
5.49900000e+05 3.69059604e-20
5.50000000e+05 3.69007343e-20
5.50100000e+05 3.68955099e-20
5.50200000e+05 3.68902871e-20
5.50300000e+05 3.68850659e-20
5.50400000e+05 3.68798463e-20
5.50500000e+05 3.68746283e-20
5.50600000e+05 3.68694119e-20
5.50700000e+05 3.68641970e-20
5.50800000e+05 3.68589838e-20
5.50900000e+05 3.68537722e-20
5.51000000e+05 3.68485621e-20
5.51100000e+05 3.68433537e-20
5.51200000e+05 3.68381468e-20
5.51300000e+05 3.68329415e-20
5.51400000e+05 3.68277379e-20
5.51500000e+05 3.68225358e-20
5.51600000e+05 3.68173353e-20
5.51700000e+05 3.68121364e-20
5.51800000e+05 3.68069390e-20
5.51900000e+05 3.68017433e-20
5.52000000e+05 3.67965491e-20
5.52100000e+05 3.67913566e-20
5.52200000e+05 3.67861656e-20
5.52300000e+05 3.67809762e-20
5.52400000e+05 3.67757884e-20
5.52500000e+05 3.67706021e-20
5.52600000e+05 3.67654175e-20
5.52700000e+05 3.67602344e-20
5.52800000e+05 3.67550529e-20
5.52900000e+05 3.67498730e-20
5.53000000e+05 3.67446947e-20
5.53100000e+05 3.67395179e-20
5.53200000e+05 3.67343427e-20
5.53300000e+05 3.67291691e-20
5.53400000e+05 3.67239971e-20
5.53500000e+05 3.67188266e-20
5.53600000e+05 3.67136577e-20
5.53700000e+05 3.67084904e-20
5.53800000e+05 3.67033247e-20
5.53900000e+05 3.66981605e-20
5.54000000e+05 3.66929979e-20
5.54100000e+05 3.66878369e-20
5.54200000e+05 3.66826775e-20
5.54300000e+05 3.66775196e-20
5.54400000e+05 3.66723633e-20
5.54500000e+05 3.66672085e-20
5.54600000e+05 3.66620554e-20
5.54700000e+05 3.66569037e-20
5.54800000e+05 3.66517537e-20
5.54900000e+05 3.66466052e-20
5.55000000e+05 3.66414583e-20
5.55100000e+05 3.66363129e-20
5.55200000e+05 3.66311691e-20
5.55300000e+05 3.66260269e-20
5.55400000e+05 3.66208862e-20
5.55500000e+05 3.66157471e-20
5.55600000e+05 3.66106096e-20
5.55700000e+05 3.66054736e-20
5.55800000e+05 3.66003392e-20
5.55900000e+05 3.65952063e-20
5.56000000e+05 3.65900750e-20
5.56100000e+05 3.65849452e-20
5.56200000e+05 3.65798170e-20
5.56300000e+05 3.65746903e-20
5.56400000e+05 3.65695652e-20
5.56500000e+05 3.65644417e-20
5.56600000e+05 3.65593197e-20
5.56700000e+05 3.65541993e-20
5.56800000e+05 3.65490804e-20
5.56900000e+05 3.65439630e-20
5.57000000e+05 3.65388472e-20
5.57100000e+05 3.65337330e-20
5.57200000e+05 3.65286203e-20
5.57300000e+05 3.65235092e-20
5.57400000e+05 3.65183996e-20
5.57500000e+05 3.65132915e-20
5.57600000e+05 3.65081850e-20
5.57700000e+05 3.65030801e-20
5.57800000e+05 3.64979766e-20
5.57900000e+05 3.64928748e-20
5.58000000e+05 3.64877744e-20
5.58100000e+05 3.64826756e-20
5.58200000e+05 3.64775784e-20
5.58300000e+05 3.64724827e-20
5.58400000e+05 3.64673885e-20
5.58500000e+05 3.64622959e-20
5.58600000e+05 3.64572048e-20
5.58700000e+05 3.64521153e-20
5.58800000e+05 3.64470272e-20
5.58900000e+05 3.64419408e-20
5.59000000e+05 3.64368558e-20
5.59100000e+05 3.64317724e-20
5.59200000e+05 3.64266905e-20
5.59300000e+05 3.64216102e-20
5.59400000e+05 3.64165314e-20
5.59500000e+05 3.64114541e-20
5.59600000e+05 3.64063784e-20
5.59700000e+05 3.64013042e-20
5.59800000e+05 3.63962315e-20
5.59900000e+05 3.63911603e-20
5.60000000e+05 3.63860907e-20
5.60100000e+05 3.63810226e-20
5.60200000e+05 3.63759561e-20
5.60300000e+05 3.63708910e-20
5.60400000e+05 3.63658275e-20
5.60500000e+05 3.63607655e-20
5.60600000e+05 3.63557050e-20
5.60700000e+05 3.63506461e-20
5.60800000e+05 3.63455887e-20
5.60900000e+05 3.63405328e-20
5.61000000e+05 3.63354784e-20
5.61100000e+05 3.63304256e-20
5.61200000e+05 3.63253742e-20
5.61300000e+05 3.63203244e-20
5.61400000e+05 3.63152761e-20
5.61500000e+05 3.63102293e-20
5.61600000e+05 3.63051841e-20
5.61700000e+05 3.63001403e-20
5.61800000e+05 3.62950981e-20
5.61900000e+05 3.62900574e-20
5.62000000e+05 3.62850182e-20
5.62100000e+05 3.62799805e-20
5.62200000e+05 3.62749444e-20
5.62300000e+05 3.62699097e-20
5.62400000e+05 3.62648766e-20
5.62500000e+05 3.62598449e-20
5.62600000e+05 3.62548148e-20
5.62700000e+05 3.62497862e-20
5.62800000e+05 3.62447591e-20
5.62900000e+05 3.62397335e-20
5.63000000e+05 3.62347094e-20
5.63100000e+05 3.62296868e-20
5.63200000e+05 3.62246658e-20
5.63300000e+05 3.62196462e-20
5.63400000e+05 3.62146281e-20
5.63500000e+05 3.62096116e-20
5.63600000e+05 3.62045965e-20
5.63700000e+05 3.61995830e-20
5.63800000e+05 3.61945709e-20
5.63900000e+05 3.61895604e-20
5.64000000e+05 3.61845514e-20
5.64100000e+05 3.61795438e-20
5.64200000e+05 3.61745378e-20
5.64300000e+05 3.61695332e-20
5.64400000e+05 3.61645302e-20
5.64500000e+05 3.61595286e-20
5.64600000e+05 3.61545286e-20
5.64700000e+05 3.61495300e-20
5.64800000e+05 3.61445330e-20
5.64900000e+05 3.61395374e-20
5.65000000e+05 3.61345434e-20
5.65100000e+05 3.61295508e-20
5.65200000e+05 3.61245597e-20
5.65300000e+05 3.61195701e-20
5.65400000e+05 3.61145820e-20
5.65500000e+05 3.61095954e-20
5.65600000e+05 3.61046103e-20
5.65700000e+05 3.60996267e-20
5.65800000e+05 3.60946445e-20
5.65900000e+05 3.60896639e-20
5.66000000e+05 3.60846847e-20
5.66100000e+05 3.60797071e-20
5.66200000e+05 3.60747309e-20
5.66300000e+05 3.60697562e-20
5.66400000e+05 3.60647829e-20
5.66500000e+05 3.60598112e-20
5.66600000e+05 3.60548410e-20
5.66700000e+05 3.60498722e-20
5.66800000e+05 3.60449049e-20
5.66900000e+05 3.60399391e-20
5.67000000e+05 3.60349748e-20
5.67100000e+05 3.60300120e-20
5.67200000e+05 3.60250506e-20
5.67300000e+05 3.60200907e-20
5.67400000e+05 3.60151323e-20
5.67500000e+05 3.60101754e-20
5.67600000e+05 3.60052199e-20
5.67700000e+05 3.60002660e-20
5.67800000e+05 3.59953135e-20
5.67900000e+05 3.59903624e-20
5.68000000e+05 3.59854129e-20
5.68100000e+05 3.59804648e-20
5.68200000e+05 3.59755182e-20
5.68300000e+05 3.59705731e-20
5.68400000e+05 3.59656294e-20
5.68500000e+05 3.59606872e-20
5.68600000e+05 3.59557465e-20
5.68700000e+05 3.59508073e-20
5.68800000e+05 3.59458695e-20
5.68900000e+05 3.59409332e-20
5.69000000e+05 3.59359984e-20
5.69100000e+05 3.59310650e-20
5.69200000e+05 3.59261331e-20
5.69300000e+05 3.59212026e-20
5.69400000e+05 3.59162737e-20
5.69500000e+05 3.59113461e-20
5.69600000e+05 3.59064201e-20
5.69700000e+05 3.59014955e-20
5.69800000e+05 3.58965724e-20
5.69900000e+05 3.58916507e-20
5.70000000e+05 3.58867305e-20
5.70100000e+05 3.58818118e-20
5.70200000e+05 3.58768945e-20
5.70300000e+05 3.58719787e-20
5.70400000e+05 3.58670643e-20
5.70500000e+05 3.58621514e-20
5.70600000e+05 3.58572400e-20
5.70700000e+05 3.58523300e-20
5.70800000e+05 3.58474215e-20
5.70900000e+05 3.58425144e-20
5.71000000e+05 3.58376087e-20
5.71100000e+05 3.58327046e-20
5.71200000e+05 3.58278019e-20
5.71300000e+05 3.58229006e-20
5.71400000e+05 3.58180008e-20
5.71500000e+05 3.58131024e-20
5.71600000e+05 3.58082055e-20
5.71700000e+05 3.58033100e-20
5.71800000e+05 3.57984160e-20
5.71900000e+05 3.57935235e-20
5.72000000e+05 3.57886324e-20
5.72100000e+05 3.57837427e-20
5.72200000e+05 3.57788545e-20
5.72300000e+05 3.57739677e-20
5.72400000e+05 3.57690824e-20
5.72500000e+05 3.57641985e-20
5.72600000e+05 3.57593160e-20
5.72700000e+05 3.57544350e-20
5.72800000e+05 3.57495555e-20
5.72900000e+05 3.57446774e-20
5.73000000e+05 3.57398007e-20
5.73100000e+05 3.57349255e-20
5.73200000e+05 3.57300517e-20
5.73300000e+05 3.57251793e-20
5.73400000e+05 3.57203084e-20
5.73500000e+05 3.57154390e-20
5.73600000e+05 3.57105709e-20
5.73700000e+05 3.57057043e-20
5.73800000e+05 3.57008392e-20
5.73900000e+05 3.56959755e-20
5.74000000e+05 3.56911132e-20
5.74100000e+05 3.56862523e-20
5.74200000e+05 3.56813929e-20
5.74300000e+05 3.56765349e-20
5.74400000e+05 3.56716783e-20
5.74500000e+05 3.56668232e-20
5.74600000e+05 3.56619695e-20
5.74700000e+05 3.56571173e-20
5.74800000e+05 3.56522664e-20
5.74900000e+05 3.56474170e-20
5.75000000e+05 3.56425691e-20
5.75100000e+05 3.56377225e-20
5.75200000e+05 3.56328774e-20
5.75300000e+05 3.56280337e-20
5.75400000e+05 3.56231915e-20
5.75500000e+05 3.56183506e-20
5.75600000e+05 3.56135112e-20
5.75700000e+05 3.56086732e-20
5.75800000e+05 3.56038367e-20
5.75900000e+05 3.55990015e-20
5.76000000e+05 3.55941678e-20
5.76100000e+05 3.55893355e-20
5.76200000e+05 3.55845046e-20
5.76300000e+05 3.55796752e-20
5.76400000e+05 3.55748471e-20
5.76500000e+05 3.55700205e-20
5.76600000e+05 3.55651953e-20
5.76700000e+05 3.55603715e-20
5.76800000e+05 3.55555492e-20
5.76900000e+05 3.55507282e-20
5.77000000e+05 3.55459087e-20
5.77100000e+05 3.55410906e-20
5.77200000e+05 3.55362739e-20
5.77300000e+05 3.55314586e-20
5.77400000e+05 3.55266447e-20
5.77500000e+05 3.55218323e-20
5.77600000e+05 3.55170212e-20
5.77700000e+05 3.55122116e-20
5.77800000e+05 3.55074034e-20
5.77900000e+05 3.55025966e-20
5.78000000e+05 3.54977912e-20
5.78100000e+05 3.54929872e-20
5.78200000e+05 3.54881846e-20
5.78300000e+05 3.54833834e-20
5.78400000e+05 3.54785836e-20
5.78500000e+05 3.54737853e-20
5.78600000e+05 3.54689883e-20
5.78700000e+05 3.54641928e-20
5.78800000e+05 3.54593986e-20
5.78900000e+05 3.54546059e-20
5.79000000e+05 3.54498145e-20
5.79100000e+05 3.54450246e-20
5.79200000e+05 3.54402361e-20
5.79300000e+05 3.54354489e-20
5.79400000e+05 3.54306632e-20
5.79500000e+05 3.54258789e-20
5.79600000e+05 3.54210960e-20
5.79700000e+05 3.54163144e-20
5.79800000e+05 3.54115343e-20
5.79900000e+05 3.54067556e-20
5.80000000e+05 3.54019782e-20
5.80100000e+05 3.53972023e-20
5.80200000e+05 3.53924277e-20
5.80300000e+05 3.53876546e-20
5.80400000e+05 3.53828828e-20
5.80500000e+05 3.53781125e-20
5.80600000e+05 3.53733435e-20
5.80700000e+05 3.53685760e-20
5.80800000e+05 3.53638098e-20
5.80900000e+05 3.53590450e-20
5.81000000e+05 3.53542816e-20
5.81100000e+05 3.53495196e-20
5.81200000e+05 3.53447590e-20
5.81300000e+05 3.53399997e-20
5.81400000e+05 3.53352419e-20
5.81500000e+05 3.53304855e-20
5.81600000e+05 3.53257304e-20
5.81700000e+05 3.53209767e-20
5.81800000e+05 3.53162244e-20
5.81900000e+05 3.53114735e-20
5.82000000e+05 3.53067240e-20
5.82100000e+05 3.53019759e-20
5.82200000e+05 3.52972291e-20
5.82300000e+05 3.52924838e-20
5.82400000e+05 3.52877398e-20
5.82500000e+05 3.52829972e-20
5.82600000e+05 3.52782560e-20
5.82700000e+05 3.52735161e-20
5.82800000e+05 3.52687777e-20
5.82900000e+05 3.52640406e-20
5.83000000e+05 3.52593049e-20
5.83100000e+05 3.52545706e-20
5.83200000e+05 3.52498376e-20
5.83300000e+05 3.52451061e-20
5.83400000e+05 3.52403759e-20
5.83500000e+05 3.52356471e-20
5.83600000e+05 3.52309196e-20
5.83700000e+05 3.52261936e-20
5.83800000e+05 3.52214689e-20
5.83900000e+05 3.52167456e-20
5.84000000e+05 3.52120236e-20
5.84100000e+05 3.52073031e-20
5.84200000e+05 3.52025839e-20
5.84300000e+05 3.51978660e-20
5.84400000e+05 3.51931496e-20
5.84500000e+05 3.51884345e-20
5.84600000e+05 3.51837208e-20
5.84700000e+05 3.51790084e-20
5.84800000e+05 3.51742974e-20
5.84900000e+05 3.51695878e-20
5.85000000e+05 3.51648796e-20
5.85100000e+05 3.51601727e-20
5.85200000e+05 3.51554672e-20
5.85300000e+05 3.51507630e-20
5.85400000e+05 3.51460603e-20
5.85500000e+05 3.51413588e-20
5.85600000e+05 3.51366588e-20
5.85700000e+05 3.51319601e-20
5.85800000e+05 3.51272628e-20
5.85900000e+05 3.51225668e-20
5.86000000e+05 3.51178722e-20
5.86100000e+05 3.51131789e-20
5.86200000e+05 3.51084870e-20
5.86300000e+05 3.51037965e-20
5.86400000e+05 3.50991073e-20
5.86500000e+05 3.50944195e-20
5.86600000e+05 3.50897331e-20
5.86700000e+05 3.50850480e-20
5.86800000e+05 3.50803642e-20
5.86900000e+05 3.50756818e-20
5.87000000e+05 3.50710008e-20
5.87100000e+05 3.50663211e-20
5.87200000e+05 3.50616428e-20
5.87300000e+05 3.50569658e-20
5.87400000e+05 3.50522902e-20
5.87500000e+05 3.50476160e-20
5.87600000e+05 3.50429430e-20
5.87700000e+05 3.50382715e-20
5.87800000e+05 3.50336013e-20
5.87900000e+05 3.50289324e-20
5.88000000e+05 3.50242649e-20
5.88100000e+05 3.50195987e-20
5.88200000e+05 3.50149339e-20
5.88300000e+05 3.50102704e-20
5.88400000e+05 3.50056083e-20
5.88500000e+05 3.50009475e-20
5.88600000e+05 3.49962881e-20
5.88700000e+05 3.49916300e-20
5.88800000e+05 3.49869733e-20
5.88900000e+05 3.49823179e-20
5.89000000e+05 3.49776638e-20
5.89100000e+05 3.49730111e-20
5.89200000e+05 3.49683597e-20
5.89300000e+05 3.49637097e-20
5.89400000e+05 3.49590610e-20
5.89500000e+05 3.49544136e-20
5.89600000e+05 3.49497676e-20
5.89700000e+05 3.49451230e-20
5.89800000e+05 3.49404796e-20
5.89900000e+05 3.49358376e-20
5.90000000e+05 3.49311970e-20
5.90100000e+05 3.49265577e-20
5.90200000e+05 3.49219197e-20
5.90300000e+05 3.49172830e-20
5.90400000e+05 3.49126477e-20
5.90500000e+05 3.49080137e-20
5.90600000e+05 3.49033811e-20
5.90700000e+05 3.48987498e-20
5.90800000e+05 3.48941198e-20
5.90900000e+05 3.48894912e-20
5.91000000e+05 3.48848638e-20
5.91100000e+05 3.48802379e-20
5.91200000e+05 3.48756132e-20
5.91300000e+05 3.48709899e-20
5.91400000e+05 3.48663679e-20
5.91500000e+05 3.48617472e-20
5.91600000e+05 3.48571279e-20
5.91700000e+05 3.48525099e-20
5.91800000e+05 3.48478932e-20
5.91900000e+05 3.48432778e-20
5.92000000e+05 3.48386638e-20
5.92100000e+05 3.48340511e-20
5.92200000e+05 3.48294397e-20
5.92300000e+05 3.48248296e-20
5.92400000e+05 3.48202209e-20
5.92500000e+05 3.48156135e-20
5.92600000e+05 3.48110074e-20
5.92700000e+05 3.48064026e-20
5.92800000e+05 3.48017992e-20
5.92900000e+05 3.47971971e-20
5.93000000e+05 3.47925962e-20
5.93100000e+05 3.47879968e-20
5.93200000e+05 3.47833986e-20
5.93300000e+05 3.47788017e-20
5.93400000e+05 3.47742062e-20
5.93500000e+05 3.47696120e-20
5.93600000e+05 3.47650191e-20
5.93700000e+05 3.47604275e-20
5.93800000e+05 3.47558372e-20
5.93900000e+05 3.47512483e-20
5.94000000e+05 3.47466607e-20
5.94100000e+05 3.47420743e-20
5.94200000e+05 3.47374893e-20
5.94300000e+05 3.47329056e-20
5.94400000e+05 3.47283232e-20
5.94500000e+05 3.47237422e-20
5.94600000e+05 3.47191624e-20
5.94700000e+05 3.47145839e-20
5.94800000e+05 3.47100068e-20
5.94900000e+05 3.47054309e-20
5.95000000e+05 3.47008564e-20
5.95100000e+05 3.46962832e-20
5.95200000e+05 3.46917113e-20
5.95300000e+05 3.46871407e-20
5.95400000e+05 3.46825714e-20
5.95500000e+05 3.46780034e-20
5.95600000e+05 3.46734367e-20
5.95700000e+05 3.46688713e-20
5.95800000e+05 3.46643072e-20
5.95900000e+05 3.46597445e-20
5.96000000e+05 3.46551830e-20
5.96100000e+05 3.46506228e-20
5.96200000e+05 3.46460640e-20
5.96300000e+05 3.46415064e-20
5.96400000e+05 3.46369501e-20
5.96500000e+05 3.46323952e-20
5.96600000e+05 3.46278415e-20
5.96700000e+05 3.46232891e-20
5.96800000e+05 3.46187380e-20
5.96900000e+05 3.46141883e-20
5.97000000e+05 3.46096398e-20
5.97100000e+05 3.46050926e-20
5.97200000e+05 3.46005467e-20
5.97300000e+05 3.45960022e-20
5.97400000e+05 3.45914589e-20
5.97500000e+05 3.45869169e-20
5.97600000e+05 3.45823762e-20
5.97700000e+05 3.45778367e-20
5.97800000e+05 3.45732986e-20
5.97900000e+05 3.45687618e-20
5.98000000e+05 3.45642263e-20
5.98100000e+05 3.45596920e-20
5.98200000e+05 3.45551591e-20
5.98300000e+05 3.45506274e-20
5.98400000e+05 3.45460970e-20
5.98500000e+05 3.45415680e-20
5.98600000e+05 3.45370402e-20
5.98700000e+05 3.45325137e-20
5.98800000e+05 3.45279884e-20
5.98900000e+05 3.45234645e-20
5.99000000e+05 3.45189419e-20
5.99100000e+05 3.45144205e-20
5.99200000e+05 3.45099004e-20
5.99300000e+05 3.45053816e-20
5.99400000e+05 3.45008641e-20
5.99500000e+05 3.44963479e-20
5.99600000e+05 3.44918330e-20
5.99700000e+05 3.44873193e-20
5.99800000e+05 3.44828069e-20
5.99900000e+05 3.44782958e-20
6.00000000e+05 3.44737860e-20
6.00100000e+05 3.44692775e-20
6.00200000e+05 3.44647702e-20
6.00300000e+05 3.44602642e-20
6.00400000e+05 3.44557595e-20
6.00500000e+05 3.44512561e-20
6.00600000e+05 3.44467540e-20
6.00700000e+05 3.44422531e-20
6.00800000e+05 3.44377535e-20
6.00900000e+05 3.44332552e-20
6.01000000e+05 3.44287582e-20
6.01100000e+05 3.44242624e-20
6.01200000e+05 3.44197679e-20
6.01300000e+05 3.44152747e-20
6.01400000e+05 3.44107827e-20
6.01500000e+05 3.44062921e-20
6.01600000e+05 3.44018027e-20
6.01700000e+05 3.43973145e-20
6.01800000e+05 3.43928277e-20
6.01900000e+05 3.43883421e-20
6.02000000e+05 3.43838578e-20
6.02100000e+05 3.43793747e-20
6.02200000e+05 3.43748929e-20
6.02300000e+05 3.43704124e-20
6.02400000e+05 3.43659332e-20
6.02500000e+05 3.43614552e-20
6.02600000e+05 3.43569785e-20
6.02700000e+05 3.43525030e-20
6.02800000e+05 3.43480289e-20
6.02900000e+05 3.43435559e-20
6.03000000e+05 3.43390843e-20
6.03100000e+05 3.43346139e-20
6.03200000e+05 3.43301448e-20
6.03300000e+05 3.43256769e-20
6.03400000e+05 3.43212103e-20
6.03500000e+05 3.43167450e-20
6.03600000e+05 3.43122809e-20
6.03700000e+05 3.43078181e-20
6.03800000e+05 3.43033565e-20
6.03900000e+05 3.42988962e-20
6.04000000e+05 3.42944372e-20
6.04100000e+05 3.42899794e-20
6.04200000e+05 3.42855229e-20
6.04300000e+05 3.42810676e-20
6.04400000e+05 3.42766136e-20
6.04500000e+05 3.42721608e-20
6.04600000e+05 3.42677093e-20
6.04700000e+05 3.42632591e-20
6.04800000e+05 3.42588101e-20
6.04900000e+05 3.42543624e-20
6.05000000e+05 3.42499159e-20
6.05100000e+05 3.42454707e-20
6.05200000e+05 3.42410267e-20
6.05300000e+05 3.42365840e-20
6.05400000e+05 3.42321425e-20
6.05500000e+05 3.42277023e-20
6.05600000e+05 3.42232633e-20
6.05700000e+05 3.42188256e-20
6.05800000e+05 3.42143891e-20
6.05900000e+05 3.42099539e-20
6.06000000e+05 3.42055199e-20
6.06100000e+05 3.42010872e-20
6.06200000e+05 3.41966557e-20
6.06300000e+05 3.41922254e-20
6.06400000e+05 3.41877965e-20
6.06500000e+05 3.41833687e-20
6.06600000e+05 3.41789422e-20
6.06700000e+05 3.41745170e-20
6.06800000e+05 3.41700929e-20
6.06900000e+05 3.41656702e-20
6.07000000e+05 3.41612486e-20
6.07100000e+05 3.41568284e-20
6.07200000e+05 3.41524093e-20
6.07300000e+05 3.41479915e-20
6.07400000e+05 3.41435750e-20
6.07500000e+05 3.41391596e-20
6.07600000e+05 3.41347456e-20
6.07700000e+05 3.41303327e-20
6.07800000e+05 3.41259211e-20
6.07900000e+05 3.41215108e-20
6.08000000e+05 3.41171016e-20
6.08100000e+05 3.41126937e-20
6.08200000e+05 3.41082871e-20
6.08300000e+05 3.41038817e-20
6.08400000e+05 3.40994775e-20
6.08500000e+05 3.40950745e-20
6.08600000e+05 3.40906728e-20
6.08700000e+05 3.40862723e-20
6.08800000e+05 3.40818731e-20
6.08900000e+05 3.40774751e-20
6.09000000e+05 3.40730783e-20
6.09100000e+05 3.40686828e-20
6.09200000e+05 3.40642884e-20
6.09300000e+05 3.40598953e-20
6.09400000e+05 3.40555035e-20
6.09500000e+05 3.40511129e-20
6.09600000e+05 3.40467235e-20
6.09700000e+05 3.40423353e-20
6.09800000e+05 3.40379484e-20
6.09900000e+05 3.40335626e-20
6.10000000e+05 3.40291781e-20
6.10100000e+05 3.40247949e-20
6.10200000e+05 3.40204129e-20
6.10300000e+05 3.40160320e-20
6.10400000e+05 3.40116525e-20
6.10500000e+05 3.40072741e-20
6.10600000e+05 3.40028970e-20
6.10700000e+05 3.39985210e-20
6.10800000e+05 3.39941464e-20
6.10900000e+05 3.39897729e-20
6.11000000e+05 3.39854006e-20
6.11100000e+05 3.39810296e-20
6.11200000e+05 3.39766598e-20
6.11300000e+05 3.39722912e-20
6.11400000e+05 3.39679239e-20
6.11500000e+05 3.39635577e-20
6.11600000e+05 3.39591928e-20
6.11700000e+05 3.39548291e-20
6.11800000e+05 3.39504666e-20
6.11900000e+05 3.39461053e-20
6.12000000e+05 3.39417453e-20
6.12100000e+05 3.39373864e-20
6.12200000e+05 3.39330288e-20
6.12300000e+05 3.39286724e-20
6.12400000e+05 3.39243172e-20
6.12500000e+05 3.39199632e-20
6.12600000e+05 3.39156104e-20
6.12700000e+05 3.39112589e-20
6.12800000e+05 3.39069086e-20
6.12900000e+05 3.39025594e-20
6.13000000e+05 3.38982115e-20
6.13100000e+05 3.38938648e-20
6.13200000e+05 3.38895193e-20
6.13300000e+05 3.38851750e-20
6.13400000e+05 3.38808319e-20
6.13500000e+05 3.38764901e-20
6.13600000e+05 3.38721494e-20
6.13700000e+05 3.38678100e-20
6.13800000e+05 3.38634717e-20
6.13900000e+05 3.38591347e-20
6.14000000e+05 3.38547988e-20
6.14100000e+05 3.38504642e-20
6.14200000e+05 3.38461308e-20
6.14300000e+05 3.38417986e-20
6.14400000e+05 3.38374676e-20
6.14500000e+05 3.38331378e-20
6.14600000e+05 3.38288092e-20
6.14700000e+05 3.38244818e-20
6.14800000e+05 3.38201556e-20
6.14900000e+05 3.38158306e-20
6.15000000e+05 3.38115068e-20
6.15100000e+05 3.38071842e-20
6.15200000e+05 3.38028628e-20
6.15300000e+05 3.37985426e-20
6.15400000e+05 3.37942236e-20
6.15500000e+05 3.37899058e-20
6.15600000e+05 3.37855892e-20
6.15700000e+05 3.37812738e-20
6.15800000e+05 3.37769596e-20
6.15900000e+05 3.37726466e-20
6.16000000e+05 3.37683348e-20
6.16100000e+05 3.37640242e-20
6.16200000e+05 3.37597147e-20
6.16300000e+05 3.37554065e-20
6.16400000e+05 3.37510995e-20
6.16500000e+05 3.37467936e-20
6.16600000e+05 3.37424890e-20
6.16700000e+05 3.37381855e-20
6.16800000e+05 3.37338833e-20
6.16900000e+05 3.37295822e-20
6.17000000e+05 3.37252823e-20
6.17100000e+05 3.37209837e-20
6.17200000e+05 3.37166862e-20
6.17300000e+05 3.37123899e-20
6.17400000e+05 3.37080947e-20
6.17500000e+05 3.37038008e-20
6.17600000e+05 3.36995081e-20
6.17700000e+05 3.36952165e-20
6.17800000e+05 3.36909262e-20
6.17900000e+05 3.36866370e-20
6.18000000e+05 3.36823490e-20
6.18100000e+05 3.36780622e-20
6.18200000e+05 3.36737766e-20
6.18300000e+05 3.36694921e-20
6.18400000e+05 3.36652089e-20
6.18500000e+05 3.36609268e-20
6.18600000e+05 3.36566459e-20
6.18700000e+05 3.36523662e-20
6.18800000e+05 3.36480877e-20
6.18900000e+05 3.36438104e-20
6.19000000e+05 3.36395342e-20
6.19100000e+05 3.36352593e-20
6.19200000e+05 3.36309855e-20
6.19300000e+05 3.36267128e-20
6.19400000e+05 3.36224414e-20
6.19500000e+05 3.36181712e-20
6.19600000e+05 3.36139021e-20
6.19700000e+05 3.36096342e-20
6.19800000e+05 3.36053675e-20
6.19900000e+05 3.36011019e-20
6.20000000e+05 3.35968375e-20
6.20100000e+05 3.35925743e-20
6.20200000e+05 3.35883123e-20
6.20300000e+05 3.35840515e-20
6.20400000e+05 3.35797918e-20
6.20500000e+05 3.35755333e-20
6.20600000e+05 3.35712760e-20
6.20700000e+05 3.35670198e-20
6.20800000e+05 3.35627649e-20
6.20900000e+05 3.35585111e-20
6.21000000e+05 3.35542584e-20
6.21100000e+05 3.35500070e-20
6.21200000e+05 3.35457567e-20
6.21300000e+05 3.35415075e-20
6.21400000e+05 3.35372596e-20
6.21500000e+05 3.35330128e-20
6.21600000e+05 3.35287672e-20
6.21700000e+05 3.35245227e-20
6.21800000e+05 3.35202795e-20
6.21900000e+05 3.35160374e-20
6.22000000e+05 3.35117964e-20
6.22100000e+05 3.35075566e-20
6.22200000e+05 3.35033180e-20
6.22300000e+05 3.34990806e-20
6.22400000e+05 3.34948443e-20
6.22500000e+05 3.34906092e-20
6.22600000e+05 3.34863752e-20
6.22700000e+05 3.34821424e-20
6.22800000e+05 3.34779108e-20
6.22900000e+05 3.34736803e-20
6.23000000e+05 3.34694510e-20
6.23100000e+05 3.34652228e-20
6.23200000e+05 3.34609959e-20
6.23300000e+05 3.34567700e-20
6.23400000e+05 3.34525454e-20
6.23500000e+05 3.34483219e-20
6.23600000e+05 3.34440995e-20
6.23700000e+05 3.34398783e-20
6.23800000e+05 3.34356583e-20
6.23900000e+05 3.34314394e-20
6.24000000e+05 3.34272217e-20
6.24100000e+05 3.34230051e-20
6.24200000e+05 3.34187897e-20
6.24300000e+05 3.34145755e-20
6.24400000e+05 3.34103624e-20
6.24500000e+05 3.34061504e-20
6.24600000e+05 3.34019397e-20
6.24700000e+05 3.33977300e-20
6.24800000e+05 3.33935215e-20
6.24900000e+05 3.33893142e-20
6.25000000e+05 3.33851080e-20
6.25100000e+05 3.33809030e-20
6.25200000e+05 3.33766991e-20
6.25300000e+05 3.33724964e-20
6.25400000e+05 3.33682949e-20
6.25500000e+05 3.33640944e-20
6.25600000e+05 3.33598952e-20
6.25700000e+05 3.33556970e-20
6.25800000e+05 3.33515001e-20
6.25900000e+05 3.33473042e-20
6.26000000e+05 3.33431095e-20
6.26100000e+05 3.33389160e-20
6.26200000e+05 3.33347236e-20
6.26300000e+05 3.33305324e-20
6.26400000e+05 3.33263423e-20
6.26500000e+05 3.33221533e-20
6.26600000e+05 3.33179655e-20
6.26700000e+05 3.33137788e-20
6.26800000e+05 3.33095933e-20
6.26900000e+05 3.33054089e-20
6.27000000e+05 3.33012257e-20
6.27100000e+05 3.32970436e-20
6.27200000e+05 3.32928627e-20
6.27300000e+05 3.32886829e-20
6.27400000e+05 3.32845042e-20
6.27500000e+05 3.32803267e-20
6.27600000e+05 3.32761503e-20
6.27700000e+05 3.32719750e-20
6.27800000e+05 3.32678009e-20
6.27900000e+05 3.32636279e-20
6.28000000e+05 3.32594561e-20
6.28100000e+05 3.32552854e-20
6.28200000e+05 3.32511158e-20
6.28300000e+05 3.32469474e-20
6.28400000e+05 3.32427801e-20
6.28500000e+05 3.32386140e-20
6.28600000e+05 3.32344489e-20
6.28700000e+05 3.32302851e-20
6.28800000e+05 3.32261223e-20
6.28900000e+05 3.32219607e-20
6.29000000e+05 3.32178002e-20
6.29100000e+05 3.32136408e-20
6.29200000e+05 3.32094826e-20
6.29300000e+05 3.32053255e-20
6.29400000e+05 3.32011696e-20
6.29500000e+05 3.31970147e-20
6.29600000e+05 3.31928611e-20
6.29700000e+05 3.31887085e-20
6.29800000e+05 3.31845570e-20
6.29900000e+05 3.31804067e-20
6.30000000e+05 3.31762576e-20
6.30100000e+05 3.31721095e-20
6.30200000e+05 3.31679626e-20
6.30300000e+05 3.31638168e-20
6.30400000e+05 3.31596721e-20
6.30500000e+05 3.31555286e-20
6.30600000e+05 3.31513862e-20
6.30700000e+05 3.31472449e-20
6.30800000e+05 3.31431047e-20
6.30900000e+05 3.31389656e-20
6.31000000e+05 3.31348277e-20
6.31100000e+05 3.31306909e-20
6.31200000e+05 3.31265552e-20
6.31300000e+05 3.31224207e-20
6.31400000e+05 3.31182873e-20
6.31500000e+05 3.31141549e-20
6.31600000e+05 3.31100238e-20
6.31700000e+05 3.31058937e-20
6.31800000e+05 3.31017647e-20
6.31900000e+05 3.30976369e-20
6.32000000e+05 3.30935102e-20
6.32100000e+05 3.30893846e-20
6.32200000e+05 3.30852601e-20
6.32300000e+05 3.30811368e-20
6.32400000e+05 3.30770145e-20
6.32500000e+05 3.30728934e-20
6.32600000e+05 3.30687734e-20
6.32700000e+05 3.30646545e-20
6.32800000e+05 3.30605368e-20
6.32900000e+05 3.30564201e-20
6.33000000e+05 3.30523046e-20
6.33100000e+05 3.30481901e-20
6.33200000e+05 3.30440768e-20
6.33300000e+05 3.30399646e-20
6.33400000e+05 3.30358535e-20
6.33500000e+05 3.30317435e-20
6.33600000e+05 3.30276347e-20
6.33700000e+05 3.30235269e-20
6.33800000e+05 3.30194203e-20
6.33900000e+05 3.30153147e-20
6.34000000e+05 3.30112103e-20
6.34100000e+05 3.30071070e-20
6.34200000e+05 3.30030048e-20
6.34300000e+05 3.29989037e-20
6.34400000e+05 3.29948037e-20
6.34500000e+05 3.29907048e-20
6.34600000e+05 3.29866070e-20
6.34700000e+05 3.29825104e-20
6.34800000e+05 3.29784148e-20
6.34900000e+05 3.29743204e-20
6.35000000e+05 3.29702270e-20
6.35100000e+05 3.29661348e-20
6.35200000e+05 3.29620436e-20
6.35300000e+05 3.29579536e-20
6.35400000e+05 3.29538647e-20
6.35500000e+05 3.29497768e-20
6.35600000e+05 3.29456901e-20
6.35700000e+05 3.29416045e-20
6.35800000e+05 3.29375200e-20
6.35900000e+05 3.29334365e-20
6.36000000e+05 3.29293542e-20
6.36100000e+05 3.29252730e-20
6.36200000e+05 3.29211929e-20
6.36300000e+05 3.29171138e-20
6.36400000e+05 3.29130359e-20
6.36500000e+05 3.29089591e-20
6.36600000e+05 3.29048834e-20
6.36700000e+05 3.29008087e-20
6.36800000e+05 3.28967352e-20
6.36900000e+05 3.28926628e-20
6.37000000e+05 3.28885914e-20
6.37100000e+05 3.28845212e-20
6.37200000e+05 3.28804521e-20
6.37300000e+05 3.28763840e-20
6.37400000e+05 3.28723171e-20
6.37500000e+05 3.28682512e-20
6.37600000e+05 3.28641864e-20
6.37700000e+05 3.28601227e-20
6.37800000e+05 3.28560602e-20
6.37900000e+05 3.28519987e-20
6.38000000e+05 3.28479383e-20
6.38100000e+05 3.28438790e-20
6.38200000e+05 3.28398208e-20
6.38300000e+05 3.28357636e-20
6.38400000e+05 3.28317076e-20
6.38500000e+05 3.28276526e-20
6.38600000e+05 3.28235988e-20
6.38700000e+05 3.28195460e-20
6.38800000e+05 3.28154943e-20
6.38900000e+05 3.28114437e-20
6.39000000e+05 3.28073942e-20
6.39100000e+05 3.28033458e-20
6.39200000e+05 3.27992985e-20
6.39300000e+05 3.27952523e-20
6.39400000e+05 3.27912071e-20
6.39500000e+05 3.27871630e-20
6.39600000e+05 3.27831200e-20
6.39700000e+05 3.27790781e-20
6.39800000e+05 3.27750373e-20
6.39900000e+05 3.27709976e-20
6.40000000e+05 3.27669589e-20
6.40100000e+05 3.27629213e-20
6.40200000e+05 3.27588849e-20
6.40300000e+05 3.27548494e-20
6.40400000e+05 3.27508151e-20
6.40500000e+05 3.27467819e-20
6.40600000e+05 3.27427497e-20
6.40700000e+05 3.27387186e-20
6.40800000e+05 3.27346886e-20
6.40900000e+05 3.27306597e-20
6.41000000e+05 3.27266318e-20
6.41100000e+05 3.27226051e-20
6.41200000e+05 3.27185794e-20
6.41300000e+05 3.27145548e-20
6.41400000e+05 3.27105312e-20
6.41500000e+05 3.27065088e-20
6.41600000e+05 3.27024874e-20
6.41700000e+05 3.26984671e-20
6.41800000e+05 3.26944478e-20
6.41900000e+05 3.26904297e-20
6.42000000e+05 3.26864126e-20
6.42100000e+05 3.26823966e-20
6.42200000e+05 3.26783816e-20
6.42300000e+05 3.26743678e-20
6.42400000e+05 3.26703550e-20
6.42500000e+05 3.26663432e-20
6.42600000e+05 3.26623326e-20
6.42700000e+05 3.26583230e-20
6.42800000e+05 3.26543145e-20
6.42900000e+05 3.26503071e-20
6.43000000e+05 3.26463007e-20
6.43100000e+05 3.26422954e-20
6.43200000e+05 3.26382912e-20
6.43300000e+05 3.26342880e-20
6.43400000e+05 3.26302859e-20
6.43500000e+05 3.26262849e-20
6.43600000e+05 3.26222849e-20
6.43700000e+05 3.26182860e-20
6.43800000e+05 3.26142882e-20
6.43900000e+05 3.26102915e-20
6.44000000e+05 3.26062958e-20
6.44100000e+05 3.26023011e-20
6.44200000e+05 3.25983076e-20
6.44300000e+05 3.25943151e-20
6.44400000e+05 3.25903236e-20
6.44500000e+05 3.25863333e-20
6.44600000e+05 3.25823439e-20
6.44700000e+05 3.25783557e-20
6.44800000e+05 3.25743685e-20
6.44900000e+05 3.25703824e-20
6.45000000e+05 3.25663973e-20
6.45100000e+05 3.25624133e-20
6.45200000e+05 3.25584304e-20
6.45300000e+05 3.25544485e-20
6.45400000e+05 3.25504677e-20
6.45500000e+05 3.25464879e-20
6.45600000e+05 3.25425092e-20
6.45700000e+05 3.25385316e-20
6.45800000e+05 3.25345550e-20
6.45900000e+05 3.25305795e-20
6.46000000e+05 3.25266050e-20
6.46100000e+05 3.25226316e-20
6.46200000e+05 3.25186592e-20
6.46300000e+05 3.25146879e-20
6.46400000e+05 3.25107176e-20
6.46500000e+05 3.25067484e-20
6.46600000e+05 3.25027803e-20
6.46700000e+05 3.24988132e-20
6.46800000e+05 3.24948472e-20
6.46900000e+05 3.24908822e-20
6.47000000e+05 3.24869183e-20
6.47100000e+05 3.24829554e-20
6.47200000e+05 3.24789936e-20
6.47300000e+05 3.24750328e-20
6.47400000e+05 3.24710731e-20
6.47500000e+05 3.24671144e-20
6.47600000e+05 3.24631568e-20
6.47700000e+05 3.24592002e-20
6.47800000e+05 3.24552447e-20
6.47900000e+05 3.24512902e-20
6.48000000e+05 3.24473368e-20
6.48100000e+05 3.24433844e-20
6.48200000e+05 3.24394331e-20
6.48300000e+05 3.24354828e-20
6.48400000e+05 3.24315336e-20
6.48500000e+05 3.24275854e-20
6.48600000e+05 3.24236382e-20
6.48700000e+05 3.24196921e-20
6.48800000e+05 3.24157471e-20
6.48900000e+05 3.24118031e-20
6.49000000e+05 3.24078601e-20
6.49100000e+05 3.24039182e-20
6.49200000e+05 3.23999773e-20
6.49300000e+05 3.23960375e-20
6.49400000e+05 3.23920987e-20
6.49500000e+05 3.23881609e-20
6.49600000e+05 3.23842242e-20
6.49700000e+05 3.23802886e-20
6.49800000e+05 3.23763539e-20
6.49900000e+05 3.23724204e-20
6.50000000e+05 3.23684878e-20
6.50100000e+05 3.23645563e-20
6.50200000e+05 3.23606258e-20
6.50300000e+05 3.23566964e-20
6.50400000e+05 3.23527680e-20
6.50500000e+05 3.23488407e-20
6.50600000e+05 3.23449144e-20
6.50700000e+05 3.23409891e-20
6.50800000e+05 3.23370648e-20
6.50900000e+05 3.23331416e-20
6.51000000e+05 3.23292195e-20
6.51100000e+05 3.23252983e-20
6.51200000e+05 3.23213782e-20
6.51300000e+05 3.23174592e-20
6.51400000e+05 3.23135411e-20
6.51500000e+05 3.23096241e-20
6.51600000e+05 3.23057082e-20
6.51700000e+05 3.23017933e-20
6.51800000e+05 3.22978794e-20
6.51900000e+05 3.22939665e-20
6.52000000e+05 3.22900547e-20
6.52100000e+05 3.22861439e-20
6.52200000e+05 3.22822341e-20
6.52300000e+05 3.22783253e-20
6.52400000e+05 3.22744176e-20
6.52500000e+05 3.22705110e-20
6.52600000e+05 3.22666053e-20
6.52700000e+05 3.22627007e-20
6.52800000e+05 3.22587971e-20
6.52900000e+05 3.22548945e-20
6.53000000e+05 3.22509930e-20
6.53100000e+05 3.22470925e-20
6.53200000e+05 3.22431930e-20
6.53300000e+05 3.22392945e-20
6.53400000e+05 3.22353971e-20
6.53500000e+05 3.22315007e-20
6.53600000e+05 3.22276053e-20
6.53700000e+05 3.22237109e-20
6.53800000e+05 3.22198176e-20
6.53900000e+05 3.22159253e-20
6.54000000e+05 3.22120340e-20
6.54100000e+05 3.22081437e-20
6.54200000e+05 3.22042545e-20
6.54300000e+05 3.22003663e-20
6.54400000e+05 3.21964791e-20
6.54500000e+05 3.21925929e-20
6.54600000e+05 3.21887078e-20
6.54700000e+05 3.21848236e-20
6.54800000e+05 3.21809405e-20
6.54900000e+05 3.21770584e-20
6.55000000e+05 3.21731773e-20
6.55100000e+05 3.21692973e-20
6.55200000e+05 3.21654183e-20
6.55300000e+05 3.21615402e-20
6.55400000e+05 3.21576632e-20
6.55500000e+05 3.21537872e-20
6.55600000e+05 3.21499123e-20
6.55700000e+05 3.21460383e-20
6.55800000e+05 3.21421654e-20
6.55900000e+05 3.21382935e-20
6.56000000e+05 3.21344226e-20
6.56100000e+05 3.21305527e-20
6.56200000e+05 3.21266838e-20
6.56300000e+05 3.21228160e-20
6.56400000e+05 3.21189491e-20
6.56500000e+05 3.21150833e-20
6.56600000e+05 3.21112185e-20
6.56700000e+05 3.21073546e-20
6.56800000e+05 3.21034918e-20
6.56900000e+05 3.20996301e-20
6.57000000e+05 3.20957693e-20
6.57100000e+05 3.20919095e-20
6.57200000e+05 3.20880508e-20
6.57300000e+05 3.20841930e-20
6.57400000e+05 3.20803363e-20
6.57500000e+05 3.20764806e-20
6.57600000e+05 3.20726259e-20
6.57700000e+05 3.20687722e-20
6.57800000e+05 3.20649195e-20
6.57900000e+05 3.20610678e-20
6.58000000e+05 3.20572171e-20
6.58100000e+05 3.20533674e-20
6.58200000e+05 3.20495187e-20
6.58300000e+05 3.20456711e-20
6.58400000e+05 3.20418244e-20
6.58500000e+05 3.20379788e-20
6.58600000e+05 3.20341341e-20
6.58700000e+05 3.20302905e-20
6.58800000e+05 3.20264478e-20
6.58900000e+05 3.20226062e-20
6.59000000e+05 3.20187656e-20
6.59100000e+05 3.20149259e-20
6.59200000e+05 3.20110873e-20
6.59300000e+05 3.20072497e-20
6.59400000e+05 3.20034131e-20
6.59500000e+05 3.19995774e-20
6.59600000e+05 3.19957428e-20
6.59700000e+05 3.19919092e-20
6.59800000e+05 3.19880766e-20
6.59900000e+05 3.19842449e-20
6.60000000e+05 3.19804143e-20
6.60100000e+05 3.19765847e-20
6.60200000e+05 3.19727561e-20
6.60300000e+05 3.19689285e-20
6.60400000e+05 3.19651018e-20
6.60500000e+05 3.19612762e-20
6.60600000e+05 3.19574516e-20
6.60700000e+05 3.19536279e-20
6.60800000e+05 3.19498053e-20
6.60900000e+05 3.19459836e-20
6.61000000e+05 3.19421630e-20
6.61100000e+05 3.19383433e-20
6.61200000e+05 3.19345247e-20
6.61300000e+05 3.19307070e-20
6.61400000e+05 3.19268903e-20
6.61500000e+05 3.19230746e-20
6.61600000e+05 3.19192599e-20
6.61700000e+05 3.19154462e-20
6.61800000e+05 3.19116335e-20
6.61900000e+05 3.19078218e-20
6.62000000e+05 3.19040111e-20
6.62100000e+05 3.19002014e-20
6.62200000e+05 3.18963926e-20
6.62300000e+05 3.18925849e-20
6.62400000e+05 3.18887781e-20
6.62500000e+05 3.18849724e-20
6.62600000e+05 3.18811676e-20
6.62700000e+05 3.18773638e-20
6.62800000e+05 3.18735610e-20
6.62900000e+05 3.18697592e-20
6.63000000e+05 3.18659583e-20
6.63100000e+05 3.18621585e-20
6.63200000e+05 3.18583596e-20
6.63300000e+05 3.18545618e-20
6.63400000e+05 3.18507649e-20
6.63500000e+05 3.18469690e-20
6.63600000e+05 3.18431741e-20
6.63700000e+05 3.18393801e-20
6.63800000e+05 3.18355872e-20
6.63900000e+05 3.18317952e-20
6.64000000e+05 3.18280043e-20
6.64100000e+05 3.18242143e-20
6.64200000e+05 3.18204253e-20
6.64300000e+05 3.18166372e-20
6.64400000e+05 3.18128502e-20
6.64500000e+05 3.18090641e-20
6.64600000e+05 3.18052790e-20
6.64700000e+05 3.18014949e-20
6.64800000e+05 3.17977118e-20
6.64900000e+05 3.17939297e-20
6.65000000e+05 3.17901485e-20
6.65100000e+05 3.17863683e-20
6.65200000e+05 3.17825891e-20
6.65300000e+05 3.17788109e-20
6.65400000e+05 3.17750336e-20
6.65500000e+05 3.17712574e-20
6.65600000e+05 3.17674821e-20
6.65700000e+05 3.17637078e-20
6.65800000e+05 3.17599344e-20
6.65900000e+05 3.17561620e-20
6.66000000e+05 3.17523907e-20
6.66100000e+05 3.17486202e-20
6.66200000e+05 3.17448508e-20
6.66300000e+05 3.17410823e-20
6.66400000e+05 3.17373149e-20
6.66500000e+05 3.17335483e-20
6.66600000e+05 3.17297828e-20
6.66700000e+05 3.17260182e-20
6.66800000e+05 3.17222546e-20
6.66900000e+05 3.17184920e-20
6.67000000e+05 3.17147304e-20
6.67100000e+05 3.17109697e-20
6.67200000e+05 3.17072100e-20
6.67300000e+05 3.17034512e-20
6.67400000e+05 3.16996935e-20
6.67500000e+05 3.16959367e-20
6.67600000e+05 3.16921808e-20
6.67700000e+05 3.16884260e-20
6.67800000e+05 3.16846721e-20
6.67900000e+05 3.16809192e-20
6.68000000e+05 3.16771672e-20
6.68100000e+05 3.16734162e-20
6.68200000e+05 3.16696662e-20
6.68300000e+05 3.16659172e-20
6.68400000e+05 3.16621691e-20
6.68500000e+05 3.16584220e-20
6.68600000e+05 3.16546758e-20
6.68700000e+05 3.16509306e-20
6.68800000e+05 3.16471864e-20
6.68900000e+05 3.16434432e-20
6.69000000e+05 3.16397009e-20
6.69100000e+05 3.16359595e-20
6.69200000e+05 3.16322192e-20
6.69300000e+05 3.16284798e-20
6.69400000e+05 3.16247413e-20
6.69500000e+05 3.16210039e-20
6.69600000e+05 3.16172673e-20
6.69700000e+05 3.16135318e-20
6.69800000e+05 3.16097972e-20
6.69900000e+05 3.16060636e-20
6.70000000e+05 3.16023309e-20
6.70100000e+05 3.15985992e-20
6.70200000e+05 3.15948684e-20
6.70300000e+05 3.15911386e-20
6.70400000e+05 3.15874098e-20
6.70500000e+05 3.15836819e-20
6.70600000e+05 3.15799550e-20
6.70700000e+05 3.15762291e-20
6.70800000e+05 3.15725041e-20
6.70900000e+05 3.15687800e-20
6.71000000e+05 3.15650569e-20
6.71100000e+05 3.15613348e-20
6.71200000e+05 3.15576136e-20
6.71300000e+05 3.15538934e-20
6.71400000e+05 3.15501742e-20
6.71500000e+05 3.15464559e-20
6.71600000e+05 3.15427385e-20
6.71700000e+05 3.15390221e-20
6.71800000e+05 3.15353067e-20
6.71900000e+05 3.15315922e-20
6.72000000e+05 3.15278786e-20
6.72100000e+05 3.15241661e-20
6.72200000e+05 3.15204544e-20
6.72300000e+05 3.15167437e-20
6.72400000e+05 3.15130340e-20
6.72500000e+05 3.15093252e-20
6.72600000e+05 3.15056174e-20
6.72700000e+05 3.15019105e-20
6.72800000e+05 3.14982046e-20
6.72900000e+05 3.14944996e-20
6.73000000e+05 3.14907956e-20
6.73100000e+05 3.14870925e-20
6.73200000e+05 3.14833904e-20
6.73300000e+05 3.14796892e-20
6.73400000e+05 3.14759890e-20
6.73500000e+05 3.14722897e-20
6.73600000e+05 3.14685913e-20
6.73700000e+05 3.14648940e-20
6.73800000e+05 3.14611975e-20
6.73900000e+05 3.14575020e-20
6.74000000e+05 3.14538075e-20
6.74100000e+05 3.14501138e-20
6.74200000e+05 3.14464212e-20
6.74300000e+05 3.14427295e-20
6.74400000e+05 3.14390387e-20
6.74500000e+05 3.14353489e-20
6.74600000e+05 3.14316600e-20
6.74700000e+05 3.14279720e-20
6.74800000e+05 3.14242850e-20
6.74900000e+05 3.14205990e-20
6.75000000e+05 3.14169138e-20
6.75100000e+05 3.14132297e-20
6.75200000e+05 3.14095464e-20
6.75300000e+05 3.14058641e-20
6.75400000e+05 3.14021828e-20
6.75500000e+05 3.13985024e-20
6.75600000e+05 3.13948229e-20
6.75700000e+05 3.13911444e-20
6.75800000e+05 3.13874668e-20
6.75900000e+05 3.13837901e-20
6.76000000e+05 3.13801144e-20
6.76100000e+05 3.13764396e-20
6.76200000e+05 3.13727658e-20
6.76300000e+05 3.13690929e-20
6.76400000e+05 3.13654209e-20
6.76500000e+05 3.13617499e-20
6.76600000e+05 3.13580798e-20
6.76700000e+05 3.13544106e-20
6.76800000e+05 3.13507424e-20
6.76900000e+05 3.13470751e-20
6.77000000e+05 3.13434087e-20
6.77100000e+05 3.13397433e-20
6.77200000e+05 3.13360788e-20
6.77300000e+05 3.13324153e-20
6.77400000e+05 3.13287526e-20
6.77500000e+05 3.13250910e-20
6.77600000e+05 3.13214302e-20
6.77700000e+05 3.13177704e-20
6.77800000e+05 3.13141115e-20
6.77900000e+05 3.13104535e-20
6.78000000e+05 3.13067965e-20
6.78100000e+05 3.13031404e-20
6.78200000e+05 3.12994852e-20
6.78300000e+05 3.12958310e-20
6.78400000e+05 3.12921777e-20
6.78500000e+05 3.12885253e-20
6.78600000e+05 3.12848739e-20
6.78700000e+05 3.12812233e-20
6.78800000e+05 3.12775737e-20
6.78900000e+05 3.12739251e-20
6.79000000e+05 3.12702773e-20
6.79100000e+05 3.12666305e-20
6.79200000e+05 3.12629846e-20
6.79300000e+05 3.12593397e-20
6.79400000e+05 3.12556956e-20
6.79500000e+05 3.12520525e-20
6.79600000e+05 3.12484104e-20
6.79700000e+05 3.12447691e-20
6.79800000e+05 3.12411288e-20
6.79900000e+05 3.12374894e-20
6.80000000e+05 3.12338509e-20
6.80100000e+05 3.12302133e-20
6.80200000e+05 3.12265767e-20
6.80300000e+05 3.12229410e-20
6.80400000e+05 3.12193062e-20
6.80500000e+05 3.12156723e-20
6.80600000e+05 3.12120393e-20
6.80700000e+05 3.12084073e-20
6.80800000e+05 3.12047762e-20
6.80900000e+05 3.12011460e-20
6.81000000e+05 3.11975168e-20
6.81100000e+05 3.11938884e-20
6.81200000e+05 3.11902610e-20
6.81300000e+05 3.11866345e-20
6.81400000e+05 3.11830089e-20
6.81500000e+05 3.11793842e-20
6.81600000e+05 3.11757605e-20
6.81700000e+05 3.11721376e-20
6.81800000e+05 3.11685157e-20
6.81900000e+05 3.11648947e-20
6.82000000e+05 3.11612746e-20
6.82100000e+05 3.11576555e-20
6.82200000e+05 3.11540372e-20
6.82300000e+05 3.11504199e-20
6.82400000e+05 3.11468035e-20
6.82500000e+05 3.11431880e-20
6.82600000e+05 3.11395734e-20
6.82700000e+05 3.11359597e-20
6.82800000e+05 3.11323470e-20
6.82900000e+05 3.11287351e-20
6.83000000e+05 3.11251242e-20
6.83100000e+05 3.11215141e-20
6.83200000e+05 3.11179050e-20
6.83300000e+05 3.11142968e-20
6.83400000e+05 3.11106896e-20
6.83500000e+05 3.11070832e-20
6.83600000e+05 3.11034777e-20
6.83700000e+05 3.10998732e-20
6.83800000e+05 3.10962695e-20
6.83900000e+05 3.10926668e-20
6.84000000e+05 3.10890650e-20
6.84100000e+05 3.10854641e-20
6.84200000e+05 3.10818641e-20
6.84300000e+05 3.10782650e-20
6.84400000e+05 3.10746668e-20
6.84500000e+05 3.10710695e-20
6.84600000e+05 3.10674731e-20
6.84700000e+05 3.10638777e-20
6.84800000e+05 3.10602831e-20
6.84900000e+05 3.10566895e-20
6.85000000e+05 3.10530967e-20
6.85100000e+05 3.10495049e-20
6.85200000e+05 3.10459139e-20
6.85300000e+05 3.10423239e-20
6.85400000e+05 3.10387348e-20
6.85500000e+05 3.10351466e-20
6.85600000e+05 3.10315593e-20
6.85700000e+05 3.10279729e-20
6.85800000e+05 3.10243873e-20
6.85900000e+05 3.10208027e-20
6.86000000e+05 3.10172190e-20
6.86100000e+05 3.10136362e-20
6.86200000e+05 3.10100543e-20
6.86300000e+05 3.10064733e-20
6.86400000e+05 3.10028933e-20
6.86500000e+05 3.09993141e-20
6.86600000e+05 3.09957358e-20
6.86700000e+05 3.09921584e-20
6.86800000e+05 3.09885819e-20
6.86900000e+05 3.09850063e-20
6.87000000e+05 3.09814316e-20
6.87100000e+05 3.09778578e-20
6.87200000e+05 3.09742849e-20
6.87300000e+05 3.09707129e-20
6.87400000e+05 3.09671418e-20
6.87500000e+05 3.09635716e-20
6.87600000e+05 3.09600023e-20
6.87700000e+05 3.09564339e-20
6.87800000e+05 3.09528664e-20
6.87900000e+05 3.09492998e-20
6.88000000e+05 3.09457340e-20
6.88100000e+05 3.09421692e-20
6.88200000e+05 3.09386053e-20
6.88300000e+05 3.09350423e-20
6.88400000e+05 3.09314801e-20
6.88500000e+05 3.09279189e-20
6.88600000e+05 3.09243585e-20
6.88700000e+05 3.09207991e-20
6.88800000e+05 3.09172405e-20
6.88900000e+05 3.09136828e-20
6.89000000e+05 3.09101260e-20
6.89100000e+05 3.09065702e-20
6.89200000e+05 3.09030152e-20
6.89300000e+05 3.08994611e-20
6.89400000e+05 3.08959078e-20
6.89500000e+05 3.08923555e-20
6.89600000e+05 3.08888041e-20
6.89700000e+05 3.08852535e-20
6.89800000e+05 3.08817039e-20
6.89900000e+05 3.08781551e-20
6.90000000e+05 3.08746072e-20
6.90100000e+05 3.08710603e-20
6.90200000e+05 3.08675142e-20
6.90300000e+05 3.08639689e-20
6.90400000e+05 3.08604246e-20
6.90500000e+05 3.08568812e-20
6.90600000e+05 3.08533386e-20
6.90700000e+05 3.08497970e-20
6.90800000e+05 3.08462562e-20
6.90900000e+05 3.08427163e-20
6.91000000e+05 3.08391773e-20
6.91100000e+05 3.08356392e-20
6.91200000e+05 3.08321020e-20
6.91300000e+05 3.08285656e-20
6.91400000e+05 3.08250301e-20
6.91500000e+05 3.08214956e-20
6.91600000e+05 3.08179619e-20
6.91700000e+05 3.08144290e-20
6.91800000e+05 3.08108971e-20
6.91900000e+05 3.08073661e-20
6.92000000e+05 3.08038359e-20
6.92100000e+05 3.08003066e-20
6.92200000e+05 3.07967782e-20
6.92300000e+05 3.07932507e-20
6.92400000e+05 3.07897240e-20
6.92500000e+05 3.07861983e-20
6.92600000e+05 3.07826734e-20
6.92700000e+05 3.07791494e-20
6.92800000e+05 3.07756263e-20
6.92900000e+05 3.07721040e-20
6.93000000e+05 3.07685827e-20
6.93100000e+05 3.07650622e-20
6.93200000e+05 3.07615426e-20
6.93300000e+05 3.07580239e-20
6.93400000e+05 3.07545060e-20
6.93500000e+05 3.07509890e-20
6.93600000e+05 3.07474729e-20
6.93700000e+05 3.07439577e-20
6.93800000e+05 3.07404434e-20
6.93900000e+05 3.07369299e-20
6.94000000e+05 3.07334173e-20
6.94100000e+05 3.07299056e-20
6.94200000e+05 3.07263947e-20
6.94300000e+05 3.07228848e-20
6.94400000e+05 3.07193757e-20
6.94500000e+05 3.07158675e-20
6.94600000e+05 3.07123601e-20
6.94700000e+05 3.07088536e-20
6.94800000e+05 3.07053480e-20
6.94900000e+05 3.07018433e-20
6.95000000e+05 3.06983394e-20
6.95100000e+05 3.06948365e-20
6.95200000e+05 3.06913344e-20
6.95300000e+05 3.06878331e-20
6.95400000e+05 3.06843327e-20
6.95500000e+05 3.06808332e-20
6.95600000e+05 3.06773346e-20
6.95700000e+05 3.06738368e-20
6.95800000e+05 3.06703400e-20
6.95900000e+05 3.06668439e-20
6.96000000e+05 3.06633488e-20
6.96100000e+05 3.06598545e-20
6.96200000e+05 3.06563611e-20
6.96300000e+05 3.06528685e-20
6.96400000e+05 3.06493769e-20
6.96500000e+05 3.06458860e-20
6.96600000e+05 3.06423961e-20
6.96700000e+05 3.06389070e-20
6.96800000e+05 3.06354188e-20
6.96900000e+05 3.06319315e-20
6.97000000e+05 3.06284450e-20
6.97100000e+05 3.06249594e-20
6.97200000e+05 3.06214746e-20
6.97300000e+05 3.06179907e-20
6.97400000e+05 3.06145077e-20
6.97500000e+05 3.06110255e-20
6.97600000e+05 3.06075442e-20
6.97700000e+05 3.06040638e-20
6.97800000e+05 3.06005842e-20
6.97900000e+05 3.05971055e-20
6.98000000e+05 3.05936277e-20
6.98100000e+05 3.05901507e-20
6.98200000e+05 3.05866746e-20
6.98300000e+05 3.05831993e-20
6.98400000e+05 3.05797249e-20
6.98500000e+05 3.05762514e-20
6.98600000e+05 3.05727787e-20
6.98700000e+05 3.05693069e-20
6.98800000e+05 3.05658359e-20
6.98900000e+05 3.05623658e-20
6.99000000e+05 3.05588966e-20
6.99100000e+05 3.05554282e-20
6.99200000e+05 3.05519607e-20
6.99300000e+05 3.05484940e-20
6.99400000e+05 3.05450282e-20
6.99500000e+05 3.05415633e-20
6.99600000e+05 3.05380992e-20
6.99700000e+05 3.05346360e-20
6.99800000e+05 3.05311736e-20
6.99900000e+05 3.05277121e-20
7.00000000e+05 3.05242514e-20
7.00100000e+05 3.05207916e-20
7.00200000e+05 3.05173326e-20
7.00300000e+05 3.05138745e-20
7.00400000e+05 3.05104173e-20
7.00500000e+05 3.05069609e-20
7.00600000e+05 3.05035054e-20
7.00700000e+05 3.05000507e-20
7.00800000e+05 3.04965968e-20
7.00900000e+05 3.04931439e-20
7.01000000e+05 3.04896917e-20
7.01100000e+05 3.04862405e-20
7.01200000e+05 3.04827901e-20
7.01300000e+05 3.04793405e-20
7.01400000e+05 3.04758918e-20
7.01500000e+05 3.04724439e-20
7.01600000e+05 3.04689969e-20
7.01700000e+05 3.04655507e-20
7.01800000e+05 3.04621054e-20
7.01900000e+05 3.04586609e-20
7.02000000e+05 3.04552173e-20
7.02100000e+05 3.04517745e-20
7.02200000e+05 3.04483326e-20
7.02300000e+05 3.04448916e-20
7.02400000e+05 3.04414513e-20
7.02500000e+05 3.04380120e-20
7.02600000e+05 3.04345734e-20
7.02700000e+05 3.04311358e-20
7.02800000e+05 3.04276989e-20
7.02900000e+05 3.04242629e-20
7.03000000e+05 3.04208278e-20
7.03100000e+05 3.04173935e-20
7.03200000e+05 3.04139601e-20
7.03300000e+05 3.04105275e-20
7.03400000e+05 3.04070957e-20
7.03500000e+05 3.04036648e-20
7.03600000e+05 3.04002347e-20
7.03700000e+05 3.03968055e-20
7.03800000e+05 3.03933771e-20
7.03900000e+05 3.03899496e-20
7.04000000e+05 3.03865229e-20
7.04100000e+05 3.03830970e-20
7.04200000e+05 3.03796720e-20
7.04300000e+05 3.03762478e-20
7.04400000e+05 3.03728245e-20
7.04500000e+05 3.03694020e-20
7.04600000e+05 3.03659804e-20
7.04700000e+05 3.03625596e-20
7.04800000e+05 3.03591396e-20
7.04900000e+05 3.03557205e-20
7.05000000e+05 3.03523022e-20
7.05100000e+05 3.03488848e-20
7.05200000e+05 3.03454682e-20
7.05300000e+05 3.03420524e-20
7.05400000e+05 3.03386375e-20
7.05500000e+05 3.03352234e-20
7.05600000e+05 3.03318101e-20
7.05700000e+05 3.03283977e-20
7.05800000e+05 3.03249861e-20
7.05900000e+05 3.03215754e-20
7.06000000e+05 3.03181655e-20
7.06100000e+05 3.03147564e-20
7.06200000e+05 3.03113482e-20
7.06300000e+05 3.03079408e-20
7.06400000e+05 3.03045343e-20
7.06500000e+05 3.03011285e-20
7.06600000e+05 3.02977237e-20
7.06700000e+05 3.02943196e-20
7.06800000e+05 3.02909164e-20
7.06900000e+05 3.02875140e-20
7.07000000e+05 3.02841125e-20
7.07100000e+05 3.02807117e-20
7.07200000e+05 3.02773119e-20
7.07300000e+05 3.02739128e-20
7.07400000e+05 3.02705146e-20
7.07500000e+05 3.02671172e-20
7.07600000e+05 3.02637206e-20
7.07700000e+05 3.02603249e-20
7.07800000e+05 3.02569300e-20
7.07900000e+05 3.02535360e-20
7.08000000e+05 3.02501427e-20
7.08100000e+05 3.02467503e-20
7.08200000e+05 3.02433588e-20
7.08300000e+05 3.02399680e-20
7.08400000e+05 3.02365781e-20
7.08500000e+05 3.02331890e-20
7.08600000e+05 3.02298008e-20
7.08700000e+05 3.02264133e-20
7.08800000e+05 3.02230267e-20
7.08900000e+05 3.02196410e-20
7.09000000e+05 3.02162560e-20
7.09100000e+05 3.02128719e-20
7.09200000e+05 3.02094886e-20
7.09300000e+05 3.02061061e-20
7.09400000e+05 3.02027245e-20
7.09500000e+05 3.01993437e-20
7.09600000e+05 3.01959637e-20
7.09700000e+05 3.01925845e-20
7.09800000e+05 3.01892062e-20
7.09900000e+05 3.01858287e-20
7.10000000e+05 3.01824520e-20
7.10100000e+05 3.01790761e-20
7.10200000e+05 3.01757011e-20
7.10300000e+05 3.01723269e-20
7.10400000e+05 3.01689535e-20
7.10500000e+05 3.01655809e-20
7.10600000e+05 3.01622092e-20
7.10700000e+05 3.01588383e-20
7.10800000e+05 3.01554682e-20
7.10900000e+05 3.01520989e-20
7.11000000e+05 3.01487304e-20
7.11100000e+05 3.01453628e-20
7.11200000e+05 3.01419960e-20
7.11300000e+05 3.01386300e-20
7.11400000e+05 3.01352648e-20
7.11500000e+05 3.01319004e-20
7.11600000e+05 3.01285369e-20
7.11700000e+05 3.01251742e-20
7.11800000e+05 3.01218123e-20
7.11900000e+05 3.01184512e-20
7.12000000e+05 3.01150909e-20
7.12100000e+05 3.01117315e-20
7.12200000e+05 3.01083728e-20
7.12300000e+05 3.01050150e-20
7.12400000e+05 3.01016580e-20
7.12500000e+05 3.00983018e-20
7.12600000e+05 3.00949465e-20
7.12700000e+05 3.00915919e-20
7.12800000e+05 3.00882382e-20
7.12900000e+05 3.00848853e-20
7.13000000e+05 3.00815332e-20
7.13100000e+05 3.00781819e-20
7.13200000e+05 3.00748314e-20
7.13300000e+05 3.00714818e-20
7.13400000e+05 3.00681329e-20
7.13500000e+05 3.00647849e-20
7.13600000e+05 3.00614377e-20
7.13700000e+05 3.00580913e-20
7.13800000e+05 3.00547457e-20
7.13900000e+05 3.00514009e-20
7.14000000e+05 3.00480570e-20
7.14100000e+05 3.00447138e-20
7.14200000e+05 3.00413715e-20
7.14300000e+05 3.00380299e-20
7.14400000e+05 3.00346892e-20
7.14500000e+05 3.00313493e-20
7.14600000e+05 3.00280102e-20
7.14700000e+05 3.00246719e-20
7.14800000e+05 3.00213344e-20
7.14900000e+05 3.00179978e-20
7.15000000e+05 3.00146619e-20
7.15100000e+05 3.00113269e-20
7.15200000e+05 3.00079926e-20
7.15300000e+05 3.00046592e-20
7.15400000e+05 3.00013266e-20
7.15500000e+05 2.99979947e-20
7.15600000e+05 2.99946637e-20
7.15700000e+05 2.99913335e-20
7.15800000e+05 2.99880041e-20
7.15900000e+05 2.99846755e-20
7.16000000e+05 2.99813478e-20
7.16100000e+05 2.99780208e-20
7.16200000e+05 2.99746946e-20
7.16300000e+05 2.99713692e-20
7.16400000e+05 2.99680447e-20
7.16500000e+05 2.99647209e-20
7.16600000e+05 2.99613980e-20
7.16700000e+05 2.99580758e-20
7.16800000e+05 2.99547545e-20
7.16900000e+05 2.99514339e-20
7.17000000e+05 2.99481142e-20
7.17100000e+05 2.99447952e-20
7.17200000e+05 2.99414771e-20
7.17300000e+05 2.99381598e-20
7.17400000e+05 2.99348432e-20
7.17500000e+05 2.99315275e-20
7.17600000e+05 2.99282126e-20
7.17700000e+05 2.99248985e-20
7.17800000e+05 2.99215851e-20
7.17900000e+05 2.99182726e-20
7.18000000e+05 2.99149609e-20
7.18100000e+05 2.99116500e-20
7.18200000e+05 2.99083398e-20
7.18300000e+05 2.99050305e-20
7.18400000e+05 2.99017220e-20
7.18500000e+05 2.98984143e-20
7.18600000e+05 2.98951073e-20
7.18700000e+05 2.98918012e-20
7.18800000e+05 2.98884959e-20
7.18900000e+05 2.98851913e-20
7.19000000e+05 2.98818876e-20
7.19100000e+05 2.98785847e-20
7.19200000e+05 2.98752825e-20
7.19300000e+05 2.98719812e-20
7.19400000e+05 2.98686806e-20
7.19500000e+05 2.98653808e-20
7.19600000e+05 2.98620819e-20
7.19700000e+05 2.98587837e-20
7.19800000e+05 2.98554864e-20
7.19900000e+05 2.98521898e-20
7.20000000e+05 2.98488940e-20
7.20100000e+05 2.98455990e-20
7.20200000e+05 2.98423048e-20
7.20300000e+05 2.98390114e-20
7.20400000e+05 2.98357188e-20
7.20500000e+05 2.98324270e-20
7.20600000e+05 2.98291360e-20
7.20700000e+05 2.98258457e-20
7.20800000e+05 2.98225563e-20
7.20900000e+05 2.98192676e-20
7.21000000e+05 2.98159798e-20
7.21100000e+05 2.98126927e-20
7.21200000e+05 2.98094065e-20
7.21300000e+05 2.98061210e-20
7.21400000e+05 2.98028363e-20
7.21500000e+05 2.97995524e-20
7.21600000e+05 2.97962693e-20
7.21700000e+05 2.97929869e-20
7.21800000e+05 2.97897054e-20
7.21900000e+05 2.97864247e-20
7.22000000e+05 2.97831447e-20
7.22100000e+05 2.97798655e-20
7.22200000e+05 2.97765872e-20
7.22300000e+05 2.97733096e-20
7.22400000e+05 2.97700328e-20
7.22500000e+05 2.97667567e-20
7.22600000e+05 2.97634815e-20
7.22700000e+05 2.97602071e-20
7.22800000e+05 2.97569334e-20
7.22900000e+05 2.97536605e-20
7.23000000e+05 2.97503884e-20
7.23100000e+05 2.97471171e-20
7.23200000e+05 2.97438466e-20
7.23300000e+05 2.97405769e-20
7.23400000e+05 2.97373079e-20
7.23500000e+05 2.97340398e-20
7.23600000e+05 2.97307724e-20
7.23700000e+05 2.97275058e-20
7.23800000e+05 2.97242400e-20
7.23900000e+05 2.97209750e-20
7.24000000e+05 2.97177107e-20
7.24100000e+05 2.97144472e-20
7.24200000e+05 2.97111846e-20
7.24300000e+05 2.97079227e-20
7.24400000e+05 2.97046615e-20
7.24500000e+05 2.97014012e-20
7.24600000e+05 2.96981417e-20
7.24700000e+05 2.96948829e-20
7.24800000e+05 2.96916249e-20
7.24900000e+05 2.96883677e-20
7.25000000e+05 2.96851112e-20
7.25100000e+05 2.96818556e-20
7.25200000e+05 2.96786007e-20
7.25300000e+05 2.96753466e-20
7.25400000e+05 2.96720933e-20
7.25500000e+05 2.96688407e-20
7.25600000e+05 2.96655890e-20
7.25700000e+05 2.96623380e-20
7.25800000e+05 2.96590878e-20
7.25900000e+05 2.96558384e-20
7.26000000e+05 2.96525897e-20
7.26100000e+05 2.96493418e-20
7.26200000e+05 2.96460947e-20
7.26300000e+05 2.96428484e-20
7.26400000e+05 2.96396029e-20
7.26500000e+05 2.96363581e-20
7.26600000e+05 2.96331141e-20
7.26700000e+05 2.96298709e-20
7.26800000e+05 2.96266284e-20
7.26900000e+05 2.96233867e-20
7.27000000e+05 2.96201458e-20
7.27100000e+05 2.96169057e-20
7.27200000e+05 2.96136664e-20
7.27300000e+05 2.96104278e-20
7.27400000e+05 2.96071900e-20
7.27500000e+05 2.96039530e-20
7.27600000e+05 2.96007167e-20
7.27700000e+05 2.95974812e-20
7.27800000e+05 2.95942465e-20
7.27900000e+05 2.95910126e-20
7.28000000e+05 2.95877794e-20
7.28100000e+05 2.95845470e-20
7.28200000e+05 2.95813154e-20
7.28300000e+05 2.95780845e-20
7.28400000e+05 2.95748544e-20
7.28500000e+05 2.95716251e-20
7.28600000e+05 2.95683965e-20
7.28700000e+05 2.95651688e-20
7.28800000e+05 2.95619417e-20
7.28900000e+05 2.95587155e-20
7.29000000e+05 2.95554900e-20
7.29100000e+05 2.95522653e-20
7.29200000e+05 2.95490414e-20
7.29300000e+05 2.95458182e-20
7.29400000e+05 2.95425958e-20
7.29500000e+05 2.95393742e-20
7.29600000e+05 2.95361533e-20
7.29700000e+05 2.95329332e-20
7.29800000e+05 2.95297139e-20
7.29900000e+05 2.95264953e-20
7.30000000e+05 2.95232775e-20
7.30100000e+05 2.95200605e-20
7.30200000e+05 2.95168442e-20
7.30300000e+05 2.95136287e-20
7.30400000e+05 2.95104140e-20
7.30500000e+05 2.95072000e-20
7.30600000e+05 2.95039868e-20
7.30700000e+05 2.95007743e-20
7.30800000e+05 2.94975626e-20
7.30900000e+05 2.94943517e-20
7.31000000e+05 2.94911415e-20
7.31100000e+05 2.94879321e-20
7.31200000e+05 2.94847235e-20
7.31300000e+05 2.94815156e-20
7.31400000e+05 2.94783085e-20
7.31500000e+05 2.94751022e-20
7.31600000e+05 2.94718966e-20
7.31700000e+05 2.94686918e-20
7.31800000e+05 2.94654877e-20
7.31900000e+05 2.94622844e-20
7.32000000e+05 2.94590818e-20
7.32100000e+05 2.94558800e-20
7.32200000e+05 2.94526790e-20
7.32300000e+05 2.94494788e-20
7.32400000e+05 2.94462792e-20
7.32500000e+05 2.94430805e-20
7.32600000e+05 2.94398825e-20
7.32700000e+05 2.94366853e-20
7.32800000e+05 2.94334888e-20
7.32900000e+05 2.94302931e-20
7.33000000e+05 2.94270981e-20
7.33100000e+05 2.94239039e-20
7.33200000e+05 2.94207105e-20
7.33300000e+05 2.94175178e-20
7.33400000e+05 2.94143259e-20
7.33500000e+05 2.94111347e-20
7.33600000e+05 2.94079443e-20
7.33700000e+05 2.94047546e-20
7.33800000e+05 2.94015657e-20
7.33900000e+05 2.93983775e-20
7.34000000e+05 2.93951901e-20
7.34100000e+05 2.93920035e-20
7.34200000e+05 2.93888176e-20
7.34300000e+05 2.93856325e-20
7.34400000e+05 2.93824481e-20
7.34500000e+05 2.93792645e-20
7.34600000e+05 2.93760816e-20
7.34700000e+05 2.93728995e-20
7.34800000e+05 2.93697181e-20
7.34900000e+05 2.93665375e-20
7.35000000e+05 2.93633576e-20
7.35100000e+05 2.93601785e-20
7.35200000e+05 2.93570001e-20
7.35300000e+05 2.93538225e-20
7.35400000e+05 2.93506456e-20
7.35500000e+05 2.93474695e-20
7.35600000e+05 2.93442942e-20
7.35700000e+05 2.93411196e-20
7.35800000e+05 2.93379457e-20
7.35900000e+05 2.93347726e-20
7.36000000e+05 2.93316002e-20
7.36100000e+05 2.93284286e-20
7.36200000e+05 2.93252578e-20
7.36300000e+05 2.93220876e-20
7.36400000e+05 2.93189183e-20
7.36500000e+05 2.93157497e-20
7.36600000e+05 2.93125818e-20
7.36700000e+05 2.93094147e-20
7.36800000e+05 2.93062483e-20
7.36900000e+05 2.93030827e-20
7.37000000e+05 2.92999178e-20
7.37100000e+05 2.92967536e-20
7.37200000e+05 2.92935902e-20
7.37300000e+05 2.92904276e-20
7.37400000e+05 2.92872657e-20
7.37500000e+05 2.92841045e-20
7.37600000e+05 2.92809441e-20
7.37700000e+05 2.92777845e-20
7.37800000e+05 2.92746255e-20
7.37900000e+05 2.92714674e-20
7.38000000e+05 2.92683099e-20
7.38100000e+05 2.92651533e-20
7.38200000e+05 2.92619973e-20
7.38300000e+05 2.92588421e-20
7.38400000e+05 2.92556876e-20
7.38500000e+05 2.92525339e-20
7.38600000e+05 2.92493810e-20
7.38700000e+05 2.92462287e-20
7.38800000e+05 2.92430772e-20
7.38900000e+05 2.92399265e-20
7.39000000e+05 2.92367765e-20
7.39100000e+05 2.92336272e-20
7.39200000e+05 2.92304787e-20
7.39300000e+05 2.92273309e-20
7.39400000e+05 2.92241838e-20
7.39500000e+05 2.92210375e-20
7.39600000e+05 2.92178920e-20
7.39700000e+05 2.92147471e-20
7.39800000e+05 2.92116031e-20
7.39900000e+05 2.92084597e-20
7.40000000e+05 2.92053171e-20
7.40100000e+05 2.92021752e-20
7.40200000e+05 2.91990341e-20
7.40300000e+05 2.91958937e-20
7.40400000e+05 2.91927540e-20
7.40500000e+05 2.91896151e-20
7.40600000e+05 2.91864769e-20
7.40700000e+05 2.91833395e-20
7.40800000e+05 2.91802028e-20
7.40900000e+05 2.91770668e-20
7.41000000e+05 2.91739316e-20
7.41100000e+05 2.91707971e-20
7.41200000e+05 2.91676633e-20
7.41300000e+05 2.91645303e-20
7.41400000e+05 2.91613980e-20
7.41500000e+05 2.91582664e-20
7.41600000e+05 2.91551356e-20
7.41700000e+05 2.91520055e-20
7.41800000e+05 2.91488761e-20
7.41900000e+05 2.91457475e-20
7.42000000e+05 2.91426196e-20
7.42100000e+05 2.91394924e-20
7.42200000e+05 2.91363660e-20
7.42300000e+05 2.91332403e-20
7.42400000e+05 2.91301153e-20
7.42500000e+05 2.91269911e-20
7.42600000e+05 2.91238676e-20
7.42700000e+05 2.91207448e-20
7.42800000e+05 2.91176228e-20
7.42900000e+05 2.91145015e-20
7.43000000e+05 2.91113809e-20
7.43100000e+05 2.91082611e-20
7.43200000e+05 2.91051420e-20
7.43300000e+05 2.91020236e-20
7.43400000e+05 2.90989059e-20
7.43500000e+05 2.90957890e-20
7.43600000e+05 2.90926728e-20
7.43700000e+05 2.90895573e-20
7.43800000e+05 2.90864426e-20
7.43900000e+05 2.90833286e-20
7.44000000e+05 2.90802153e-20
7.44100000e+05 2.90771027e-20
7.44200000e+05 2.90739909e-20
7.44300000e+05 2.90708798e-20
7.44400000e+05 2.90677694e-20
7.44500000e+05 2.90646598e-20
7.44600000e+05 2.90615509e-20
7.44700000e+05 2.90584427e-20
7.44800000e+05 2.90553352e-20
7.44900000e+05 2.90522284e-20
7.45000000e+05 2.90491224e-20
7.45100000e+05 2.90460171e-20
7.45200000e+05 2.90429126e-20
7.45300000e+05 2.90398087e-20
7.45400000e+05 2.90367056e-20
7.45500000e+05 2.90336032e-20
7.45600000e+05 2.90305015e-20
7.45700000e+05 2.90274006e-20
7.45800000e+05 2.90243004e-20
7.45900000e+05 2.90212009e-20
7.46000000e+05 2.90181021e-20
7.46100000e+05 2.90150040e-20
7.46200000e+05 2.90119067e-20
7.46300000e+05 2.90088101e-20
7.46400000e+05 2.90057142e-20
7.46500000e+05 2.90026190e-20
7.46600000e+05 2.89995246e-20
7.46700000e+05 2.89964309e-20
7.46800000e+05 2.89933379e-20
7.46900000e+05 2.89902456e-20
7.47000000e+05 2.89871540e-20
7.47100000e+05 2.89840632e-20
7.47200000e+05 2.89809731e-20
7.47300000e+05 2.89778837e-20
7.47400000e+05 2.89747950e-20
7.47500000e+05 2.89717070e-20
7.47600000e+05 2.89686198e-20
7.47700000e+05 2.89655332e-20
7.47800000e+05 2.89624474e-20
7.47900000e+05 2.89593623e-20
7.48000000e+05 2.89562780e-20
7.48100000e+05 2.89531943e-20
7.48200000e+05 2.89501114e-20
7.48300000e+05 2.89470291e-20
7.48400000e+05 2.89439476e-20
7.48500000e+05 2.89408668e-20
7.48600000e+05 2.89377868e-20
7.48700000e+05 2.89347074e-20
7.48800000e+05 2.89316288e-20
7.48900000e+05 2.89285508e-20
7.49000000e+05 2.89254736e-20
7.49100000e+05 2.89223971e-20
7.49200000e+05 2.89193214e-20
7.49300000e+05 2.89162463e-20
7.49400000e+05 2.89131719e-20
7.49500000e+05 2.89100983e-20
7.49600000e+05 2.89070254e-20
7.49700000e+05 2.89039532e-20
7.49800000e+05 2.89008817e-20
7.49900000e+05 2.88978109e-20
7.50000000e+05 2.88947408e-20
7.50100000e+05 2.88916714e-20
7.50200000e+05 2.88886028e-20
7.50300000e+05 2.88855349e-20
7.50400000e+05 2.88824676e-20
7.50500000e+05 2.88794011e-20
7.50600000e+05 2.88763353e-20
7.50700000e+05 2.88732702e-20
7.50800000e+05 2.88702059e-20
7.50900000e+05 2.88671422e-20
7.51000000e+05 2.88640792e-20
7.51100000e+05 2.88610170e-20
7.51200000e+05 2.88579554e-20
7.51300000e+05 2.88548946e-20
7.51400000e+05 2.88518345e-20
7.51500000e+05 2.88487751e-20
7.51600000e+05 2.88457164e-20
7.51700000e+05 2.88426584e-20
7.51800000e+05 2.88396011e-20
7.51900000e+05 2.88365445e-20
7.52000000e+05 2.88334886e-20
7.52100000e+05 2.88304335e-20
7.52200000e+05 2.88273790e-20
7.52300000e+05 2.88243252e-20
7.52400000e+05 2.88212722e-20
7.52500000e+05 2.88182199e-20
7.52600000e+05 2.88151682e-20
7.52700000e+05 2.88121173e-20
7.52800000e+05 2.88090671e-20
7.52900000e+05 2.88060176e-20
7.53000000e+05 2.88029688e-20
7.53100000e+05 2.87999206e-20
7.53200000e+05 2.87968732e-20
7.53300000e+05 2.87938265e-20
7.53400000e+05 2.87907806e-20
7.53500000e+05 2.87877353e-20
7.53600000e+05 2.87846907e-20
7.53700000e+05 2.87816468e-20
7.53800000e+05 2.87786036e-20
7.53900000e+05 2.87755611e-20
7.54000000e+05 2.87725194e-20
7.54100000e+05 2.87694783e-20
7.54200000e+05 2.87664379e-20
7.54300000e+05 2.87633983e-20
7.54400000e+05 2.87603593e-20
7.54500000e+05 2.87573210e-20
7.54600000e+05 2.87542835e-20
7.54700000e+05 2.87512466e-20
7.54800000e+05 2.87482104e-20
7.54900000e+05 2.87451750e-20
7.55000000e+05 2.87421402e-20
7.55100000e+05 2.87391062e-20
7.55200000e+05 2.87360728e-20
7.55300000e+05 2.87330401e-20
7.55400000e+05 2.87300082e-20
7.55500000e+05 2.87269769e-20
7.55600000e+05 2.87239463e-20
7.55700000e+05 2.87209165e-20
7.55800000e+05 2.87178873e-20
7.55900000e+05 2.87148588e-20
7.56000000e+05 2.87118311e-20
7.56100000e+05 2.87088040e-20
7.56200000e+05 2.87057776e-20
7.56300000e+05 2.87027519e-20
7.56400000e+05 2.86997269e-20
7.56500000e+05 2.86967027e-20
7.56600000e+05 2.86936791e-20
7.56700000e+05 2.86906562e-20
7.56800000e+05 2.86876340e-20
7.56900000e+05 2.86846125e-20
7.57000000e+05 2.86815917e-20
7.57100000e+05 2.86785715e-20
7.57200000e+05 2.86755521e-20
7.57300000e+05 2.86725334e-20
7.57400000e+05 2.86695154e-20
7.57500000e+05 2.86664980e-20
7.57600000e+05 2.86634814e-20
7.57700000e+05 2.86604654e-20
7.57800000e+05 2.86574502e-20
7.57900000e+05 2.86544356e-20
7.58000000e+05 2.86514217e-20
7.58100000e+05 2.86484086e-20
7.58200000e+05 2.86453961e-20
7.58300000e+05 2.86423843e-20
7.58400000e+05 2.86393732e-20
7.58500000e+05 2.86363628e-20
7.58600000e+05 2.86333530e-20
7.58700000e+05 2.86303440e-20
7.58800000e+05 2.86273357e-20
7.58900000e+05 2.86243280e-20
7.59000000e+05 2.86213211e-20
7.59100000e+05 2.86183148e-20
7.59200000e+05 2.86153092e-20
7.59300000e+05 2.86123043e-20
7.59400000e+05 2.86093001e-20
7.59500000e+05 2.86062966e-20
7.59600000e+05 2.86032938e-20
7.59700000e+05 2.86002917e-20
7.59800000e+05 2.85972902e-20
7.59900000e+05 2.85942895e-20
7.60000000e+05 2.85912894e-20
7.60100000e+05 2.85882900e-20
7.60200000e+05 2.85852913e-20
7.60300000e+05 2.85822933e-20
7.60400000e+05 2.85792960e-20
7.60500000e+05 2.85762994e-20
7.60600000e+05 2.85733034e-20
7.60700000e+05 2.85703082e-20
7.60800000e+05 2.85673136e-20
7.60900000e+05 2.85643197e-20
7.61000000e+05 2.85613265e-20
7.61100000e+05 2.85583340e-20
7.61200000e+05 2.85553422e-20
7.61300000e+05 2.85523510e-20
7.61400000e+05 2.85493606e-20
7.61500000e+05 2.85463708e-20
7.61600000e+05 2.85433817e-20
7.61700000e+05 2.85403933e-20
7.61800000e+05 2.85374056e-20
7.61900000e+05 2.85344185e-20
7.62000000e+05 2.85314322e-20
7.62100000e+05 2.85284465e-20
7.62200000e+05 2.85254615e-20
7.62300000e+05 2.85224772e-20
7.62400000e+05 2.85194936e-20
7.62500000e+05 2.85165106e-20
7.62600000e+05 2.85135283e-20
7.62700000e+05 2.85105468e-20
7.62800000e+05 2.85075659e-20
7.62900000e+05 2.85045856e-20
7.63000000e+05 2.85016061e-20
7.63100000e+05 2.84986272e-20
7.63200000e+05 2.84956491e-20
7.63300000e+05 2.84926716e-20
7.63400000e+05 2.84896947e-20
7.63500000e+05 2.84867186e-20
7.63600000e+05 2.84837431e-20
7.63700000e+05 2.84807683e-20
7.63800000e+05 2.84777942e-20
7.63900000e+05 2.84748208e-20
7.64000000e+05 2.84718481e-20
7.64100000e+05 2.84688760e-20
7.64200000e+05 2.84659046e-20
7.64300000e+05 2.84629339e-20
7.64400000e+05 2.84599639e-20
7.64500000e+05 2.84569945e-20
7.64600000e+05 2.84540258e-20
7.64700000e+05 2.84510578e-20
7.64800000e+05 2.84480905e-20
7.64900000e+05 2.84451238e-20
7.65000000e+05 2.84421579e-20
7.65100000e+05 2.84391926e-20
7.65200000e+05 2.84362279e-20
7.65300000e+05 2.84332640e-20
7.65400000e+05 2.84303007e-20
7.65500000e+05 2.84273381e-20
7.65600000e+05 2.84243762e-20
7.65700000e+05 2.84214149e-20
7.65800000e+05 2.84184543e-20
7.65900000e+05 2.84154944e-20
7.66000000e+05 2.84125352e-20
7.66100000e+05 2.84095767e-20
7.66200000e+05 2.84066188e-20
7.66300000e+05 2.84036616e-20
7.66400000e+05 2.84007050e-20
7.66500000e+05 2.83977492e-20
7.66600000e+05 2.83947940e-20
7.66700000e+05 2.83918394e-20
7.66800000e+05 2.83888856e-20
7.66900000e+05 2.83859324e-20
7.67000000e+05 2.83829799e-20
7.67100000e+05 2.83800281e-20
7.67200000e+05 2.83770769e-20
7.67300000e+05 2.83741264e-20
7.67400000e+05 2.83711766e-20
7.67500000e+05 2.83682274e-20
7.67600000e+05 2.83652790e-20
7.67700000e+05 2.83623311e-20
7.67800000e+05 2.83593840e-20
7.67900000e+05 2.83564375e-20
7.68000000e+05 2.83534917e-20
7.68100000e+05 2.83505466e-20
7.68200000e+05 2.83476021e-20
7.68300000e+05 2.83446583e-20
7.68400000e+05 2.83417152e-20
7.68500000e+05 2.83387727e-20
7.68600000e+05 2.83358309e-20
7.68700000e+05 2.83328898e-20
7.68800000e+05 2.83299493e-20
7.68900000e+05 2.83270095e-20
7.69000000e+05 2.83240704e-20
7.69100000e+05 2.83211319e-20
7.69200000e+05 2.83181941e-20
7.69300000e+05 2.83152570e-20
7.69400000e+05 2.83123205e-20
7.69500000e+05 2.83093847e-20
7.69600000e+05 2.83064496e-20
7.69700000e+05 2.83035151e-20
7.69800000e+05 2.83005813e-20
7.69900000e+05 2.82976482e-20
7.70000000e+05 2.82947157e-20
7.70100000e+05 2.82917839e-20
7.70200000e+05 2.82888528e-20
7.70300000e+05 2.82859223e-20
7.70400000e+05 2.82829924e-20
7.70500000e+05 2.82800633e-20
7.70600000e+05 2.82771348e-20
7.70700000e+05 2.82742070e-20
7.70800000e+05 2.82712798e-20
7.70900000e+05 2.82683533e-20
7.71000000e+05 2.82654274e-20
7.71100000e+05 2.82625023e-20
7.71200000e+05 2.82595777e-20
7.71300000e+05 2.82566539e-20
7.71400000e+05 2.82537307e-20
7.71500000e+05 2.82508081e-20
7.71600000e+05 2.82478863e-20
7.71700000e+05 2.82449650e-20
7.71800000e+05 2.82420445e-20
7.71900000e+05 2.82391246e-20
7.72000000e+05 2.82362053e-20
7.72100000e+05 2.82332868e-20
7.72200000e+05 2.82303688e-20
7.72300000e+05 2.82274516e-20
7.72400000e+05 2.82245350e-20
7.72500000e+05 2.82216190e-20
7.72600000e+05 2.82187038e-20
7.72700000e+05 2.82157891e-20
7.72800000e+05 2.82128752e-20
7.72900000e+05 2.82099618e-20
7.73000000e+05 2.82070492e-20
7.73100000e+05 2.82041372e-20
7.73200000e+05 2.82012259e-20
7.73300000e+05 2.81983152e-20
7.73400000e+05 2.81954052e-20
7.73500000e+05 2.81924958e-20
7.73600000e+05 2.81895871e-20
7.73700000e+05 2.81866790e-20
7.73800000e+05 2.81837716e-20
7.73900000e+05 2.81808649e-20
7.74000000e+05 2.81779588e-20
7.74100000e+05 2.81750533e-20
7.74200000e+05 2.81721486e-20
7.74300000e+05 2.81692444e-20
7.74400000e+05 2.81663410e-20
7.74500000e+05 2.81634381e-20
7.74600000e+05 2.81605360e-20
7.74700000e+05 2.81576345e-20
7.74800000e+05 2.81547336e-20
7.74900000e+05 2.81518334e-20
7.75000000e+05 2.81489338e-20
7.75100000e+05 2.81460349e-20
7.75200000e+05 2.81431367e-20
7.75300000e+05 2.81402391e-20
7.75400000e+05 2.81373422e-20
7.75500000e+05 2.81344459e-20
7.75600000e+05 2.81315502e-20
7.75700000e+05 2.81286552e-20
7.75800000e+05 2.81257609e-20
7.75900000e+05 2.81228672e-20
7.76000000e+05 2.81199742e-20
7.76100000e+05 2.81170818e-20
7.76200000e+05 2.81141901e-20
7.76300000e+05 2.81112990e-20
7.76400000e+05 2.81084086e-20
7.76500000e+05 2.81055188e-20
7.76600000e+05 2.81026296e-20
7.76700000e+05 2.80997411e-20
7.76800000e+05 2.80968533e-20
7.76900000e+05 2.80939661e-20
7.77000000e+05 2.80910796e-20
7.77100000e+05 2.80881937e-20
7.77200000e+05 2.80853084e-20
7.77300000e+05 2.80824238e-20
7.77400000e+05 2.80795399e-20
7.77500000e+05 2.80766566e-20
7.77600000e+05 2.80737739e-20
7.77700000e+05 2.80708919e-20
7.77800000e+05 2.80680106e-20
7.77900000e+05 2.80651299e-20
7.78000000e+05 2.80622498e-20
7.78100000e+05 2.80593704e-20
7.78200000e+05 2.80564916e-20
7.78300000e+05 2.80536135e-20
7.78400000e+05 2.80507360e-20
7.78500000e+05 2.80478591e-20
7.78600000e+05 2.80449829e-20
7.78700000e+05 2.80421074e-20
7.78800000e+05 2.80392325e-20
7.78900000e+05 2.80363582e-20
7.79000000e+05 2.80334846e-20
7.79100000e+05 2.80306116e-20
7.79200000e+05 2.80277393e-20
7.79300000e+05 2.80248676e-20
7.79400000e+05 2.80219966e-20
7.79500000e+05 2.80191262e-20
7.79600000e+05 2.80162564e-20
7.79700000e+05 2.80133873e-20
7.79800000e+05 2.80105188e-20
7.79900000e+05 2.80076510e-20
7.80000000e+05 2.80047838e-20
7.80100000e+05 2.80019172e-20
7.80200000e+05 2.79990513e-20
7.80300000e+05 2.79961861e-20
7.80400000e+05 2.79933214e-20
7.80500000e+05 2.79904575e-20
7.80600000e+05 2.79875941e-20
7.80700000e+05 2.79847314e-20
7.80800000e+05 2.79818693e-20
7.80900000e+05 2.79790079e-20
7.81000000e+05 2.79761471e-20
7.81100000e+05 2.79732870e-20
7.81200000e+05 2.79704275e-20
7.81300000e+05 2.79675686e-20
7.81400000e+05 2.79647104e-20
7.81500000e+05 2.79618528e-20
7.81600000e+05 2.79589958e-20
7.81700000e+05 2.79561395e-20
7.81800000e+05 2.79532839e-20
7.81900000e+05 2.79504288e-20
7.82000000e+05 2.79475744e-20
7.82100000e+05 2.79447207e-20
7.82200000e+05 2.79418675e-20
7.82300000e+05 2.79390150e-20
7.82400000e+05 2.79361632e-20
7.82500000e+05 2.79333120e-20
7.82600000e+05 2.79304614e-20
7.82700000e+05 2.79276114e-20
7.82800000e+05 2.79247621e-20
7.82900000e+05 2.79219135e-20
7.83000000e+05 2.79190654e-20
7.83100000e+05 2.79162180e-20
7.83200000e+05 2.79133713e-20
7.83300000e+05 2.79105251e-20
7.83400000e+05 2.79076796e-20
7.83500000e+05 2.79048348e-20
7.83600000e+05 2.79019905e-20
7.83700000e+05 2.78991469e-20
7.83800000e+05 2.78963040e-20
7.83900000e+05 2.78934616e-20
7.84000000e+05 2.78906199e-20
7.84100000e+05 2.78877789e-20
7.84200000e+05 2.78849384e-20
7.84300000e+05 2.78820986e-20
7.84400000e+05 2.78792595e-20
7.84500000e+05 2.78764209e-20
7.84600000e+05 2.78735830e-20
7.84700000e+05 2.78707458e-20
7.84800000e+05 2.78679091e-20
7.84900000e+05 2.78650731e-20
7.85000000e+05 2.78622377e-20
7.85100000e+05 2.78594030e-20
7.85200000e+05 2.78565689e-20
7.85300000e+05 2.78537354e-20
7.85400000e+05 2.78509025e-20
7.85500000e+05 2.78480703e-20
7.85600000e+05 2.78452387e-20
7.85700000e+05 2.78424077e-20
7.85800000e+05 2.78395774e-20
7.85900000e+05 2.78367477e-20
7.86000000e+05 2.78339186e-20
7.86100000e+05 2.78310901e-20
7.86200000e+05 2.78282623e-20
7.86300000e+05 2.78254351e-20
7.86400000e+05 2.78226085e-20
7.86500000e+05 2.78197826e-20
7.86600000e+05 2.78169573e-20
7.86700000e+05 2.78141326e-20
7.86800000e+05 2.78113085e-20
7.86900000e+05 2.78084851e-20
7.87000000e+05 2.78056623e-20
7.87100000e+05 2.78028401e-20
7.87200000e+05 2.78000186e-20
7.87300000e+05 2.77971976e-20
7.87400000e+05 2.77943773e-20
7.87500000e+05 2.77915577e-20
7.87600000e+05 2.77887386e-20
7.87700000e+05 2.77859202e-20
7.87800000e+05 2.77831024e-20
7.87900000e+05 2.77802852e-20
7.88000000e+05 2.77774687e-20
7.88100000e+05 2.77746527e-20
7.88200000e+05 2.77718374e-20
7.88300000e+05 2.77690227e-20
7.88400000e+05 2.77662087e-20
7.88500000e+05 2.77633953e-20
7.88600000e+05 2.77605824e-20
7.88700000e+05 2.77577703e-20
7.88800000e+05 2.77549587e-20
7.88900000e+05 2.77521478e-20
7.89000000e+05 2.77493374e-20
7.89100000e+05 2.77465277e-20
7.89200000e+05 2.77437187e-20
7.89300000e+05 2.77409102e-20
7.89400000e+05 2.77381024e-20
7.89500000e+05 2.77352952e-20
7.89600000e+05 2.77324886e-20
7.89700000e+05 2.77296826e-20
7.89800000e+05 2.77268773e-20
7.89900000e+05 2.77240725e-20
7.90000000e+05 2.77212684e-20
7.90100000e+05 2.77184650e-20
7.90200000e+05 2.77156621e-20
7.90300000e+05 2.77128598e-20
7.90400000e+05 2.77100582e-20
7.90500000e+05 2.77072572e-20
7.90600000e+05 2.77044568e-20
7.90700000e+05 2.77016571e-20
7.90800000e+05 2.76988579e-20
7.90900000e+05 2.76960594e-20
7.91000000e+05 2.76932615e-20
7.91100000e+05 2.76904642e-20
7.91200000e+05 2.76876675e-20
7.91300000e+05 2.76848714e-20
7.91400000e+05 2.76820760e-20
7.91500000e+05 2.76792811e-20
7.91600000e+05 2.76764869e-20
7.91700000e+05 2.76736933e-20
7.91800000e+05 2.76709004e-20
7.91900000e+05 2.76681080e-20
7.92000000e+05 2.76653163e-20
7.92100000e+05 2.76625251e-20
7.92200000e+05 2.76597346e-20
7.92300000e+05 2.76569447e-20
7.92400000e+05 2.76541554e-20
7.92500000e+05 2.76513668e-20
7.92600000e+05 2.76485787e-20
7.92700000e+05 2.76457913e-20
7.92800000e+05 2.76430045e-20
7.92900000e+05 2.76402183e-20
7.93000000e+05 2.76374327e-20
7.93100000e+05 2.76346477e-20
7.93200000e+05 2.76318633e-20
7.93300000e+05 2.76290796e-20
7.93400000e+05 2.76262964e-20
7.93500000e+05 2.76235139e-20
7.93600000e+05 2.76207320e-20
7.93700000e+05 2.76179507e-20
7.93800000e+05 2.76151700e-20
7.93900000e+05 2.76123899e-20
7.94000000e+05 2.76096104e-20
7.94100000e+05 2.76068316e-20
7.94200000e+05 2.76040533e-20
7.94300000e+05 2.76012757e-20
7.94400000e+05 2.75984987e-20
7.94500000e+05 2.75957223e-20
7.94600000e+05 2.75929465e-20
7.94700000e+05 2.75901713e-20
7.94800000e+05 2.75873967e-20
7.94900000e+05 2.75846227e-20
7.95000000e+05 2.75818494e-20
7.95100000e+05 2.75790766e-20
7.95200000e+05 2.75763045e-20
7.95300000e+05 2.75735330e-20
7.95400000e+05 2.75707620e-20
7.95500000e+05 2.75679917e-20
7.95600000e+05 2.75652220e-20
7.95700000e+05 2.75624529e-20
7.95800000e+05 2.75596844e-20
7.95900000e+05 2.75569166e-20
7.96000000e+05 2.75541493e-20
7.96100000e+05 2.75513826e-20
7.96200000e+05 2.75486166e-20
7.96300000e+05 2.75458511e-20
7.96400000e+05 2.75430863e-20
7.96500000e+05 2.75403221e-20
7.96600000e+05 2.75375584e-20
7.96700000e+05 2.75347954e-20
7.96800000e+05 2.75320330e-20
7.96900000e+05 2.75292712e-20
7.97000000e+05 2.75265100e-20
7.97100000e+05 2.75237494e-20
7.97200000e+05 2.75209894e-20
7.97300000e+05 2.75182300e-20
7.97400000e+05 2.75154712e-20
7.97500000e+05 2.75127130e-20
7.97600000e+05 2.75099555e-20
7.97700000e+05 2.75071985e-20
7.97800000e+05 2.75044421e-20
7.97900000e+05 2.75016864e-20
7.98000000e+05 2.74989312e-20
7.98100000e+05 2.74961767e-20
7.98200000e+05 2.74934227e-20
7.98300000e+05 2.74906694e-20
7.98400000e+05 2.74879166e-20
7.98500000e+05 2.74851645e-20
7.98600000e+05 2.74824129e-20
7.98700000e+05 2.74796620e-20
7.98800000e+05 2.74769117e-20
7.98900000e+05 2.74741619e-20
7.99000000e+05 2.74714128e-20
7.99100000e+05 2.74686643e-20
7.99200000e+05 2.74659163e-20
7.99300000e+05 2.74631690e-20
7.99400000e+05 2.74604223e-20
7.99500000e+05 2.74576762e-20
7.99600000e+05 2.74549306e-20
7.99700000e+05 2.74521857e-20
7.99800000e+05 2.74494414e-20
7.99900000e+05 2.74466977e-20
8.00000000e+05 2.74439545e-20
8.00100000e+05 2.74412120e-20
8.00200000e+05 2.74384701e-20
8.00300000e+05 2.74357288e-20
8.00400000e+05 2.74329880e-20
8.00500000e+05 2.74302479e-20
8.00600000e+05 2.74275084e-20
8.00700000e+05 2.74247695e-20
8.00800000e+05 2.74220311e-20
8.00900000e+05 2.74192934e-20
8.01000000e+05 2.74165562e-20
8.01100000e+05 2.74138197e-20
8.01200000e+05 2.74110838e-20
8.01300000e+05 2.74083484e-20
8.01400000e+05 2.74056137e-20
8.01500000e+05 2.74028795e-20
8.01600000e+05 2.74001460e-20
8.01700000e+05 2.73974130e-20
8.01800000e+05 2.73946806e-20
8.01900000e+05 2.73919489e-20
8.02000000e+05 2.73892177e-20
8.02100000e+05 2.73864871e-20
8.02200000e+05 2.73837571e-20
8.02300000e+05 2.73810277e-20
8.02400000e+05 2.73782990e-20
8.02500000e+05 2.73755708e-20
8.02600000e+05 2.73728432e-20
8.02700000e+05 2.73701161e-20
8.02800000e+05 2.73673897e-20
8.02900000e+05 2.73646639e-20
8.03000000e+05 2.73619387e-20
8.03100000e+05 2.73592141e-20
8.03200000e+05 2.73564900e-20
8.03300000e+05 2.73537666e-20
8.03400000e+05 2.73510437e-20
8.03500000e+05 2.73483215e-20
8.03600000e+05 2.73455998e-20
8.03700000e+05 2.73428787e-20
8.03800000e+05 2.73401582e-20
8.03900000e+05 2.73374383e-20
8.04000000e+05 2.73347190e-20
8.04100000e+05 2.73320003e-20
8.04200000e+05 2.73292822e-20
8.04300000e+05 2.73265647e-20
8.04400000e+05 2.73238478e-20
8.04500000e+05 2.73211314e-20
8.04600000e+05 2.73184157e-20
8.04700000e+05 2.73157005e-20
8.04800000e+05 2.73129859e-20
8.04900000e+05 2.73102719e-20
8.05000000e+05 2.73075585e-20
8.05100000e+05 2.73048457e-20
8.05200000e+05 2.73021335e-20
8.05300000e+05 2.72994219e-20
8.05400000e+05 2.72967109e-20
8.05500000e+05 2.72940004e-20
8.05600000e+05 2.72912906e-20
8.05700000e+05 2.72885813e-20
8.05800000e+05 2.72858726e-20
8.05900000e+05 2.72831645e-20
8.06000000e+05 2.72804570e-20
8.06100000e+05 2.72777501e-20
8.06200000e+05 2.72750438e-20
8.06300000e+05 2.72723380e-20
8.06400000e+05 2.72696329e-20
8.06500000e+05 2.72669283e-20
8.06600000e+05 2.72642243e-20
8.06700000e+05 2.72615209e-20
8.06800000e+05 2.72588181e-20
8.06900000e+05 2.72561159e-20
8.07000000e+05 2.72534142e-20
8.07100000e+05 2.72507132e-20
8.07200000e+05 2.72480127e-20
8.07300000e+05 2.72453128e-20
8.07400000e+05 2.72426135e-20
8.07500000e+05 2.72399148e-20
8.07600000e+05 2.72372167e-20
8.07700000e+05 2.72345191e-20
8.07800000e+05 2.72318222e-20
8.07900000e+05 2.72291258e-20
8.08000000e+05 2.72264300e-20
8.08100000e+05 2.72237348e-20
8.08200000e+05 2.72210402e-20
8.08300000e+05 2.72183461e-20
8.08400000e+05 2.72156527e-20
8.08500000e+05 2.72129598e-20
8.08600000e+05 2.72102675e-20
8.08700000e+05 2.72075758e-20
8.08800000e+05 2.72048847e-20
8.08900000e+05 2.72021941e-20
8.09000000e+05 2.71995042e-20
8.09100000e+05 2.71968148e-20
8.09200000e+05 2.71941260e-20
8.09300000e+05 2.71914378e-20
8.09400000e+05 2.71887501e-20
8.09500000e+05 2.71860631e-20
8.09600000e+05 2.71833766e-20
8.09700000e+05 2.71806907e-20
8.09800000e+05 2.71780054e-20
8.09900000e+05 2.71753207e-20
8.10000000e+05 2.71726365e-20
8.10100000e+05 2.71699529e-20
8.10200000e+05 2.71672699e-20
8.10300000e+05 2.71645875e-20
8.10400000e+05 2.71619057e-20
8.10500000e+05 2.71592244e-20
8.10600000e+05 2.71565438e-20
8.10700000e+05 2.71538637e-20
8.10800000e+05 2.71511841e-20
8.10900000e+05 2.71485052e-20
8.11000000e+05 2.71458268e-20
8.11100000e+05 2.71431491e-20
8.11200000e+05 2.71404718e-20
8.11300000e+05 2.71377952e-20
8.11400000e+05 2.71351192e-20
8.11500000e+05 2.71324437e-20
8.11600000e+05 2.71297688e-20
8.11700000e+05 2.71270945e-20
8.11800000e+05 2.71244207e-20
8.11900000e+05 2.71217476e-20
8.12000000e+05 2.71190750e-20
8.12100000e+05 2.71164029e-20
8.12200000e+05 2.71137315e-20
8.12300000e+05 2.71110606e-20
8.12400000e+05 2.71083903e-20
8.12500000e+05 2.71057206e-20
8.12600000e+05 2.71030515e-20
8.12700000e+05 2.71003829e-20
8.12800000e+05 2.70977149e-20
8.12900000e+05 2.70950475e-20
8.13000000e+05 2.70923807e-20
8.13100000e+05 2.70897144e-20
8.13200000e+05 2.70870487e-20
8.13300000e+05 2.70843836e-20
8.13400000e+05 2.70817191e-20
8.13500000e+05 2.70790551e-20
8.13600000e+05 2.70763917e-20
8.13700000e+05 2.70737289e-20
8.13800000e+05 2.70710666e-20
8.13900000e+05 2.70684049e-20
8.14000000e+05 2.70657438e-20
8.14100000e+05 2.70630833e-20
8.14200000e+05 2.70604233e-20
8.14300000e+05 2.70577639e-20
8.14400000e+05 2.70551051e-20
8.14500000e+05 2.70524469e-20
8.14600000e+05 2.70497892e-20
8.14700000e+05 2.70471321e-20
8.14800000e+05 2.70444755e-20
8.14900000e+05 2.70418196e-20
8.15000000e+05 2.70391642e-20
8.15100000e+05 2.70365094e-20
8.15200000e+05 2.70338551e-20
8.15300000e+05 2.70312014e-20
8.15400000e+05 2.70285483e-20
8.15500000e+05 2.70258958e-20
8.15600000e+05 2.70232438e-20
8.15700000e+05 2.70205924e-20
8.15800000e+05 2.70179415e-20
8.15900000e+05 2.70152913e-20
8.16000000e+05 2.70126416e-20
8.16100000e+05 2.70099924e-20
8.16200000e+05 2.70073439e-20
8.16300000e+05 2.70046959e-20
8.16400000e+05 2.70020485e-20
8.16500000e+05 2.69994016e-20
8.16600000e+05 2.69967553e-20
8.16700000e+05 2.69941096e-20
8.16800000e+05 2.69914644e-20
8.16900000e+05 2.69888198e-20
8.17000000e+05 2.69861758e-20
8.17100000e+05 2.69835324e-20
8.17200000e+05 2.69808895e-20
8.17300000e+05 2.69782471e-20
8.17400000e+05 2.69756054e-20
8.17500000e+05 2.69729642e-20
8.17600000e+05 2.69703236e-20
8.17700000e+05 2.69676835e-20
8.17800000e+05 2.69650440e-20
8.17900000e+05 2.69624051e-20
8.18000000e+05 2.69597667e-20
8.18100000e+05 2.69571289e-20
8.18200000e+05 2.69544917e-20
8.18300000e+05 2.69518550e-20
8.18400000e+05 2.69492189e-20
8.18500000e+05 2.69465834e-20
8.18600000e+05 2.69439484e-20
8.18700000e+05 2.69413140e-20
8.18800000e+05 2.69386801e-20
8.18900000e+05 2.69360468e-20
8.19000000e+05 2.69334141e-20
8.19100000e+05 2.69307819e-20
8.19200000e+05 2.69281503e-20
8.19300000e+05 2.69255193e-20
8.19400000e+05 2.69228888e-20
8.19500000e+05 2.69202589e-20
8.19600000e+05 2.69176296e-20
8.19700000e+05 2.69150008e-20
8.19800000e+05 2.69123725e-20
8.19900000e+05 2.69097449e-20
8.20000000e+05 2.69071178e-20
8.20100000e+05 2.69044912e-20
8.20200000e+05 2.69018652e-20
8.20300000e+05 2.68992398e-20
8.20400000e+05 2.68966150e-20
8.20500000e+05 2.68939907e-20
8.20600000e+05 2.68913669e-20
8.20700000e+05 2.68887437e-20
8.20800000e+05 2.68861211e-20
8.20900000e+05 2.68834990e-20
8.21000000e+05 2.68808775e-20
8.21100000e+05 2.68782566e-20
8.21200000e+05 2.68756362e-20
8.21300000e+05 2.68730164e-20
8.21400000e+05 2.68703971e-20
8.21500000e+05 2.68677784e-20
8.21600000e+05 2.68651603e-20
8.21700000e+05 2.68625427e-20
8.21800000e+05 2.68599256e-20
8.21900000e+05 2.68573092e-20
8.22000000e+05 2.68546932e-20
8.22100000e+05 2.68520779e-20
8.22200000e+05 2.68494631e-20
8.22300000e+05 2.68468488e-20
8.22400000e+05 2.68442351e-20
8.22500000e+05 2.68416220e-20
8.22600000e+05 2.68390094e-20
8.22700000e+05 2.68363974e-20
8.22800000e+05 2.68337859e-20
8.22900000e+05 2.68311750e-20
8.23000000e+05 2.68285647e-20
8.23100000e+05 2.68259549e-20
8.23200000e+05 2.68233456e-20
8.23300000e+05 2.68207369e-20
8.23400000e+05 2.68181288e-20
8.23500000e+05 2.68155212e-20
8.23600000e+05 2.68129142e-20
8.23700000e+05 2.68103078e-20
8.23800000e+05 2.68077018e-20
8.23900000e+05 2.68050965e-20
8.24000000e+05 2.68024917e-20
8.24100000e+05 2.67998874e-20
8.24200000e+05 2.67972837e-20
8.24300000e+05 2.67946806e-20
8.24400000e+05 2.67920780e-20
8.24500000e+05 2.67894759e-20
8.24600000e+05 2.67868745e-20
8.24700000e+05 2.67842735e-20
8.24800000e+05 2.67816731e-20
8.24900000e+05 2.67790733e-20
8.25000000e+05 2.67764740e-20
8.25100000e+05 2.67738753e-20
8.25200000e+05 2.67712771e-20
8.25300000e+05 2.67686795e-20
8.25400000e+05 2.67660825e-20
8.25500000e+05 2.67634859e-20
8.25600000e+05 2.67608900e-20
8.25700000e+05 2.67582946e-20
8.25800000e+05 2.67556997e-20
8.25900000e+05 2.67531054e-20
8.26000000e+05 2.67505116e-20
8.26100000e+05 2.67479184e-20
8.26200000e+05 2.67453257e-20
8.26300000e+05 2.67427336e-20
8.26400000e+05 2.67401421e-20
8.26500000e+05 2.67375510e-20
8.26600000e+05 2.67349606e-20
8.26700000e+05 2.67323707e-20
8.26800000e+05 2.67297813e-20
8.26900000e+05 2.67271925e-20
8.27000000e+05 2.67246042e-20
8.27100000e+05 2.67220165e-20
8.27200000e+05 2.67194293e-20
8.27300000e+05 2.67168427e-20
8.27400000e+05 2.67142566e-20
8.27500000e+05 2.67116711e-20
8.27600000e+05 2.67090861e-20
8.27700000e+05 2.67065016e-20
8.27800000e+05 2.67039178e-20
8.27900000e+05 2.67013344e-20
8.28000000e+05 2.66987516e-20
8.28100000e+05 2.66961694e-20
8.28200000e+05 2.66935877e-20
8.28300000e+05 2.66910065e-20
8.28400000e+05 2.66884259e-20
8.28500000e+05 2.66858458e-20
8.28600000e+05 2.66832663e-20
8.28700000e+05 2.66806873e-20
8.28800000e+05 2.66781089e-20
8.28900000e+05 2.66755310e-20
8.29000000e+05 2.66729537e-20
8.29100000e+05 2.66703769e-20
8.29200000e+05 2.66678007e-20
8.29300000e+05 2.66652250e-20
8.29400000e+05 2.66626498e-20
8.29500000e+05 2.66600752e-20
8.29600000e+05 2.66575011e-20
8.29700000e+05 2.66549276e-20
8.29800000e+05 2.66523546e-20
8.29900000e+05 2.66497822e-20
8.30000000e+05 2.66472103e-20
8.30100000e+05 2.66446389e-20
8.30200000e+05 2.66420681e-20
8.30300000e+05 2.66394978e-20
8.30400000e+05 2.66369281e-20
8.30500000e+05 2.66343589e-20
8.30600000e+05 2.66317903e-20
8.30700000e+05 2.66292222e-20
8.30800000e+05 2.66266546e-20
8.30900000e+05 2.66240876e-20
8.31000000e+05 2.66215211e-20
8.31100000e+05 2.66189552e-20
8.31200000e+05 2.66163898e-20
8.31300000e+05 2.66138250e-20
8.31400000e+05 2.66112606e-20
8.31500000e+05 2.66086969e-20
8.31600000e+05 2.66061336e-20
8.31700000e+05 2.66035710e-20
8.31800000e+05 2.66010088e-20
8.31900000e+05 2.65984472e-20
8.32000000e+05 2.65958861e-20
8.32100000e+05 2.65933256e-20
8.32200000e+05 2.65907656e-20
8.32300000e+05 2.65882062e-20
8.32400000e+05 2.65856473e-20
8.32500000e+05 2.65830889e-20
8.32600000e+05 2.65805310e-20
8.32700000e+05 2.65779737e-20
8.32800000e+05 2.65754170e-20
8.32900000e+05 2.65728608e-20
8.33000000e+05 2.65703051e-20
8.33100000e+05 2.65677499e-20
8.33200000e+05 2.65651953e-20
8.33300000e+05 2.65626413e-20
8.33400000e+05 2.65600877e-20
8.33500000e+05 2.65575347e-20
8.33600000e+05 2.65549823e-20
8.33700000e+05 2.65524304e-20
8.33800000e+05 2.65498790e-20
8.33900000e+05 2.65473281e-20
8.34000000e+05 2.65447778e-20
8.34100000e+05 2.65422281e-20
8.34200000e+05 2.65396788e-20
8.34300000e+05 2.65371301e-20
8.34400000e+05 2.65345819e-20
8.34500000e+05 2.65320343e-20
8.34600000e+05 2.65294872e-20
8.34700000e+05 2.65269407e-20
8.34800000e+05 2.65243946e-20
8.34900000e+05 2.65218491e-20
8.35000000e+05 2.65193042e-20
8.35100000e+05 2.65167598e-20
8.35200000e+05 2.65142159e-20
8.35300000e+05 2.65116725e-20
8.35400000e+05 2.65091297e-20
8.35500000e+05 2.65065874e-20
8.35600000e+05 2.65040456e-20
8.35700000e+05 2.65015044e-20
8.35800000e+05 2.64989637e-20
8.35900000e+05 2.64964236e-20
8.36000000e+05 2.64938840e-20
8.36100000e+05 2.64913449e-20
8.36200000e+05 2.64888063e-20
8.36300000e+05 2.64862683e-20
8.36400000e+05 2.64837308e-20
8.36500000e+05 2.64811938e-20
8.36600000e+05 2.64786574e-20
8.36700000e+05 2.64761215e-20
8.36800000e+05 2.64735861e-20
8.36900000e+05 2.64710513e-20
8.37000000e+05 2.64685170e-20
8.37100000e+05 2.64659832e-20
8.37200000e+05 2.64634500e-20
8.37300000e+05 2.64609173e-20
8.37400000e+05 2.64583851e-20
8.37500000e+05 2.64558535e-20
8.37600000e+05 2.64533223e-20
8.37700000e+05 2.64507917e-20
8.37800000e+05 2.64482617e-20
8.37900000e+05 2.64457321e-20
8.38000000e+05 2.64432031e-20
8.38100000e+05 2.64406747e-20
8.38200000e+05 2.64381467e-20
8.38300000e+05 2.64356193e-20
8.38400000e+05 2.64330924e-20
8.38500000e+05 2.64305661e-20
8.38600000e+05 2.64280402e-20
8.38700000e+05 2.64255149e-20
8.38800000e+05 2.64229902e-20
8.38900000e+05 2.64204659e-20
8.39000000e+05 2.64179422e-20
8.39100000e+05 2.64154190e-20
8.39200000e+05 2.64128964e-20
8.39300000e+05 2.64103742e-20
8.39400000e+05 2.64078526e-20
8.39500000e+05 2.64053315e-20
8.39600000e+05 2.64028110e-20
8.39700000e+05 2.64002909e-20
8.39800000e+05 2.63977714e-20
8.39900000e+05 2.63952525e-20
8.40000000e+05 2.63927340e-20
8.40100000e+05 2.63902161e-20
8.40200000e+05 2.63876987e-20
8.40300000e+05 2.63851818e-20
8.40400000e+05 2.63826655e-20
8.40500000e+05 2.63801497e-20
8.40600000e+05 2.63776344e-20
8.40700000e+05 2.63751196e-20
8.40800000e+05 2.63726053e-20
8.40900000e+05 2.63700916e-20
8.41000000e+05 2.63675784e-20
8.41100000e+05 2.63650657e-20
8.41200000e+05 2.63625536e-20
8.41300000e+05 2.63600420e-20
8.41400000e+05 2.63575309e-20
8.41500000e+05 2.63550203e-20
8.41600000e+05 2.63525102e-20
8.41700000e+05 2.63500007e-20
8.41800000e+05 2.63474917e-20
8.41900000e+05 2.63449832e-20
8.42000000e+05 2.63424752e-20
8.42100000e+05 2.63399678e-20
8.42200000e+05 2.63374609e-20
8.42300000e+05 2.63349545e-20
8.42400000e+05 2.63324486e-20
8.42500000e+05 2.63299432e-20
8.42600000e+05 2.63274384e-20
8.42700000e+05 2.63249341e-20
8.42800000e+05 2.63224303e-20
8.42900000e+05 2.63199270e-20
8.43000000e+05 2.63174243e-20
8.43100000e+05 2.63149221e-20
8.43200000e+05 2.63124204e-20
8.43300000e+05 2.63099192e-20
8.43400000e+05 2.63074185e-20
8.43500000e+05 2.63049184e-20
8.43600000e+05 2.63024187e-20
8.43700000e+05 2.62999196e-20
8.43800000e+05 2.62974210e-20
8.43900000e+05 2.62949230e-20
8.44000000e+05 2.62924254e-20
8.44100000e+05 2.62899284e-20
8.44200000e+05 2.62874319e-20
8.44300000e+05 2.62849359e-20
8.44400000e+05 2.62824404e-20
8.44500000e+05 2.62799455e-20
8.44600000e+05 2.62774510e-20
8.44700000e+05 2.62749571e-20
8.44800000e+05 2.62724637e-20
8.44900000e+05 2.62699708e-20
8.45000000e+05 2.62674785e-20
8.45100000e+05 2.62649866e-20
8.45200000e+05 2.62624953e-20
8.45300000e+05 2.62600045e-20
8.45400000e+05 2.62575142e-20
8.45500000e+05 2.62550244e-20
8.45600000e+05 2.62525352e-20
8.45700000e+05 2.62500464e-20
8.45800000e+05 2.62475582e-20
8.45900000e+05 2.62450705e-20
8.46000000e+05 2.62425833e-20
8.46100000e+05 2.62400966e-20
8.46200000e+05 2.62376104e-20
8.46300000e+05 2.62351248e-20
8.46400000e+05 2.62326397e-20
8.46500000e+05 2.62301550e-20
8.46600000e+05 2.62276709e-20
8.46700000e+05 2.62251874e-20
8.46800000e+05 2.62227043e-20
8.46900000e+05 2.62202217e-20
8.47000000e+05 2.62177397e-20
8.47100000e+05 2.62152581e-20
8.47200000e+05 2.62127771e-20
8.47300000e+05 2.62102966e-20
8.47400000e+05 2.62078166e-20
8.47500000e+05 2.62053372e-20
8.47600000e+05 2.62028582e-20
8.47700000e+05 2.62003798e-20
8.47800000e+05 2.61979018e-20
8.47900000e+05 2.61954244e-20
8.48000000e+05 2.61929475e-20
8.48100000e+05 2.61904711e-20
8.48200000e+05 2.61879952e-20
8.48300000e+05 2.61855198e-20
8.48400000e+05 2.61830450e-20
8.48500000e+05 2.61805706e-20
8.48600000e+05 2.61780968e-20
8.48700000e+05 2.61756235e-20
8.48800000e+05 2.61731506e-20
8.48900000e+05 2.61706783e-20
8.49000000e+05 2.61682066e-20
8.49100000e+05 2.61657353e-20
8.49200000e+05 2.61632645e-20
8.49300000e+05 2.61607942e-20
8.49400000e+05 2.61583245e-20
8.49500000e+05 2.61558553e-20
8.49600000e+05 2.61533865e-20
8.49700000e+05 2.61509183e-20
8.49800000e+05 2.61484506e-20
8.49900000e+05 2.61459834e-20
8.50000000e+05 2.61435167e-20
8.50100000e+05 2.61410505e-20
8.50200000e+05 2.61385849e-20
8.50300000e+05 2.61361197e-20
8.50400000e+05 2.61336551e-20
8.50500000e+05 2.61311909e-20
8.50600000e+05 2.61287273e-20
8.50700000e+05 2.61262641e-20
8.50800000e+05 2.61238015e-20
8.50900000e+05 2.61213394e-20
8.51000000e+05 2.61188778e-20
8.51100000e+05 2.61164167e-20
8.51200000e+05 2.61139561e-20
8.51300000e+05 2.61114960e-20
8.51400000e+05 2.61090365e-20
8.51500000e+05 2.61065774e-20
8.51600000e+05 2.61041189e-20
8.51700000e+05 2.61016608e-20
8.51800000e+05 2.60992033e-20
8.51900000e+05 2.60967462e-20
8.52000000e+05 2.60942897e-20
8.52100000e+05 2.60918337e-20
8.52200000e+05 2.60893781e-20
8.52300000e+05 2.60869231e-20
8.52400000e+05 2.60844686e-20
8.52500000e+05 2.60820146e-20
8.52600000e+05 2.60795611e-20
8.52700000e+05 2.60771081e-20
8.52800000e+05 2.60746556e-20
8.52900000e+05 2.60722036e-20
8.53000000e+05 2.60697522e-20
8.53100000e+05 2.60673012e-20
8.53200000e+05 2.60648507e-20
8.53300000e+05 2.60624007e-20
8.53400000e+05 2.60599513e-20
8.53500000e+05 2.60575023e-20
8.53600000e+05 2.60550539e-20
8.53700000e+05 2.60526059e-20
8.53800000e+05 2.60501585e-20
8.53900000e+05 2.60477115e-20
8.54000000e+05 2.60452651e-20
8.54100000e+05 2.60428191e-20
8.54200000e+05 2.60403737e-20
8.54300000e+05 2.60379288e-20
8.54400000e+05 2.60354843e-20
8.54500000e+05 2.60330404e-20
8.54600000e+05 2.60305970e-20
8.54700000e+05 2.60281541e-20
8.54800000e+05 2.60257116e-20
8.54900000e+05 2.60232697e-20
8.55000000e+05 2.60208283e-20
8.55100000e+05 2.60183874e-20
8.55200000e+05 2.60159470e-20
8.55300000e+05 2.60135071e-20
8.55400000e+05 2.60110676e-20
8.55500000e+05 2.60086287e-20
8.55600000e+05 2.60061903e-20
8.55700000e+05 2.60037524e-20
8.55800000e+05 2.60013150e-20
8.55900000e+05 2.59988781e-20
8.56000000e+05 2.59964417e-20
8.56100000e+05 2.59940057e-20
8.56200000e+05 2.59915703e-20
8.56300000e+05 2.59891354e-20
8.56400000e+05 2.59867010e-20
8.56500000e+05 2.59842671e-20
8.56600000e+05 2.59818337e-20
8.56700000e+05 2.59794008e-20
8.56800000e+05 2.59769683e-20
8.56900000e+05 2.59745364e-20
8.57000000e+05 2.59721050e-20
8.57100000e+05 2.59696741e-20
8.57200000e+05 2.59672436e-20
8.57300000e+05 2.59648137e-20
8.57400000e+05 2.59623843e-20
8.57500000e+05 2.59599553e-20
8.57600000e+05 2.59575269e-20
8.57700000e+05 2.59550990e-20
8.57800000e+05 2.59526715e-20
8.57900000e+05 2.59502446e-20
8.58000000e+05 2.59478181e-20
8.58100000e+05 2.59453922e-20
8.58200000e+05 2.59429667e-20
8.58300000e+05 2.59405418e-20
8.58400000e+05 2.59381173e-20
8.58500000e+05 2.59356933e-20
8.58600000e+05 2.59332699e-20
8.58700000e+05 2.59308469e-20
8.58800000e+05 2.59284244e-20
8.58900000e+05 2.59260024e-20
8.59000000e+05 2.59235810e-20
8.59100000e+05 2.59211600e-20
8.59200000e+05 2.59187395e-20
8.59300000e+05 2.59163195e-20
8.59400000e+05 2.59138999e-20
8.59500000e+05 2.59114809e-20
8.59600000e+05 2.59090624e-20
8.59700000e+05 2.59066444e-20
8.59800000e+05 2.59042269e-20
8.59900000e+05 2.59018098e-20
8.60000000e+05 2.58993933e-20
8.60100000e+05 2.58969772e-20
8.60200000e+05 2.58945617e-20
8.60300000e+05 2.58921466e-20
8.60400000e+05 2.58897320e-20
8.60500000e+05 2.58873179e-20
8.60600000e+05 2.58849044e-20
8.60700000e+05 2.58824913e-20
8.60800000e+05 2.58800787e-20
8.60900000e+05 2.58776666e-20
8.61000000e+05 2.58752549e-20
8.61100000e+05 2.58728438e-20
8.61200000e+05 2.58704332e-20
8.61300000e+05 2.58680230e-20
8.61400000e+05 2.58656134e-20
8.61500000e+05 2.58632042e-20
8.61600000e+05 2.58607956e-20
8.61700000e+05 2.58583874e-20
8.61800000e+05 2.58559797e-20
8.61900000e+05 2.58535725e-20
8.62000000e+05 2.58511658e-20
8.62100000e+05 2.58487596e-20
8.62200000e+05 2.58463539e-20
8.62300000e+05 2.58439486e-20
8.62400000e+05 2.58415439e-20
8.62500000e+05 2.58391396e-20
8.62600000e+05 2.58367359e-20
8.62700000e+05 2.58343326e-20
8.62800000e+05 2.58319298e-20
8.62900000e+05 2.58295275e-20
8.63000000e+05 2.58271257e-20
8.63100000e+05 2.58247244e-20
8.63200000e+05 2.58223236e-20
8.63300000e+05 2.58199232e-20
8.63400000e+05 2.58175234e-20
8.63500000e+05 2.58151240e-20
8.63600000e+05 2.58127251e-20
8.63700000e+05 2.58103267e-20
8.63800000e+05 2.58079288e-20
8.63900000e+05 2.58055314e-20
8.64000000e+05 2.58031345e-20
8.64100000e+05 2.58007381e-20
8.64200000e+05 2.57983421e-20
8.64300000e+05 2.57959467e-20
8.64400000e+05 2.57935517e-20
8.64500000e+05 2.57911572e-20
8.64600000e+05 2.57887632e-20
8.64700000e+05 2.57863697e-20
8.64800000e+05 2.57839766e-20
8.64900000e+05 2.57815841e-20
8.65000000e+05 2.57791920e-20
8.65100000e+05 2.57768005e-20
8.65200000e+05 2.57744094e-20
8.65300000e+05 2.57720188e-20
8.65400000e+05 2.57696287e-20
8.65500000e+05 2.57672390e-20
8.65600000e+05 2.57648499e-20
8.65700000e+05 2.57624612e-20
8.65800000e+05 2.57600731e-20
8.65900000e+05 2.57576854e-20
8.66000000e+05 2.57552982e-20
8.66100000e+05 2.57529114e-20
8.66200000e+05 2.57505252e-20
8.66300000e+05 2.57481394e-20
8.66400000e+05 2.57457542e-20
8.66500000e+05 2.57433694e-20
8.66600000e+05 2.57409851e-20
8.66700000e+05 2.57386013e-20
8.66800000e+05 2.57362179e-20
8.66900000e+05 2.57338351e-20
8.67000000e+05 2.57314527e-20
8.67100000e+05 2.57290708e-20
8.67200000e+05 2.57266894e-20
8.67300000e+05 2.57243085e-20
8.67400000e+05 2.57219281e-20
8.67500000e+05 2.57195481e-20
8.67600000e+05 2.57171686e-20
8.67700000e+05 2.57147896e-20
8.67800000e+05 2.57124111e-20
8.67900000e+05 2.57100331e-20
8.68000000e+05 2.57076555e-20
8.68100000e+05 2.57052785e-20
8.68200000e+05 2.57029019e-20
8.68300000e+05 2.57005258e-20
8.68400000e+05 2.56981502e-20
8.68500000e+05 2.56957750e-20
8.68600000e+05 2.56934004e-20
8.68700000e+05 2.56910262e-20
8.68800000e+05 2.56886525e-20
8.68900000e+05 2.56862793e-20
8.69000000e+05 2.56839065e-20
8.69100000e+05 2.56815342e-20
8.69200000e+05 2.56791625e-20
8.69300000e+05 2.56767912e-20
8.69400000e+05 2.56744203e-20
8.69500000e+05 2.56720500e-20
8.69600000e+05 2.56696801e-20
8.69700000e+05 2.56673107e-20
8.69800000e+05 2.56649418e-20
8.69900000e+05 2.56625734e-20
8.70000000e+05 2.56602055e-20
8.70100000e+05 2.56578380e-20
8.70200000e+05 2.56554710e-20
8.70300000e+05 2.56531045e-20
8.70400000e+05 2.56507384e-20
8.70500000e+05 2.56483729e-20
8.70600000e+05 2.56460078e-20
8.70700000e+05 2.56436432e-20
8.70800000e+05 2.56412791e-20
8.70900000e+05 2.56389154e-20
8.71000000e+05 2.56365522e-20
8.71100000e+05 2.56341896e-20
8.71200000e+05 2.56318273e-20
8.71300000e+05 2.56294656e-20
8.71400000e+05 2.56271043e-20
8.71500000e+05 2.56247435e-20
8.71600000e+05 2.56223832e-20
8.71700000e+05 2.56200234e-20
8.71800000e+05 2.56176640e-20
8.71900000e+05 2.56153051e-20
8.72000000e+05 2.56129467e-20
8.72100000e+05 2.56105888e-20
8.72200000e+05 2.56082313e-20
8.72300000e+05 2.56058743e-20
8.72400000e+05 2.56035178e-20
8.72500000e+05 2.56011618e-20
8.72600000e+05 2.55988062e-20
8.72700000e+05 2.55964511e-20
8.72800000e+05 2.55940965e-20
8.72900000e+05 2.55917424e-20
8.73000000e+05 2.55893887e-20
8.73100000e+05 2.55870355e-20
8.73200000e+05 2.55846828e-20
8.73300000e+05 2.55823306e-20
8.73400000e+05 2.55799788e-20
8.73500000e+05 2.55776275e-20
8.73600000e+05 2.55752767e-20
8.73700000e+05 2.55729263e-20
8.73800000e+05 2.55705765e-20
8.73900000e+05 2.55682271e-20
8.74000000e+05 2.55658781e-20
8.74100000e+05 2.55635297e-20
8.74200000e+05 2.55611817e-20
8.74300000e+05 2.55588342e-20
8.74400000e+05 2.55564871e-20
8.74500000e+05 2.55541406e-20
8.74600000e+05 2.55517945e-20
8.74700000e+05 2.55494488e-20
8.74800000e+05 2.55471037e-20
8.74900000e+05 2.55447590e-20
8.75000000e+05 2.55424148e-20
8.75100000e+05 2.55400710e-20
8.75200000e+05 2.55377278e-20
8.75300000e+05 2.55353850e-20
8.75400000e+05 2.55330426e-20
8.75500000e+05 2.55307008e-20
8.75600000e+05 2.55283594e-20
8.75700000e+05 2.55260185e-20
8.75800000e+05 2.55236780e-20
8.75900000e+05 2.55213380e-20
8.76000000e+05 2.55189985e-20
8.76100000e+05 2.55166595e-20
8.76200000e+05 2.55143209e-20
8.76300000e+05 2.55119828e-20
8.76400000e+05 2.55096452e-20
8.76500000e+05 2.55073080e-20
8.76600000e+05 2.55049713e-20
8.76700000e+05 2.55026351e-20
8.76800000e+05 2.55002993e-20
8.76900000e+05 2.54979640e-20
8.77000000e+05 2.54956292e-20
8.77100000e+05 2.54932949e-20
8.77200000e+05 2.54909610e-20
8.77300000e+05 2.54886276e-20
8.77400000e+05 2.54862946e-20
8.77500000e+05 2.54839621e-20
8.77600000e+05 2.54816301e-20
8.77700000e+05 2.54792986e-20
8.77800000e+05 2.54769675e-20
8.77900000e+05 2.54746369e-20
8.78000000e+05 2.54723067e-20
8.78100000e+05 2.54699770e-20
8.78200000e+05 2.54676478e-20
8.78300000e+05 2.54653191e-20
8.78400000e+05 2.54629908e-20
8.78500000e+05 2.54606630e-20
8.78600000e+05 2.54583356e-20
8.78700000e+05 2.54560088e-20
8.78800000e+05 2.54536823e-20
8.78900000e+05 2.54513564e-20
8.79000000e+05 2.54490309e-20
8.79100000e+05 2.54467059e-20
8.79200000e+05 2.54443813e-20
8.79300000e+05 2.54420572e-20
8.79400000e+05 2.54397336e-20
8.79500000e+05 2.54374104e-20
8.79600000e+05 2.54350877e-20
8.79700000e+05 2.54327655e-20
8.79800000e+05 2.54304437e-20
8.79900000e+05 2.54281224e-20
8.80000000e+05 2.54258016e-20
8.80100000e+05 2.54234812e-20
8.80200000e+05 2.54211613e-20
8.80300000e+05 2.54188419e-20
8.80400000e+05 2.54165229e-20
8.80500000e+05 2.54142044e-20
8.80600000e+05 2.54118863e-20
8.80700000e+05 2.54095687e-20
8.80800000e+05 2.54072516e-20
8.80900000e+05 2.54049349e-20
8.81000000e+05 2.54026187e-20
8.81100000e+05 2.54003029e-20
8.81200000e+05 2.53979876e-20
8.81300000e+05 2.53956728e-20
8.81400000e+05 2.53933585e-20
8.81500000e+05 2.53910446e-20
8.81600000e+05 2.53887311e-20
8.81700000e+05 2.53864182e-20
8.81800000e+05 2.53841056e-20
8.81900000e+05 2.53817936e-20
8.82000000e+05 2.53794820e-20
8.82100000e+05 2.53771709e-20
8.82200000e+05 2.53748602e-20
8.82300000e+05 2.53725500e-20
8.82400000e+05 2.53702402e-20
8.82500000e+05 2.53679309e-20
8.82600000e+05 2.53656221e-20
8.82700000e+05 2.53633137e-20
8.82800000e+05 2.53610058e-20
8.82900000e+05 2.53586984e-20
8.83000000e+05 2.53563914e-20
8.83100000e+05 2.53540849e-20
8.83200000e+05 2.53517788e-20
8.83300000e+05 2.53494732e-20
8.83400000e+05 2.53471680e-20
8.83500000e+05 2.53448633e-20
8.83600000e+05 2.53425591e-20
8.83700000e+05 2.53402553e-20
8.83800000e+05 2.53379520e-20
8.83900000e+05 2.53356492e-20
8.84000000e+05 2.53333468e-20
8.84100000e+05 2.53310448e-20
8.84200000e+05 2.53287433e-20
8.84300000e+05 2.53264423e-20
8.84400000e+05 2.53241417e-20
8.84500000e+05 2.53218416e-20
8.84600000e+05 2.53195420e-20
8.84700000e+05 2.53172428e-20
8.84800000e+05 2.53149441e-20
8.84900000e+05 2.53126458e-20
8.85000000e+05 2.53103479e-20
8.85100000e+05 2.53080506e-20
8.85200000e+05 2.53057537e-20
8.85300000e+05 2.53034572e-20
8.85400000e+05 2.53011612e-20
8.85500000e+05 2.52988657e-20
8.85600000e+05 2.52965706e-20
8.85700000e+05 2.52942760e-20
8.85800000e+05 2.52919818e-20
8.85900000e+05 2.52896881e-20
8.86000000e+05 2.52873948e-20
8.86100000e+05 2.52851020e-20
8.86200000e+05 2.52828096e-20
8.86300000e+05 2.52805177e-20
8.86400000e+05 2.52782263e-20
8.86500000e+05 2.52759353e-20
8.86600000e+05 2.52736448e-20
8.86700000e+05 2.52713547e-20
8.86800000e+05 2.52690651e-20
8.86900000e+05 2.52667759e-20
8.87000000e+05 2.52644872e-20
8.87100000e+05 2.52621989e-20
8.87200000e+05 2.52599111e-20
8.87300000e+05 2.52576238e-20
8.87400000e+05 2.52553369e-20
8.87500000e+05 2.52530504e-20
8.87600000e+05 2.52507644e-20
8.87700000e+05 2.52484789e-20
8.87800000e+05 2.52461938e-20
8.87900000e+05 2.52439092e-20
8.88000000e+05 2.52416250e-20
8.88100000e+05 2.52393412e-20
8.88200000e+05 2.52370580e-20
8.88300000e+05 2.52347751e-20
8.88400000e+05 2.52324928e-20
8.88500000e+05 2.52302108e-20
8.88600000e+05 2.52279294e-20
8.88700000e+05 2.52256484e-20
8.88800000e+05 2.52233678e-20
8.88900000e+05 2.52210877e-20
8.89000000e+05 2.52188080e-20
8.89100000e+05 2.52165288e-20
8.89200000e+05 2.52142500e-20
8.89300000e+05 2.52119717e-20
8.89400000e+05 2.52096939e-20
8.89500000e+05 2.52074165e-20
8.89600000e+05 2.52051395e-20
8.89700000e+05 2.52028630e-20
8.89800000e+05 2.52005869e-20
8.89900000e+05 2.51983113e-20
8.90000000e+05 2.51960362e-20
8.90100000e+05 2.51937615e-20
8.90200000e+05 2.51914872e-20
8.90300000e+05 2.51892134e-20
8.90400000e+05 2.51869400e-20
8.90500000e+05 2.51846671e-20
8.90600000e+05 2.51823947e-20
8.90700000e+05 2.51801227e-20
8.90800000e+05 2.51778511e-20
8.90900000e+05 2.51755800e-20
8.91000000e+05 2.51733093e-20
8.91100000e+05 2.51710391e-20
8.91200000e+05 2.51687693e-20
8.91300000e+05 2.51665000e-20
8.91400000e+05 2.51642311e-20
8.91500000e+05 2.51619627e-20
8.91600000e+05 2.51596947e-20
8.91700000e+05 2.51574272e-20
8.91800000e+05 2.51551601e-20
8.91900000e+05 2.51528935e-20
8.92000000e+05 2.51506273e-20
8.92100000e+05 2.51483616e-20
8.92200000e+05 2.51460963e-20
8.92300000e+05 2.51438314e-20
8.92400000e+05 2.51415670e-20
8.92500000e+05 2.51393031e-20
8.92600000e+05 2.51370396e-20
8.92700000e+05 2.51347765e-20
8.92800000e+05 2.51325139e-20
8.92900000e+05 2.51302517e-20
8.93000000e+05 2.51279900e-20
8.93100000e+05 2.51257287e-20
8.93200000e+05 2.51234679e-20
8.93300000e+05 2.51212075e-20
8.93400000e+05 2.51189476e-20
8.93500000e+05 2.51166881e-20
8.93600000e+05 2.51144290e-20
8.93700000e+05 2.51121704e-20
8.93800000e+05 2.51099123e-20
8.93900000e+05 2.51076546e-20
8.94000000e+05 2.51053973e-20
8.94100000e+05 2.51031405e-20
8.94200000e+05 2.51008841e-20
8.94300000e+05 2.50986282e-20
8.94400000e+05 2.50963727e-20
8.94500000e+05 2.50941176e-20
8.94600000e+05 2.50918630e-20
8.94700000e+05 2.50896088e-20
8.94800000e+05 2.50873551e-20
8.94900000e+05 2.50851018e-20
8.95000000e+05 2.50828490e-20
8.95100000e+05 2.50805966e-20
8.95200000e+05 2.50783447e-20
8.95300000e+05 2.50760932e-20
8.95400000e+05 2.50738421e-20
8.95500000e+05 2.50715915e-20
8.95600000e+05 2.50693413e-20
8.95700000e+05 2.50670916e-20
8.95800000e+05 2.50648423e-20
8.95900000e+05 2.50625935e-20
8.96000000e+05 2.50603450e-20
8.96100000e+05 2.50580971e-20
8.96200000e+05 2.50558496e-20
8.96300000e+05 2.50536025e-20
8.96400000e+05 2.50513558e-20
8.96500000e+05 2.50491096e-20
8.96600000e+05 2.50468639e-20
8.96700000e+05 2.50446186e-20
8.96800000e+05 2.50423737e-20
8.96900000e+05 2.50401292e-20
8.97000000e+05 2.50378852e-20
8.97100000e+05 2.50356417e-20
8.97200000e+05 2.50333986e-20
8.97300000e+05 2.50311559e-20
8.97400000e+05 2.50289137e-20
8.97500000e+05 2.50266719e-20
8.97600000e+05 2.50244305e-20
8.97700000e+05 2.50221896e-20
8.97800000e+05 2.50199491e-20
8.97900000e+05 2.50177091e-20
8.98000000e+05 2.50154695e-20
8.98100000e+05 2.50132303e-20
8.98200000e+05 2.50109916e-20
8.98300000e+05 2.50087533e-20
8.98400000e+05 2.50065155e-20
8.98500000e+05 2.50042781e-20
8.98600000e+05 2.50020411e-20
8.98700000e+05 2.49998046e-20
8.98800000e+05 2.49975685e-20
8.98900000e+05 2.49953328e-20
8.99000000e+05 2.49930976e-20
8.99100000e+05 2.49908629e-20
8.99200000e+05 2.49886285e-20
8.99300000e+05 2.49863946e-20
8.99400000e+05 2.49841612e-20
8.99500000e+05 2.49819281e-20
8.99600000e+05 2.49796955e-20
8.99700000e+05 2.49774634e-20
8.99800000e+05 2.49752317e-20
8.99900000e+05 2.49730004e-20
9.00000000e+05 2.49707695e-20
9.00100000e+05 2.49685391e-20
9.00200000e+05 2.49663092e-20
9.00300000e+05 2.49640796e-20
9.00400000e+05 2.49618505e-20
9.00500000e+05 2.49596219e-20
9.00600000e+05 2.49573937e-20
9.00700000e+05 2.49551659e-20
9.00800000e+05 2.49529385e-20
9.00900000e+05 2.49507116e-20
9.01000000e+05 2.49484851e-20
9.01100000e+05 2.49462591e-20
9.01200000e+05 2.49440335e-20
9.01300000e+05 2.49418083e-20
9.01400000e+05 2.49395835e-20
9.01500000e+05 2.49373592e-20
9.01600000e+05 2.49351353e-20
9.01700000e+05 2.49329119e-20
9.01800000e+05 2.49306889e-20
9.01900000e+05 2.49284663e-20
9.02000000e+05 2.49262442e-20
9.02100000e+05 2.49240225e-20
9.02200000e+05 2.49218012e-20
9.02300000e+05 2.49195804e-20
9.02400000e+05 2.49173600e-20
9.02500000e+05 2.49151400e-20
9.02600000e+05 2.49129205e-20
9.02700000e+05 2.49107014e-20
9.02800000e+05 2.49084827e-20
9.02900000e+05 2.49062645e-20
9.03000000e+05 2.49040466e-20
9.03100000e+05 2.49018293e-20
9.03200000e+05 2.48996123e-20
9.03300000e+05 2.48973958e-20
9.03400000e+05 2.48951797e-20
9.03500000e+05 2.48929641e-20
9.03600000e+05 2.48907489e-20
9.03700000e+05 2.48885341e-20
9.03800000e+05 2.48863198e-20
9.03900000e+05 2.48841058e-20
9.04000000e+05 2.48818924e-20
9.04100000e+05 2.48796793e-20
9.04200000e+05 2.48774667e-20
9.04300000e+05 2.48752545e-20
9.04400000e+05 2.48730427e-20
9.04500000e+05 2.48708314e-20
9.04600000e+05 2.48686205e-20
9.04700000e+05 2.48664100e-20
9.04800000e+05 2.48642000e-20
9.04900000e+05 2.48619904e-20
9.05000000e+05 2.48597812e-20
9.05100000e+05 2.48575724e-20
9.05200000e+05 2.48553641e-20
9.05300000e+05 2.48531562e-20
9.05400000e+05 2.48509488e-20
9.05500000e+05 2.48487417e-20
9.05600000e+05 2.48465351e-20
9.05700000e+05 2.48443290e-20
9.05800000e+05 2.48421232e-20
9.05900000e+05 2.48399179e-20
9.06000000e+05 2.48377130e-20
9.06100000e+05 2.48355086e-20
9.06200000e+05 2.48333045e-20
9.06300000e+05 2.48311009e-20
9.06400000e+05 2.48288977e-20
9.06500000e+05 2.48266950e-20
9.06600000e+05 2.48244927e-20
9.06700000e+05 2.48222908e-20
9.06800000e+05 2.48200893e-20
9.06900000e+05 2.48178883e-20
9.07000000e+05 2.48156877e-20
9.07100000e+05 2.48134875e-20
9.07200000e+05 2.48112878e-20
9.07300000e+05 2.48090884e-20
9.07400000e+05 2.48068895e-20
9.07500000e+05 2.48046911e-20
9.07600000e+05 2.48024930e-20
9.07700000e+05 2.48002954e-20
9.07800000e+05 2.47980982e-20
9.07900000e+05 2.47959015e-20
9.08000000e+05 2.47937051e-20
9.08100000e+05 2.47915092e-20
9.08200000e+05 2.47893137e-20
9.08300000e+05 2.47871187e-20
9.08400000e+05 2.47849240e-20
9.08500000e+05 2.47827298e-20
9.08600000e+05 2.47805360e-20
9.08700000e+05 2.47783427e-20
9.08800000e+05 2.47761497e-20
9.08900000e+05 2.47739572e-20
9.09000000e+05 2.47717652e-20
9.09100000e+05 2.47695735e-20
9.09200000e+05 2.47673823e-20
9.09300000e+05 2.47651915e-20
9.09400000e+05 2.47630011e-20
9.09500000e+05 2.47608111e-20
9.09600000e+05 2.47586216e-20
9.09700000e+05 2.47564325e-20
9.09800000e+05 2.47542438e-20
9.09900000e+05 2.47520555e-20
9.10000000e+05 2.47498677e-20
9.10100000e+05 2.47476803e-20
9.10200000e+05 2.47454933e-20
9.10300000e+05 2.47433067e-20
9.10400000e+05 2.47411205e-20
9.10500000e+05 2.47389348e-20
9.10600000e+05 2.47367495e-20
9.10700000e+05 2.47345646e-20
9.10800000e+05 2.47323802e-20
9.10900000e+05 2.47301962e-20
9.11000000e+05 2.47280125e-20
9.11100000e+05 2.47258294e-20
9.11200000e+05 2.47236466e-20
9.11300000e+05 2.47214642e-20
9.11400000e+05 2.47192823e-20
9.11500000e+05 2.47171008e-20
9.11600000e+05 2.47149197e-20
9.11700000e+05 2.47127391e-20
9.11800000e+05 2.47105589e-20
9.11900000e+05 2.47083790e-20
9.12000000e+05 2.47061996e-20
9.12100000e+05 2.47040207e-20
9.12200000e+05 2.47018421e-20
9.12300000e+05 2.46996640e-20
9.12400000e+05 2.46974863e-20
9.12500000e+05 2.46953090e-20
9.12600000e+05 2.46931321e-20
9.12700000e+05 2.46909557e-20
9.12800000e+05 2.46887796e-20
9.12900000e+05 2.46866040e-20
9.13000000e+05 2.46844289e-20
9.13100000e+05 2.46822541e-20
9.13200000e+05 2.46800797e-20
9.13300000e+05 2.46779058e-20
9.13400000e+05 2.46757323e-20
9.13500000e+05 2.46735592e-20
9.13600000e+05 2.46713865e-20
9.13700000e+05 2.46692143e-20
9.13800000e+05 2.46670424e-20
9.13900000e+05 2.46648710e-20
9.14000000e+05 2.46627000e-20
9.14100000e+05 2.46605295e-20
9.14200000e+05 2.46583593e-20
9.14300000e+05 2.46561896e-20
9.14400000e+05 2.46540202e-20
9.14500000e+05 2.46518513e-20
9.14600000e+05 2.46496828e-20
9.14700000e+05 2.46475148e-20
9.14800000e+05 2.46453471e-20
9.14900000e+05 2.46431799e-20
9.15000000e+05 2.46410131e-20
9.15100000e+05 2.46388467e-20
9.15200000e+05 2.46366807e-20
9.15300000e+05 2.46345151e-20
9.15400000e+05 2.46323500e-20
9.15500000e+05 2.46301853e-20
9.15600000e+05 2.46280209e-20
9.15700000e+05 2.46258570e-20
9.15800000e+05 2.46236936e-20
9.15900000e+05 2.46215305e-20
9.16000000e+05 2.46193679e-20
9.16100000e+05 2.46172056e-20
9.16200000e+05 2.46150438e-20
9.16300000e+05 2.46128824e-20
9.16400000e+05 2.46107214e-20
9.16500000e+05 2.46085608e-20
9.16600000e+05 2.46064007e-20
9.16700000e+05 2.46042410e-20
9.16800000e+05 2.46020816e-20
9.16900000e+05 2.45999227e-20
9.17000000e+05 2.45977642e-20
9.17100000e+05 2.45956062e-20
9.17200000e+05 2.45934485e-20
9.17300000e+05 2.45912912e-20
9.17400000e+05 2.45891344e-20
9.17500000e+05 2.45869780e-20
9.17600000e+05 2.45848220e-20
9.17700000e+05 2.45826664e-20
9.17800000e+05 2.45805112e-20
9.17900000e+05 2.45783564e-20
9.18000000e+05 2.45762021e-20
9.18100000e+05 2.45740482e-20
9.18200000e+05 2.45718946e-20
9.18300000e+05 2.45697415e-20
9.18400000e+05 2.45675888e-20
9.18500000e+05 2.45654365e-20
9.18600000e+05 2.45632847e-20
9.18700000e+05 2.45611332e-20
9.18800000e+05 2.45589822e-20
9.18900000e+05 2.45568315e-20
9.19000000e+05 2.45546813e-20
9.19100000e+05 2.45525315e-20
9.19200000e+05 2.45503821e-20
9.19300000e+05 2.45482331e-20
9.19400000e+05 2.45460846e-20
9.19500000e+05 2.45439364e-20
9.19600000e+05 2.45417887e-20
9.19700000e+05 2.45396413e-20
9.19800000e+05 2.45374944e-20
9.19900000e+05 2.45353479e-20
9.20000000e+05 2.45332018e-20
9.20100000e+05 2.45310561e-20
9.20200000e+05 2.45289108e-20
9.20300000e+05 2.45267660e-20
9.20400000e+05 2.45246215e-20
9.20500000e+05 2.45224775e-20
9.20600000e+05 2.45203338e-20
9.20700000e+05 2.45181906e-20
9.20800000e+05 2.45160478e-20
9.20900000e+05 2.45139054e-20
9.21000000e+05 2.45117634e-20
9.21100000e+05 2.45096218e-20
9.21200000e+05 2.45074806e-20
9.21300000e+05 2.45053399e-20
9.21400000e+05 2.45031995e-20
9.21500000e+05 2.45010596e-20
9.21600000e+05 2.44989200e-20
9.21700000e+05 2.44967809e-20
9.21800000e+05 2.44946422e-20
9.21900000e+05 2.44925039e-20
9.22000000e+05 2.44903660e-20
9.22100000e+05 2.44882285e-20
9.22200000e+05 2.44860914e-20
9.22300000e+05 2.44839547e-20
9.22400000e+05 2.44818185e-20
9.22500000e+05 2.44796826e-20
9.22600000e+05 2.44775471e-20
9.22700000e+05 2.44754121e-20
9.22800000e+05 2.44732775e-20
9.22900000e+05 2.44711432e-20
9.23000000e+05 2.44690094e-20
9.23100000e+05 2.44668760e-20
9.23200000e+05 2.44647430e-20
9.23300000e+05 2.44626104e-20
9.23400000e+05 2.44604782e-20
9.23500000e+05 2.44583464e-20
9.23600000e+05 2.44562151e-20
9.23700000e+05 2.44540841e-20
9.23800000e+05 2.44519535e-20
9.23900000e+05 2.44498234e-20
9.24000000e+05 2.44476936e-20
9.24100000e+05 2.44455643e-20
9.24200000e+05 2.44434354e-20
9.24300000e+05 2.44413068e-20
9.24400000e+05 2.44391787e-20
9.24500000e+05 2.44370510e-20
9.24600000e+05 2.44349237e-20
9.24700000e+05 2.44327968e-20
9.24800000e+05 2.44306703e-20
9.24900000e+05 2.44285442e-20
9.25000000e+05 2.44264185e-20
9.25100000e+05 2.44242932e-20
9.25200000e+05 2.44221683e-20
9.25300000e+05 2.44200439e-20
9.25400000e+05 2.44179198e-20
9.25500000e+05 2.44157961e-20
9.25600000e+05 2.44136729e-20
9.25700000e+05 2.44115500e-20
9.25800000e+05 2.44094276e-20
9.25900000e+05 2.44073055e-20
9.26000000e+05 2.44051839e-20
9.26100000e+05 2.44030626e-20
9.26200000e+05 2.44009418e-20
9.26300000e+05 2.43988214e-20
9.26400000e+05 2.43967014e-20
9.26500000e+05 2.43945817e-20
9.26600000e+05 2.43924625e-20
9.26700000e+05 2.43903437e-20
9.26800000e+05 2.43882253e-20
9.26900000e+05 2.43861073e-20
9.27000000e+05 2.43839897e-20
9.27100000e+05 2.43818725e-20
9.27200000e+05 2.43797557e-20
9.27300000e+05 2.43776393e-20
9.27400000e+05 2.43755233e-20
9.27500000e+05 2.43734077e-20
9.27600000e+05 2.43712925e-20
9.27700000e+05 2.43691777e-20
9.27800000e+05 2.43670633e-20
9.27900000e+05 2.43649493e-20
9.28000000e+05 2.43628357e-20
9.28100000e+05 2.43607225e-20
9.28200000e+05 2.43586098e-20
9.28300000e+05 2.43564974e-20
9.28400000e+05 2.43543854e-20
9.28500000e+05 2.43522738e-20
9.28600000e+05 2.43501626e-20
9.28700000e+05 2.43480519e-20
9.28800000e+05 2.43459415e-20
9.28900000e+05 2.43438315e-20
9.29000000e+05 2.43417219e-20
9.29100000e+05 2.43396128e-20
9.29200000e+05 2.43375040e-20
9.29300000e+05 2.43353956e-20
9.29400000e+05 2.43332876e-20
9.29500000e+05 2.43311801e-20
9.29600000e+05 2.43290729e-20
9.29700000e+05 2.43269661e-20
9.29800000e+05 2.43248598e-20
9.29900000e+05 2.43227538e-20
9.30000000e+05 2.43206482e-20
9.30100000e+05 2.43185430e-20
9.30200000e+05 2.43164383e-20
9.30300000e+05 2.43143339e-20
9.30400000e+05 2.43122299e-20
9.30500000e+05 2.43101263e-20
9.30600000e+05 2.43080231e-20
9.30700000e+05 2.43059204e-20
9.30800000e+05 2.43038180e-20
9.30900000e+05 2.43017160e-20
9.31000000e+05 2.42996144e-20
9.31100000e+05 2.42975132e-20
9.31200000e+05 2.42954124e-20
9.31300000e+05 2.42933120e-20
9.31400000e+05 2.42912120e-20
9.31500000e+05 2.42891124e-20
9.31600000e+05 2.42870132e-20
9.31700000e+05 2.42849144e-20
9.31800000e+05 2.42828160e-20
9.31900000e+05 2.42807180e-20
9.32000000e+05 2.42786204e-20
9.32100000e+05 2.42765232e-20
9.32200000e+05 2.42744264e-20
9.32300000e+05 2.42723300e-20
9.32400000e+05 2.42702340e-20
9.32500000e+05 2.42681383e-20
9.32600000e+05 2.42660431e-20
9.32700000e+05 2.42639483e-20
9.32800000e+05 2.42618538e-20
9.32900000e+05 2.42597598e-20
9.33000000e+05 2.42576661e-20
9.33100000e+05 2.42555729e-20
9.33200000e+05 2.42534800e-20
9.33300000e+05 2.42513876e-20
9.33400000e+05 2.42492955e-20
9.33500000e+05 2.42472038e-20
9.33600000e+05 2.42451126e-20
9.33700000e+05 2.42430217e-20
9.33800000e+05 2.42409312e-20
9.33900000e+05 2.42388411e-20
9.34000000e+05 2.42367514e-20
9.34100000e+05 2.42346621e-20
9.34200000e+05 2.42325732e-20
9.34300000e+05 2.42304847e-20
9.34400000e+05 2.42283966e-20
9.34500000e+05 2.42263089e-20
9.34600000e+05 2.42242216e-20
9.34700000e+05 2.42221346e-20
9.34800000e+05 2.42200481e-20
9.34900000e+05 2.42179619e-20
9.35000000e+05 2.42158762e-20
9.35100000e+05 2.42137908e-20
9.35200000e+05 2.42117059e-20
9.35300000e+05 2.42096213e-20
9.35400000e+05 2.42075371e-20
9.35500000e+05 2.42054533e-20
9.35600000e+05 2.42033699e-20
9.35700000e+05 2.42012869e-20
9.35800000e+05 2.41992043e-20
9.35900000e+05 2.41971221e-20
9.36000000e+05 2.41950403e-20
9.36100000e+05 2.41929589e-20
9.36200000e+05 2.41908778e-20
9.36300000e+05 2.41887972e-20
9.36400000e+05 2.41867169e-20
9.36500000e+05 2.41846371e-20
9.36600000e+05 2.41825576e-20
9.36700000e+05 2.41804785e-20
9.36800000e+05 2.41783999e-20
9.36900000e+05 2.41763216e-20
9.37000000e+05 2.41742437e-20
9.37100000e+05 2.41721662e-20
9.37200000e+05 2.41700890e-20
9.37300000e+05 2.41680123e-20
9.37400000e+05 2.41659360e-20
9.37500000e+05 2.41638600e-20
9.37600000e+05 2.41617845e-20
9.37700000e+05 2.41597093e-20
9.37800000e+05 2.41576345e-20
9.37900000e+05 2.41555601e-20
9.38000000e+05 2.41534861e-20
9.38100000e+05 2.41514125e-20
9.38200000e+05 2.41493393e-20
9.38300000e+05 2.41472665e-20
9.38400000e+05 2.41451941e-20
9.38500000e+05 2.41431220e-20
9.38600000e+05 2.41410504e-20
9.38700000e+05 2.41389791e-20
9.38800000e+05 2.41369082e-20
9.38900000e+05 2.41348377e-20
9.39000000e+05 2.41327676e-20
9.39100000e+05 2.41306979e-20
9.39200000e+05 2.41286286e-20
9.39300000e+05 2.41265597e-20
9.39400000e+05 2.41244911e-20
9.39500000e+05 2.41224230e-20
9.39600000e+05 2.41203552e-20
9.39700000e+05 2.41182878e-20
9.39800000e+05 2.41162208e-20
9.39900000e+05 2.41141542e-20
9.40000000e+05 2.41120880e-20
9.40100000e+05 2.41100222e-20
9.40200000e+05 2.41079568e-20
9.40300000e+05 2.41058917e-20
9.40400000e+05 2.41038271e-20
9.40500000e+05 2.41017628e-20
9.40600000e+05 2.40996989e-20
9.40700000e+05 2.40976354e-20
9.40800000e+05 2.40955723e-20
9.40900000e+05 2.40935095e-20
9.41000000e+05 2.40914472e-20
9.41100000e+05 2.40893853e-20
9.41200000e+05 2.40873237e-20
9.41300000e+05 2.40852625e-20
9.41400000e+05 2.40832017e-20
9.41500000e+05 2.40811413e-20
9.41600000e+05 2.40790813e-20
9.41700000e+05 2.40770216e-20
9.41800000e+05 2.40749624e-20
9.41900000e+05 2.40729035e-20
9.42000000e+05 2.40708451e-20
9.42100000e+05 2.40687870e-20
9.42200000e+05 2.40667293e-20
9.42300000e+05 2.40646719e-20
9.42400000e+05 2.40626150e-20
9.42500000e+05 2.40605585e-20
9.42600000e+05 2.40585023e-20
9.42700000e+05 2.40564465e-20
9.42800000e+05 2.40543911e-20
9.42900000e+05 2.40523361e-20
9.43000000e+05 2.40502815e-20
9.43100000e+05 2.40482272e-20
9.43200000e+05 2.40461734e-20
9.43300000e+05 2.40441199e-20
9.43400000e+05 2.40420668e-20
9.43500000e+05 2.40400141e-20
9.43600000e+05 2.40379618e-20
9.43700000e+05 2.40359099e-20
9.43800000e+05 2.40338583e-20
9.43900000e+05 2.40318071e-20
9.44000000e+05 2.40297563e-20
9.44100000e+05 2.40277059e-20
9.44200000e+05 2.40256559e-20
9.44300000e+05 2.40236063e-20
9.44400000e+05 2.40215570e-20
9.44500000e+05 2.40195082e-20
9.44600000e+05 2.40174597e-20
9.44700000e+05 2.40154116e-20
9.44800000e+05 2.40133639e-20
9.44900000e+05 2.40113165e-20
9.45000000e+05 2.40092696e-20
9.45100000e+05 2.40072230e-20
9.45200000e+05 2.40051768e-20
9.45300000e+05 2.40031310e-20
9.45400000e+05 2.40010856e-20
9.45500000e+05 2.39990405e-20
9.45600000e+05 2.39969958e-20
9.45700000e+05 2.39949516e-20
9.45800000e+05 2.39929077e-20
9.45900000e+05 2.39908641e-20
9.46000000e+05 2.39888210e-20
9.46100000e+05 2.39867782e-20
9.46200000e+05 2.39847359e-20
9.46300000e+05 2.39826939e-20
9.46400000e+05 2.39806523e-20
9.46500000e+05 2.39786110e-20
9.46600000e+05 2.39765702e-20
9.46700000e+05 2.39745297e-20
9.46800000e+05 2.39724896e-20
9.46900000e+05 2.39704499e-20
9.47000000e+05 2.39684106e-20
9.47100000e+05 2.39663716e-20
9.47200000e+05 2.39643331e-20
9.47300000e+05 2.39622949e-20
9.47400000e+05 2.39602570e-20
9.47500000e+05 2.39582196e-20
9.47600000e+05 2.39561826e-20
9.47700000e+05 2.39541459e-20
9.47800000e+05 2.39521096e-20
9.47900000e+05 2.39500737e-20
9.48000000e+05 2.39480382e-20
9.48100000e+05 2.39460030e-20
9.48200000e+05 2.39439682e-20
9.48300000e+05 2.39419338e-20
9.48400000e+05 2.39398998e-20
9.48500000e+05 2.39378662e-20
9.48600000e+05 2.39358329e-20
9.48700000e+05 2.39338000e-20
9.48800000e+05 2.39317675e-20
9.48900000e+05 2.39297354e-20
9.49000000e+05 2.39277036e-20
9.49100000e+05 2.39256723e-20
9.49200000e+05 2.39236413e-20
9.49300000e+05 2.39216107e-20
9.49400000e+05 2.39195804e-20
9.49500000e+05 2.39175506e-20
9.49600000e+05 2.39155211e-20
9.49700000e+05 2.39134920e-20
9.49800000e+05 2.39114632e-20
9.49900000e+05 2.39094349e-20
9.50000000e+05 2.39074069e-20
9.50100000e+05 2.39053793e-20
9.50200000e+05 2.39033521e-20
9.50300000e+05 2.39013253e-20
9.50400000e+05 2.38992988e-20
9.50500000e+05 2.38972727e-20
9.50600000e+05 2.38952470e-20
9.50700000e+05 2.38932216e-20
9.50800000e+05 2.38911967e-20
9.50900000e+05 2.38891721e-20
9.51000000e+05 2.38871479e-20
9.51100000e+05 2.38851240e-20
9.51200000e+05 2.38831006e-20
9.51300000e+05 2.38810775e-20
9.51400000e+05 2.38790548e-20
9.51500000e+05 2.38770325e-20
9.51600000e+05 2.38750105e-20
9.51700000e+05 2.38729889e-20
9.51800000e+05 2.38709677e-20
9.51900000e+05 2.38689469e-20
9.52000000e+05 2.38669264e-20
9.52100000e+05 2.38649063e-20
9.52200000e+05 2.38628866e-20
9.52300000e+05 2.38608673e-20
9.52400000e+05 2.38588483e-20
9.52500000e+05 2.38568298e-20
9.52600000e+05 2.38548116e-20
9.52700000e+05 2.38527937e-20
9.52800000e+05 2.38507763e-20
9.52900000e+05 2.38487592e-20
9.53000000e+05 2.38467424e-20
9.53100000e+05 2.38447261e-20
9.53200000e+05 2.38427101e-20
9.53300000e+05 2.38406945e-20
9.53400000e+05 2.38386793e-20
9.53500000e+05 2.38366645e-20
9.53600000e+05 2.38346500e-20
9.53700000e+05 2.38326359e-20
9.53800000e+05 2.38306222e-20
9.53900000e+05 2.38286088e-20
9.54000000e+05 2.38265958e-20
9.54100000e+05 2.38245832e-20
9.54200000e+05 2.38225710e-20
9.54300000e+05 2.38205591e-20
9.54400000e+05 2.38185476e-20
9.54500000e+05 2.38165365e-20
9.54600000e+05 2.38145258e-20
9.54700000e+05 2.38125154e-20
9.54800000e+05 2.38105054e-20
9.54900000e+05 2.38084957e-20
9.55000000e+05 2.38064865e-20
9.55100000e+05 2.38044776e-20
9.55200000e+05 2.38024691e-20
9.55300000e+05 2.38004609e-20
9.55400000e+05 2.37984531e-20
9.55500000e+05 2.37964457e-20
9.55600000e+05 2.37944387e-20
9.55700000e+05 2.37924320e-20
9.55800000e+05 2.37904258e-20
9.55900000e+05 2.37884198e-20
9.56000000e+05 2.37864143e-20
9.56100000e+05 2.37844091e-20
9.56200000e+05 2.37824043e-20
9.56300000e+05 2.37803998e-20
9.56400000e+05 2.37783958e-20
9.56500000e+05 2.37763921e-20
9.56600000e+05 2.37743887e-20
9.56700000e+05 2.37723858e-20
9.56800000e+05 2.37703832e-20
9.56900000e+05 2.37683810e-20
9.57000000e+05 2.37663791e-20
9.57100000e+05 2.37643776e-20
9.57200000e+05 2.37623765e-20
9.57300000e+05 2.37603758e-20
9.57400000e+05 2.37583754e-20
9.57500000e+05 2.37563754e-20
9.57600000e+05 2.37543758e-20
9.57700000e+05 2.37523765e-20
9.57800000e+05 2.37503776e-20
9.57900000e+05 2.37483791e-20
9.58000000e+05 2.37463809e-20
9.58100000e+05 2.37443831e-20
9.58200000e+05 2.37423857e-20
9.58300000e+05 2.37403886e-20
9.58400000e+05 2.37383920e-20
9.58500000e+05 2.37363956e-20
9.58600000e+05 2.37343997e-20
9.58700000e+05 2.37324041e-20
9.58800000e+05 2.37304089e-20
9.58900000e+05 2.37284140e-20
9.59000000e+05 2.37264195e-20
9.59100000e+05 2.37244254e-20
9.59200000e+05 2.37224317e-20
9.59300000e+05 2.37204383e-20
9.59400000e+05 2.37184453e-20
9.59500000e+05 2.37164526e-20
9.59600000e+05 2.37144604e-20
9.59700000e+05 2.37124684e-20
9.59800000e+05 2.37104769e-20
9.59900000e+05 2.37084857e-20
9.60000000e+05 2.37064949e-20
9.60100000e+05 2.37045045e-20
9.60200000e+05 2.37025144e-20
9.60300000e+05 2.37005247e-20
9.60400000e+05 2.36985353e-20
9.60500000e+05 2.36965463e-20
9.60600000e+05 2.36945577e-20
9.60700000e+05 2.36925695e-20
9.60800000e+05 2.36905816e-20
9.60900000e+05 2.36885940e-20
9.61000000e+05 2.36866069e-20
9.61100000e+05 2.36846201e-20
9.61200000e+05 2.36826337e-20
9.61300000e+05 2.36806476e-20
9.61400000e+05 2.36786619e-20
9.61500000e+05 2.36766766e-20
9.61600000e+05 2.36746916e-20
9.61700000e+05 2.36727070e-20
9.61800000e+05 2.36707228e-20
9.61900000e+05 2.36687389e-20
9.62000000e+05 2.36667554e-20
9.62100000e+05 2.36647723e-20
9.62200000e+05 2.36627895e-20
9.62300000e+05 2.36608071e-20
9.62400000e+05 2.36588250e-20
9.62500000e+05 2.36568433e-20
9.62600000e+05 2.36548620e-20
9.62700000e+05 2.36528810e-20
9.62800000e+05 2.36509004e-20
9.62900000e+05 2.36489202e-20
9.63000000e+05 2.36469403e-20
9.63100000e+05 2.36449608e-20
9.63200000e+05 2.36429817e-20
9.63300000e+05 2.36410029e-20
9.63400000e+05 2.36390245e-20
9.63500000e+05 2.36370464e-20
9.63600000e+05 2.36350687e-20
9.63700000e+05 2.36330914e-20
9.63800000e+05 2.36311144e-20
9.63900000e+05 2.36291378e-20
9.64000000e+05 2.36271616e-20
9.64100000e+05 2.36251857e-20
9.64200000e+05 2.36232102e-20
9.64300000e+05 2.36212350e-20
9.64400000e+05 2.36192603e-20
9.64500000e+05 2.36172858e-20
9.64600000e+05 2.36153117e-20
9.64700000e+05 2.36133380e-20
9.64800000e+05 2.36113647e-20
9.64900000e+05 2.36093917e-20
9.65000000e+05 2.36074191e-20
9.65100000e+05 2.36054468e-20
9.65200000e+05 2.36034749e-20
9.65300000e+05 2.36015034e-20
9.65400000e+05 2.35995322e-20
9.65500000e+05 2.35975614e-20
9.65600000e+05 2.35955909e-20
9.65700000e+05 2.35936208e-20
9.65800000e+05 2.35916511e-20
9.65900000e+05 2.35896817e-20
9.66000000e+05 2.35877127e-20
9.66100000e+05 2.35857440e-20
9.66200000e+05 2.35837757e-20
9.66300000e+05 2.35818078e-20
9.66400000e+05 2.35798402e-20
9.66500000e+05 2.35778730e-20
9.66600000e+05 2.35759061e-20
9.66700000e+05 2.35739396e-20
9.66800000e+05 2.35719735e-20
9.66900000e+05 2.35700077e-20
9.67000000e+05 2.35680423e-20
9.67100000e+05 2.35660772e-20
9.67200000e+05 2.35641125e-20
9.67300000e+05 2.35621482e-20
9.67400000e+05 2.35601842e-20
9.67500000e+05 2.35582205e-20
9.67600000e+05 2.35562573e-20
9.67700000e+05 2.35542944e-20
9.67800000e+05 2.35523318e-20
9.67900000e+05 2.35503696e-20
9.68000000e+05 2.35484078e-20
9.68100000e+05 2.35464463e-20
9.68200000e+05 2.35444852e-20
9.68300000e+05 2.35425244e-20
9.68400000e+05 2.35405640e-20
9.68500000e+05 2.35386040e-20
9.68600000e+05 2.35366443e-20
9.68700000e+05 2.35346850e-20
9.68800000e+05 2.35327260e-20
9.68900000e+05 2.35307674e-20
9.69000000e+05 2.35288091e-20
9.69100000e+05 2.35268512e-20
9.69200000e+05 2.35248937e-20
9.69300000e+05 2.35229365e-20
9.69400000e+05 2.35209797e-20
9.69500000e+05 2.35190232e-20
9.69600000e+05 2.35170671e-20
9.69700000e+05 2.35151113e-20
9.69800000e+05 2.35131559e-20
9.69900000e+05 2.35112008e-20
9.70000000e+05 2.35092462e-20
9.70100000e+05 2.35072918e-20
9.70200000e+05 2.35053378e-20
9.70300000e+05 2.35033842e-20
9.70400000e+05 2.35014309e-20
9.70500000e+05 2.34994780e-20
9.70600000e+05 2.34975255e-20
9.70700000e+05 2.34955733e-20
9.70800000e+05 2.34936214e-20
9.70900000e+05 2.34916699e-20
9.71000000e+05 2.34897188e-20
9.71100000e+05 2.34877680e-20
9.71200000e+05 2.34858176e-20
9.71300000e+05 2.34838675e-20
9.71400000e+05 2.34819178e-20
9.71500000e+05 2.34799685e-20
9.71600000e+05 2.34780194e-20
9.71700000e+05 2.34760708e-20
9.71800000e+05 2.34741225e-20
9.71900000e+05 2.34721746e-20
9.72000000e+05 2.34702270e-20
9.72100000e+05 2.34682797e-20
9.72200000e+05 2.34663329e-20
9.72300000e+05 2.34643863e-20
9.72400000e+05 2.34624402e-20
9.72500000e+05 2.34604943e-20
9.72600000e+05 2.34585489e-20
9.72700000e+05 2.34566038e-20
9.72800000e+05 2.34546590e-20
9.72900000e+05 2.34527146e-20
9.73000000e+05 2.34507705e-20
9.73100000e+05 2.34488268e-20
9.73200000e+05 2.34468835e-20
9.73300000e+05 2.34449405e-20
9.73400000e+05 2.34429979e-20
9.73500000e+05 2.34410556e-20
9.73600000e+05 2.34391136e-20
9.73700000e+05 2.34371721e-20
9.73800000e+05 2.34352308e-20
9.73900000e+05 2.34332900e-20
9.74000000e+05 2.34313494e-20
9.74100000e+05 2.34294093e-20
9.74200000e+05 2.34274694e-20
9.74300000e+05 2.34255300e-20
9.74400000e+05 2.34235908e-20
9.74500000e+05 2.34216521e-20
9.74600000e+05 2.34197137e-20
9.74700000e+05 2.34177756e-20
9.74800000e+05 2.34158379e-20
9.74900000e+05 2.34139005e-20
9.75000000e+05 2.34119635e-20
9.75100000e+05 2.34100269e-20
9.75200000e+05 2.34080906e-20
9.75300000e+05 2.34061546e-20
9.75400000e+05 2.34042190e-20
9.75500000e+05 2.34022838e-20
9.75600000e+05 2.34003488e-20
9.75700000e+05 2.33984143e-20
9.75800000e+05 2.33964801e-20
9.75900000e+05 2.33945462e-20
9.76000000e+05 2.33926127e-20
9.76100000e+05 2.33906796e-20
9.76200000e+05 2.33887468e-20
9.76300000e+05 2.33868143e-20
9.76400000e+05 2.33848822e-20
9.76500000e+05 2.33829505e-20
9.76600000e+05 2.33810191e-20
9.76700000e+05 2.33790880e-20
9.76800000e+05 2.33771573e-20
9.76900000e+05 2.33752270e-20
9.77000000e+05 2.33732970e-20
9.77100000e+05 2.33713673e-20
9.77200000e+05 2.33694380e-20
9.77300000e+05 2.33675091e-20
9.77400000e+05 2.33655805e-20
9.77500000e+05 2.33636522e-20
9.77600000e+05 2.33617243e-20
9.77700000e+05 2.33597967e-20
9.77800000e+05 2.33578695e-20
9.77900000e+05 2.33559426e-20
9.78000000e+05 2.33540161e-20
9.78100000e+05 2.33520900e-20
9.78200000e+05 2.33501641e-20
9.78300000e+05 2.33482387e-20
9.78400000e+05 2.33463135e-20
9.78500000e+05 2.33443888e-20
9.78600000e+05 2.33424643e-20
9.78700000e+05 2.33405403e-20
9.78800000e+05 2.33386165e-20
9.78900000e+05 2.33366931e-20
9.79000000e+05 2.33347701e-20
9.79100000e+05 2.33328474e-20
9.79200000e+05 2.33309251e-20
9.79300000e+05 2.33290031e-20
9.79400000e+05 2.33270814e-20
9.79500000e+05 2.33251601e-20
9.79600000e+05 2.33232392e-20
9.79700000e+05 2.33213186e-20
9.79800000e+05 2.33193983e-20
9.79900000e+05 2.33174784e-20
9.80000000e+05 2.33155588e-20
9.80100000e+05 2.33136396e-20
9.80200000e+05 2.33117207e-20
9.80300000e+05 2.33098022e-20
9.80400000e+05 2.33078840e-20
9.80500000e+05 2.33059662e-20
9.80600000e+05 2.33040487e-20
9.80700000e+05 2.33021315e-20
9.80800000e+05 2.33002147e-20
9.80900000e+05 2.32982983e-20
9.81000000e+05 2.32963821e-20
9.81100000e+05 2.32944664e-20
9.81200000e+05 2.32925510e-20
9.81300000e+05 2.32906359e-20
9.81400000e+05 2.32887212e-20
9.81500000e+05 2.32868068e-20
9.81600000e+05 2.32848927e-20
9.81700000e+05 2.32829790e-20
9.81800000e+05 2.32810657e-20
9.81900000e+05 2.32791527e-20
9.82000000e+05 2.32772400e-20
9.82100000e+05 2.32753277e-20
9.82200000e+05 2.32734157e-20
9.82300000e+05 2.32715041e-20
9.82400000e+05 2.32695928e-20
9.82500000e+05 2.32676819e-20
9.82600000e+05 2.32657713e-20
9.82700000e+05 2.32638610e-20
9.82800000e+05 2.32619511e-20
9.82900000e+05 2.32600415e-20
9.83000000e+05 2.32581323e-20
9.83100000e+05 2.32562234e-20
9.83200000e+05 2.32543149e-20
9.83300000e+05 2.32524067e-20
9.83400000e+05 2.32504989e-20
9.83500000e+05 2.32485914e-20
9.83600000e+05 2.32466842e-20
9.83700000e+05 2.32447774e-20
9.83800000e+05 2.32428709e-20
9.83900000e+05 2.32409648e-20
9.84000000e+05 2.32390590e-20
9.84100000e+05 2.32371535e-20
9.84200000e+05 2.32352484e-20
9.84300000e+05 2.32333436e-20
9.84400000e+05 2.32314392e-20
9.84500000e+05 2.32295351e-20
9.84600000e+05 2.32276314e-20
9.84700000e+05 2.32257280e-20
9.84800000e+05 2.32238250e-20
9.84900000e+05 2.32219222e-20
9.85000000e+05 2.32200199e-20
9.85100000e+05 2.32181178e-20
9.85200000e+05 2.32162161e-20
9.85300000e+05 2.32143148e-20
9.85400000e+05 2.32124138e-20
9.85500000e+05 2.32105131e-20
9.85600000e+05 2.32086128e-20
9.85700000e+05 2.32067128e-20
9.85800000e+05 2.32048132e-20
9.85900000e+05 2.32029139e-20
9.86000000e+05 2.32010149e-20
9.86100000e+05 2.31991163e-20
9.86200000e+05 2.31972180e-20
9.86300000e+05 2.31953201e-20
9.86400000e+05 2.31934225e-20
9.86500000e+05 2.31915252e-20
9.86600000e+05 2.31896283e-20
9.86700000e+05 2.31877317e-20
9.86800000e+05 2.31858355e-20
9.86900000e+05 2.31839396e-20
9.87000000e+05 2.31820440e-20
9.87100000e+05 2.31801488e-20
9.87200000e+05 2.31782539e-20
9.87300000e+05 2.31763594e-20
9.87400000e+05 2.31744652e-20
9.87500000e+05 2.31725713e-20
9.87600000e+05 2.31706778e-20
9.87700000e+05 2.31687846e-20
9.87800000e+05 2.31668918e-20
9.87900000e+05 2.31649993e-20
9.88000000e+05 2.31631071e-20
9.88100000e+05 2.31612153e-20
9.88200000e+05 2.31593238e-20
9.88300000e+05 2.31574326e-20
9.88400000e+05 2.31555418e-20
9.88500000e+05 2.31536513e-20
9.88600000e+05 2.31517612e-20
9.88700000e+05 2.31498714e-20
9.88800000e+05 2.31479820e-20
9.88900000e+05 2.31460928e-20
9.89000000e+05 2.31442040e-20
9.89100000e+05 2.31423156e-20
9.89200000e+05 2.31404275e-20
9.89300000e+05 2.31385397e-20
9.89400000e+05 2.31366523e-20
9.89500000e+05 2.31347652e-20
9.89600000e+05 2.31328784e-20
9.89700000e+05 2.31309920e-20
9.89800000e+05 2.31291059e-20
9.89900000e+05 2.31272202e-20
9.90000000e+05 2.31253348e-20
9.90100000e+05 2.31234497e-20
9.90200000e+05 2.31215650e-20
9.90300000e+05 2.31196806e-20
9.90400000e+05 2.31177965e-20
9.90500000e+05 2.31159128e-20
9.90600000e+05 2.31140294e-20
9.90700000e+05 2.31121463e-20
9.90800000e+05 2.31102636e-20
9.90900000e+05 2.31083812e-20
9.91000000e+05 2.31064992e-20
9.91100000e+05 2.31046175e-20
9.91200000e+05 2.31027361e-20
9.91300000e+05 2.31008551e-20
9.91400000e+05 2.30989744e-20
9.91500000e+05 2.30970940e-20
9.91600000e+05 2.30952140e-20
9.91700000e+05 2.30933343e-20
9.91800000e+05 2.30914549e-20
9.91900000e+05 2.30895759e-20
9.92000000e+05 2.30876972e-20
9.92100000e+05 2.30858188e-20
9.92200000e+05 2.30839408e-20
9.92300000e+05 2.30820631e-20
9.92400000e+05 2.30801858e-20
9.92500000e+05 2.30783088e-20
9.92600000e+05 2.30764321e-20
9.92700000e+05 2.30745557e-20
9.92800000e+05 2.30726797e-20
9.92900000e+05 2.30708040e-20
9.93000000e+05 2.30689287e-20
9.93100000e+05 2.30670537e-20
9.93200000e+05 2.30651790e-20
9.93300000e+05 2.30633047e-20
9.93400000e+05 2.30614306e-20
9.93500000e+05 2.30595570e-20
9.93600000e+05 2.30576836e-20
9.93700000e+05 2.30558106e-20
9.93800000e+05 2.30539379e-20
9.93900000e+05 2.30520656e-20
9.94000000e+05 2.30501936e-20
9.94100000e+05 2.30483219e-20
9.94200000e+05 2.30464506e-20
9.94300000e+05 2.30445796e-20
9.94400000e+05 2.30427089e-20
9.94500000e+05 2.30408385e-20
9.94600000e+05 2.30389685e-20
9.94700000e+05 2.30370989e-20
9.94800000e+05 2.30352295e-20
9.94900000e+05 2.30333605e-20
9.95000000e+05 2.30314918e-20
9.95100000e+05 2.30296235e-20
9.95200000e+05 2.30277555e-20
9.95300000e+05 2.30258878e-20
9.95400000e+05 2.30240204e-20
9.95500000e+05 2.30221534e-20
9.95600000e+05 2.30202867e-20
9.95700000e+05 2.30184204e-20
9.95800000e+05 2.30165543e-20
9.95900000e+05 2.30146886e-20
9.96000000e+05 2.30128233e-20
9.96100000e+05 2.30109582e-20
9.96200000e+05 2.30090935e-20
9.96300000e+05 2.30072292e-20
9.96400000e+05 2.30053651e-20
9.96500000e+05 2.30035014e-20
9.96600000e+05 2.30016381e-20
9.96700000e+05 2.29997750e-20
9.96800000e+05 2.29979123e-20
9.96900000e+05 2.29960499e-20
9.97000000e+05 2.29941879e-20
9.97100000e+05 2.29923261e-20
9.97200000e+05 2.29904647e-20
9.97300000e+05 2.29886037e-20
9.97400000e+05 2.29867430e-20
9.97500000e+05 2.29848826e-20
9.97600000e+05 2.29830225e-20
9.97700000e+05 2.29811627e-20
9.97800000e+05 2.29793033e-20
9.97900000e+05 2.29774442e-20
9.98000000e+05 2.29755855e-20
9.98100000e+05 2.29737271e-20
9.98200000e+05 2.29718690e-20
9.98300000e+05 2.29700112e-20
9.98400000e+05 2.29681538e-20
9.98500000e+05 2.29662967e-20
9.98600000e+05 2.29644399e-20
9.98700000e+05 2.29625835e-20
9.98800000e+05 2.29607273e-20
9.98900000e+05 2.29588715e-20
9.99000000e+05 2.29570161e-20
9.99100000e+05 2.29551609e-20
9.99200000e+05 2.29533061e-20
9.99300000e+05 2.29514517e-20
9.99400000e+05 2.29495975e-20
9.99500000e+05 2.29477437e-20
9.99600000e+05 2.29458902e-20
9.99700000e+05 2.29440371e-20
9.99800000e+05 2.29421842e-20
9.99900000e+05 2.29403317e-20
1.00000000e+06 2.29384795e-20
