# WarpX MCC cross-section file
# Reaction: p + H2 -> p + H2+ + e-
# Columns:
#   1: center-of-mass collision energy [eV]
#   2: total ionization/electron-production cross section [m^2]
# Energy grid:
#   equally spaced, as required by WarpX MCC
# Source/model:
#   Rudd semi-empirical proton-impact ionization model,
#   M. E. Rudd et al., Rev. Mod. Phys. 64, 441 (1992).
# Target parameters:
#   target = H2
#   N_effective = 2.0
#   I = 15.43 eV
#   target_mass = 3.3474474935776079e-27 kg
# 30 keV lab diagnostic:
#   E_cm = 2.00043897e+04 eV
#   sigma = 1.61345984e-20 m^2
0.00000000e+00 0.00000000e+00
1.00000000e+02 1.51472525e-23
2.00000000e+02 5.42579295e-23
3.00000000e+02 1.03698652e-22
4.00000000e+02 1.58929829e-22
5.00000000e+02 2.18053287e-22
6.00000000e+02 2.80096522e-22
7.00000000e+02 3.44491827e-22
8.00000000e+02 4.10875636e-22
9.00000000e+02 4.78998091e-22
1.00000000e+03 5.48677521e-22
1.10000000e+03 6.19775538e-22
1.20000000e+03 6.92182520e-22
1.30000000e+03 7.65808690e-22
1.40000000e+03 8.40578408e-22
1.50000000e+03 9.16426376e-22
1.60000000e+03 9.93295047e-22
1.70000000e+03 1.07113281e-21
1.80000000e+03 1.14989269e-21
1.90000000e+03 1.22953139e-21
2.00000000e+03 1.31000858e-21
2.10000000e+03 1.39128640e-21
2.20000000e+03 1.47332899e-21
2.30000000e+03 1.55610226e-21
2.40000000e+03 1.63957357e-21
2.50000000e+03 1.72371158e-21
2.60000000e+03 1.80848610e-21
2.70000000e+03 1.89386796e-21
2.80000000e+03 1.97982892e-21
2.90000000e+03 2.06634158e-21
3.00000000e+03 2.15337934e-21
3.10000000e+03 2.24091634e-21
3.20000000e+03 2.32892740e-21
3.30000000e+03 2.41738805e-21
3.40000000e+03 2.50627442e-21
3.50000000e+03 2.59556326e-21
3.60000000e+03 2.68523196e-21
3.70000000e+03 2.77525846e-21
3.80000000e+03 2.86562127e-21
3.90000000e+03 2.95629950e-21
4.00000000e+03 3.04727279e-21
4.10000000e+03 3.13852132e-21
4.20000000e+03 3.23002582e-21
4.30000000e+03 3.32176757e-21
4.40000000e+03 3.41372836e-21
4.50000000e+03 3.50589050e-21
4.60000000e+03 3.59823682e-21
4.70000000e+03 3.69075069e-21
4.80000000e+03 3.78341595e-21
4.90000000e+03 3.87621695e-21
5.00000000e+03 3.96913855e-21
5.10000000e+03 4.06216609e-21
5.20000000e+03 4.15528539e-21
5.30000000e+03 4.24848276e-21
5.40000000e+03 4.34174497e-21
5.50000000e+03 4.43505925e-21
5.60000000e+03 4.52841329e-21
5.70000000e+03 4.62179523e-21
5.80000000e+03 4.71519363e-21
5.90000000e+03 4.80859752e-21
6.00000000e+03 4.90199632e-21
6.10000000e+03 4.99537987e-21
6.20000000e+03 5.08873841e-21
6.30000000e+03 5.18206259e-21
6.40000000e+03 5.27534343e-21
6.50000000e+03 5.36857233e-21
6.60000000e+03 5.46174106e-21
6.70000000e+03 5.55484172e-21
6.80000000e+03 5.64786679e-21
6.90000000e+03 5.74080905e-21
7.00000000e+03 5.83366164e-21
7.10000000e+03 5.92641797e-21
7.20000000e+03 6.01907178e-21
7.30000000e+03 6.11161709e-21
7.40000000e+03 6.20404822e-21
7.50000000e+03 6.29635972e-21
7.60000000e+03 6.38854645e-21
7.70000000e+03 6.48060348e-21
7.80000000e+03 6.57252613e-21
7.90000000e+03 6.66430996e-21
8.00000000e+03 6.75595074e-21
8.10000000e+03 6.84744444e-21
8.20000000e+03 6.93878723e-21
8.30000000e+03 7.02997550e-21
8.40000000e+03 7.12100577e-21
8.50000000e+03 7.21187478e-21
8.60000000e+03 7.30257938e-21
8.70000000e+03 7.39311663e-21
8.80000000e+03 7.48348368e-21
8.90000000e+03 7.57367785e-21
9.00000000e+03 7.66369658e-21
9.10000000e+03 7.75353742e-21
9.20000000e+03 7.84319804e-21
9.30000000e+03 7.93267621e-21
9.40000000e+03 8.02196980e-21
9.50000000e+03 8.11107678e-21
9.60000000e+03 8.19999518e-21
9.70000000e+03 8.28872313e-21
9.80000000e+03 8.37725881e-21
9.90000000e+03 8.46560049e-21
1.00000000e+04 8.55374648e-21
1.01000000e+04 8.64169515e-21
1.02000000e+04 8.72944492e-21
1.03000000e+04 8.81699426e-21
1.04000000e+04 8.90434166e-21
1.05000000e+04 8.99148567e-21
1.06000000e+04 9.07842484e-21
1.07000000e+04 9.16515779e-21
1.08000000e+04 9.25168312e-21
1.09000000e+04 9.33799948e-21
1.10000000e+04 9.42410552e-21
1.11000000e+04 9.50999990e-21
1.12000000e+04 9.59568130e-21
1.13000000e+04 9.68114842e-21
1.14000000e+04 9.76639993e-21
1.15000000e+04 9.85143453e-21
1.16000000e+04 9.93625093e-21
1.17000000e+04 1.00208478e-20
1.18000000e+04 1.01052238e-20
1.19000000e+04 1.01893777e-20
1.20000000e+04 1.02733082e-20
1.21000000e+04 1.03570138e-20
1.22000000e+04 1.04404933e-20
1.23000000e+04 1.05237453e-20
1.24000000e+04 1.06067685e-20
1.25000000e+04 1.06895616e-20
1.26000000e+04 1.07721230e-20
1.27000000e+04 1.08544514e-20
1.28000000e+04 1.09365455e-20
1.29000000e+04 1.10184038e-20
1.30000000e+04 1.11000249e-20
1.31000000e+04 1.11814073e-20
1.32000000e+04 1.12625496e-20
1.33000000e+04 1.13434504e-20
1.34000000e+04 1.14241080e-20
1.35000000e+04 1.15045211e-20
1.36000000e+04 1.15846881e-20
1.37000000e+04 1.16646076e-20
1.38000000e+04 1.17442779e-20
1.39000000e+04 1.18236975e-20
1.40000000e+04 1.19028650e-20
1.41000000e+04 1.19817786e-20
1.42000000e+04 1.20604369e-20
1.43000000e+04 1.21388383e-20
1.44000000e+04 1.22169811e-20
1.45000000e+04 1.22948638e-20
1.46000000e+04 1.23724848e-20
1.47000000e+04 1.24498424e-20
1.48000000e+04 1.25269351e-20
1.49000000e+04 1.26037612e-20
1.50000000e+04 1.26803190e-20
1.51000000e+04 1.27566071e-20
1.52000000e+04 1.28326237e-20
1.53000000e+04 1.29083672e-20
1.54000000e+04 1.29838359e-20
1.55000000e+04 1.30590283e-20
1.56000000e+04 1.31339428e-20
1.57000000e+04 1.32085776e-20
1.58000000e+04 1.32829312e-20
1.59000000e+04 1.33570019e-20
1.60000000e+04 1.34307881e-20
1.61000000e+04 1.35042883e-20
1.62000000e+04 1.35775008e-20
1.63000000e+04 1.36504241e-20
1.64000000e+04 1.37230564e-20
1.65000000e+04 1.37953964e-20
1.66000000e+04 1.38674423e-20
1.67000000e+04 1.39391927e-20
1.68000000e+04 1.40106460e-20
1.69000000e+04 1.40818007e-20
1.70000000e+04 1.41526552e-20
1.71000000e+04 1.42232080e-20
1.72000000e+04 1.42934577e-20
1.73000000e+04 1.43634029e-20
1.74000000e+04 1.44330419e-20
1.75000000e+04 1.45023734e-20
1.76000000e+04 1.45713960e-20
1.77000000e+04 1.46401082e-20
1.78000000e+04 1.47085087e-20
1.79000000e+04 1.47765961e-20
1.80000000e+04 1.48443691e-20
1.81000000e+04 1.49118263e-20
1.82000000e+04 1.49789664e-20
1.83000000e+04 1.50457882e-20
1.84000000e+04 1.51122903e-20
1.85000000e+04 1.51784716e-20
1.86000000e+04 1.52443308e-20
1.87000000e+04 1.53098667e-20
1.88000000e+04 1.53750782e-20
1.89000000e+04 1.54399641e-20
1.90000000e+04 1.55045232e-20
1.91000000e+04 1.55687546e-20
1.92000000e+04 1.56326571e-20
1.93000000e+04 1.56962297e-20
1.94000000e+04 1.57594714e-20
1.95000000e+04 1.58223811e-20
1.96000000e+04 1.58849580e-20
1.97000000e+04 1.59472010e-20
1.98000000e+04 1.60091093e-20
1.99000000e+04 1.60706819e-20
2.00000000e+04 1.61319181e-20
2.01000000e+04 1.61928170e-20
2.02000000e+04 1.62533777e-20
2.03000000e+04 1.63135996e-20
2.04000000e+04 1.63734818e-20
2.05000000e+04 1.64330237e-20
2.06000000e+04 1.64922246e-20
2.07000000e+04 1.65510838e-20
2.08000000e+04 1.66096007e-20
2.09000000e+04 1.66677746e-20
2.10000000e+04 1.67256050e-20
2.11000000e+04 1.67830914e-20
2.12000000e+04 1.68402333e-20
2.13000000e+04 1.68970301e-20
2.14000000e+04 1.69534814e-20
2.15000000e+04 1.70095867e-20
2.16000000e+04 1.70653457e-20
2.17000000e+04 1.71207580e-20
2.18000000e+04 1.71758232e-20
2.19000000e+04 1.72305411e-20
2.20000000e+04 1.72849113e-20
2.21000000e+04 1.73389335e-20
2.22000000e+04 1.73926077e-20
2.23000000e+04 1.74459334e-20
2.24000000e+04 1.74989106e-20
2.25000000e+04 1.75515391e-20
2.26000000e+04 1.76038188e-20
2.27000000e+04 1.76557496e-20
2.28000000e+04 1.77073315e-20
2.29000000e+04 1.77585643e-20
2.30000000e+04 1.78094481e-20
2.31000000e+04 1.78599829e-20
2.32000000e+04 1.79101687e-20
2.33000000e+04 1.79600057e-20
2.34000000e+04 1.80094938e-20
2.35000000e+04 1.80586332e-20
2.36000000e+04 1.81074241e-20
2.37000000e+04 1.81558666e-20
2.38000000e+04 1.82039609e-20
2.39000000e+04 1.82517072e-20
2.40000000e+04 1.82991059e-20
2.41000000e+04 1.83461571e-20
2.42000000e+04 1.83928611e-20
2.43000000e+04 1.84392183e-20
2.44000000e+04 1.84852290e-20
2.45000000e+04 1.85308935e-20
2.46000000e+04 1.85762124e-20
2.47000000e+04 1.86211858e-20
2.48000000e+04 1.86658144e-20
2.49000000e+04 1.87100985e-20
2.50000000e+04 1.87540387e-20
2.51000000e+04 1.87976354e-20
2.52000000e+04 1.88408891e-20
2.53000000e+04 1.88838005e-20
2.54000000e+04 1.89263700e-20
2.55000000e+04 1.89685982e-20
2.56000000e+04 1.90104857e-20
2.57000000e+04 1.90520333e-20
2.58000000e+04 1.90932414e-20
2.59000000e+04 1.91341108e-20
2.60000000e+04 1.91746422e-20
2.61000000e+04 1.92148362e-20
2.62000000e+04 1.92546937e-20
2.63000000e+04 1.92942152e-20
2.64000000e+04 1.93334016e-20
2.65000000e+04 1.93722536e-20
2.66000000e+04 1.94107721e-20
2.67000000e+04 1.94489578e-20
2.68000000e+04 1.94868116e-20
2.69000000e+04 1.95243343e-20
2.70000000e+04 1.95615268e-20
2.71000000e+04 1.95983899e-20
2.72000000e+04 1.96349246e-20
2.73000000e+04 1.96711317e-20
2.74000000e+04 1.97070122e-20
2.75000000e+04 1.97425669e-20
2.76000000e+04 1.97777969e-20
2.77000000e+04 1.98127031e-20
2.78000000e+04 1.98472865e-20
2.79000000e+04 1.98815481e-20
2.80000000e+04 1.99154889e-20
2.81000000e+04 1.99491098e-20
2.82000000e+04 1.99824120e-20
2.83000000e+04 2.00153964e-20
2.84000000e+04 2.00480642e-20
2.85000000e+04 2.00804163e-20
2.86000000e+04 2.01124539e-20
2.87000000e+04 2.01441781e-20
2.88000000e+04 2.01755900e-20
2.89000000e+04 2.02066906e-20
2.90000000e+04 2.02374811e-20
2.91000000e+04 2.02679626e-20
2.92000000e+04 2.02981363e-20
2.93000000e+04 2.03280033e-20
2.94000000e+04 2.03575647e-20
2.95000000e+04 2.03868219e-20
2.96000000e+04 2.04157758e-20
2.97000000e+04 2.04444278e-20
2.98000000e+04 2.04727790e-20
2.99000000e+04 2.05008306e-20
3.00000000e+04 2.05285838e-20
3.01000000e+04 2.05560399e-20
3.02000000e+04 2.05832001e-20
3.03000000e+04 2.06100656e-20
3.04000000e+04 2.06366376e-20
3.05000000e+04 2.06629175e-20
3.06000000e+04 2.06889064e-20
3.07000000e+04 2.07146056e-20
3.08000000e+04 2.07400164e-20
3.09000000e+04 2.07651401e-20
3.10000000e+04 2.07899779e-20
3.11000000e+04 2.08145312e-20
3.12000000e+04 2.08388012e-20
3.13000000e+04 2.08627892e-20
3.14000000e+04 2.08864965e-20
3.15000000e+04 2.09099245e-20
3.16000000e+04 2.09330743e-20
3.17000000e+04 2.09559475e-20
3.18000000e+04 2.09785451e-20
3.19000000e+04 2.10008687e-20
3.20000000e+04 2.10229194e-20
3.21000000e+04 2.10446987e-20
3.22000000e+04 2.10662079e-20
3.23000000e+04 2.10874483e-20
3.24000000e+04 2.11084211e-20
3.25000000e+04 2.11291279e-20
3.26000000e+04 2.11495699e-20
3.27000000e+04 2.11697485e-20
3.28000000e+04 2.11896649e-20
3.29000000e+04 2.12093206e-20
3.30000000e+04 2.12287170e-20
3.31000000e+04 2.12478552e-20
3.32000000e+04 2.12667368e-20
3.33000000e+04 2.12853631e-20
3.34000000e+04 2.13037354e-20
3.35000000e+04 2.13218550e-20
3.36000000e+04 2.13397235e-20
3.37000000e+04 2.13573420e-20
3.38000000e+04 2.13747119e-20
3.39000000e+04 2.13918347e-20
3.40000000e+04 2.14087116e-20
3.41000000e+04 2.14253441e-20
3.42000000e+04 2.14417335e-20
3.43000000e+04 2.14578811e-20
3.44000000e+04 2.14737883e-20
3.45000000e+04 2.14894565e-20
3.46000000e+04 2.15048870e-20
3.47000000e+04 2.15200812e-20
3.48000000e+04 2.15350405e-20
3.49000000e+04 2.15497661e-20
3.50000000e+04 2.15642595e-20
3.51000000e+04 2.15785221e-20
3.52000000e+04 2.15925550e-20
3.53000000e+04 2.16063598e-20
3.54000000e+04 2.16199377e-20
3.55000000e+04 2.16332901e-20
3.56000000e+04 2.16464184e-20
3.57000000e+04 2.16593239e-20
3.58000000e+04 2.16720079e-20
3.59000000e+04 2.16844718e-20
3.60000000e+04 2.16967169e-20
3.61000000e+04 2.17087445e-20
3.62000000e+04 2.17205561e-20
3.63000000e+04 2.17321528e-20
3.64000000e+04 2.17435361e-20
3.65000000e+04 2.17547072e-20
3.66000000e+04 2.17656676e-20
3.67000000e+04 2.17764184e-20
3.68000000e+04 2.17869611e-20
3.69000000e+04 2.17972969e-20
3.70000000e+04 2.18074272e-20
3.71000000e+04 2.18173532e-20
3.72000000e+04 2.18270763e-20
3.73000000e+04 2.18365977e-20
3.74000000e+04 2.18459189e-20
3.75000000e+04 2.18550409e-20
3.76000000e+04 2.18639653e-20
3.77000000e+04 2.18726931e-20
3.78000000e+04 2.18812258e-20
3.79000000e+04 2.18895647e-20
3.80000000e+04 2.18977108e-20
3.81000000e+04 2.19056657e-20
3.82000000e+04 2.19134305e-20
3.83000000e+04 2.19210064e-20
3.84000000e+04 2.19283948e-20
3.85000000e+04 2.19355969e-20
3.86000000e+04 2.19426140e-20
3.87000000e+04 2.19494473e-20
3.88000000e+04 2.19560981e-20
3.89000000e+04 2.19625675e-20
3.90000000e+04 2.19688569e-20
3.91000000e+04 2.19749675e-20
3.92000000e+04 2.19809004e-20
3.93000000e+04 2.19866570e-20
3.94000000e+04 2.19922384e-20
3.95000000e+04 2.19976459e-20
3.96000000e+04 2.20028806e-20
3.97000000e+04 2.20079438e-20
3.98000000e+04 2.20128366e-20
3.99000000e+04 2.20175604e-20
4.00000000e+04 2.20221162e-20
4.01000000e+04 2.20265052e-20
4.02000000e+04 2.20307286e-20
4.03000000e+04 2.20347877e-20
4.04000000e+04 2.20386835e-20
4.05000000e+04 2.20424173e-20
4.06000000e+04 2.20459902e-20
4.07000000e+04 2.20494034e-20
4.08000000e+04 2.20526579e-20
4.09000000e+04 2.20557551e-20
4.10000000e+04 2.20586959e-20
4.11000000e+04 2.20614816e-20
4.12000000e+04 2.20641133e-20
4.13000000e+04 2.20665921e-20
4.14000000e+04 2.20689191e-20
4.15000000e+04 2.20710955e-20
4.16000000e+04 2.20731223e-20
4.17000000e+04 2.20750007e-20
4.18000000e+04 2.20767318e-20
4.19000000e+04 2.20783167e-20
4.20000000e+04 2.20797564e-20
4.21000000e+04 2.20810521e-20
4.22000000e+04 2.20822048e-20
4.23000000e+04 2.20832157e-20
4.24000000e+04 2.20840857e-20
4.25000000e+04 2.20848159e-20
4.26000000e+04 2.20854075e-20
4.27000000e+04 2.20858615e-20
4.28000000e+04 2.20861789e-20
4.29000000e+04 2.20863607e-20
4.30000000e+04 2.20864080e-20
4.31000000e+04 2.20863219e-20
4.32000000e+04 2.20861034e-20
4.33000000e+04 2.20857535e-20
4.34000000e+04 2.20852731e-20
4.35000000e+04 2.20846635e-20
4.36000000e+04 2.20839254e-20
4.37000000e+04 2.20830600e-20
4.38000000e+04 2.20820682e-20
4.39000000e+04 2.20809511e-20
4.40000000e+04 2.20797096e-20
4.41000000e+04 2.20783447e-20
4.42000000e+04 2.20768574e-20
4.43000000e+04 2.20752487e-20
4.44000000e+04 2.20735195e-20
4.45000000e+04 2.20716708e-20
4.46000000e+04 2.20697035e-20
4.47000000e+04 2.20676186e-20
4.48000000e+04 2.20654170e-20
4.49000000e+04 2.20630998e-20
4.50000000e+04 2.20606677e-20
4.51000000e+04 2.20581218e-20
4.52000000e+04 2.20554630e-20
4.53000000e+04 2.20526921e-20
4.54000000e+04 2.20498102e-20
4.55000000e+04 2.20468181e-20
4.56000000e+04 2.20437167e-20
4.57000000e+04 2.20405069e-20
4.58000000e+04 2.20371897e-20
4.59000000e+04 2.20337658e-20
4.60000000e+04 2.20302362e-20
4.61000000e+04 2.20266018e-20
4.62000000e+04 2.20228635e-20
4.63000000e+04 2.20190220e-20
4.64000000e+04 2.20150783e-20
4.65000000e+04 2.20110333e-20
4.66000000e+04 2.20068877e-20
4.67000000e+04 2.20026424e-20
4.68000000e+04 2.19982984e-20
4.69000000e+04 2.19938563e-20
4.70000000e+04 2.19893171e-20
4.71000000e+04 2.19846815e-20
4.72000000e+04 2.19799505e-20
4.73000000e+04 2.19751247e-20
4.74000000e+04 2.19702051e-20
4.75000000e+04 2.19651924e-20
4.76000000e+04 2.19600875e-20
4.77000000e+04 2.19548910e-20
4.78000000e+04 2.19496039e-20
4.79000000e+04 2.19442270e-20
4.80000000e+04 2.19387609e-20
4.81000000e+04 2.19332065e-20
4.82000000e+04 2.19275645e-20
4.83000000e+04 2.19218357e-20
4.84000000e+04 2.19160210e-20
4.85000000e+04 2.19101209e-20
4.86000000e+04 2.19041364e-20
4.87000000e+04 2.18980681e-20
4.88000000e+04 2.18919168e-20
4.89000000e+04 2.18856832e-20
4.90000000e+04 2.18793681e-20
4.91000000e+04 2.18729722e-20
4.92000000e+04 2.18664962e-20
4.93000000e+04 2.18599408e-20
4.94000000e+04 2.18533068e-20
4.95000000e+04 2.18465949e-20
4.96000000e+04 2.18398057e-20
4.97000000e+04 2.18329400e-20
4.98000000e+04 2.18259985e-20
4.99000000e+04 2.18189818e-20
5.00000000e+04 2.18118908e-20
5.01000000e+04 2.18047259e-20
5.02000000e+04 2.17974880e-20
5.03000000e+04 2.17901777e-20
5.04000000e+04 2.17827956e-20
5.05000000e+04 2.17753425e-20
5.06000000e+04 2.17678189e-20
5.07000000e+04 2.17602257e-20
5.08000000e+04 2.17525633e-20
5.09000000e+04 2.17448325e-20
5.10000000e+04 2.17370339e-20
5.11000000e+04 2.17291681e-20
5.12000000e+04 2.17212358e-20
5.13000000e+04 2.17132376e-20
5.14000000e+04 2.17051742e-20
5.15000000e+04 2.16970461e-20
5.16000000e+04 2.16888540e-20
5.17000000e+04 2.16805985e-20
5.18000000e+04 2.16722801e-20
5.19000000e+04 2.16638996e-20
5.20000000e+04 2.16554575e-20
5.21000000e+04 2.16469544e-20
5.22000000e+04 2.16383909e-20
5.23000000e+04 2.16297676e-20
5.24000000e+04 2.16210851e-20
5.25000000e+04 2.16123439e-20
5.26000000e+04 2.16035447e-20
5.27000000e+04 2.15946880e-20
5.28000000e+04 2.15857744e-20
5.29000000e+04 2.15768044e-20
5.30000000e+04 2.15677786e-20
5.31000000e+04 2.15586976e-20
5.32000000e+04 2.15495619e-20
5.33000000e+04 2.15403720e-20
5.34000000e+04 2.15311286e-20
5.35000000e+04 2.15218322e-20
5.36000000e+04 2.15124832e-20
5.37000000e+04 2.15030823e-20
5.38000000e+04 2.14936299e-20
5.39000000e+04 2.14841266e-20
5.40000000e+04 2.14745730e-20
5.41000000e+04 2.14649694e-20
5.42000000e+04 2.14553165e-20
5.43000000e+04 2.14456148e-20
5.44000000e+04 2.14358647e-20
5.45000000e+04 2.14260669e-20
5.46000000e+04 2.14162216e-20
5.47000000e+04 2.14063296e-20
5.48000000e+04 2.13963912e-20
5.49000000e+04 2.13864070e-20
5.50000000e+04 2.13763774e-20
5.51000000e+04 2.13663030e-20
5.52000000e+04 2.13561842e-20
5.53000000e+04 2.13460214e-20
5.54000000e+04 2.13358152e-20
5.55000000e+04 2.13255660e-20
5.56000000e+04 2.13152744e-20
5.57000000e+04 2.13049406e-20
5.58000000e+04 2.12945653e-20
5.59000000e+04 2.12841489e-20
5.60000000e+04 2.12736918e-20
5.61000000e+04 2.12631945e-20
5.62000000e+04 2.12526574e-20
5.63000000e+04 2.12420809e-20
5.64000000e+04 2.12314656e-20
5.65000000e+04 2.12208117e-20
5.66000000e+04 2.12101199e-20
5.67000000e+04 2.11993905e-20
5.68000000e+04 2.11886239e-20
5.69000000e+04 2.11778205e-20
5.70000000e+04 2.11669808e-20
5.71000000e+04 2.11561052e-20
5.72000000e+04 2.11451942e-20
5.73000000e+04 2.11342480e-20
5.74000000e+04 2.11232671e-20
5.75000000e+04 2.11122520e-20
5.76000000e+04 2.11012030e-20
5.77000000e+04 2.10901206e-20
5.78000000e+04 2.10790050e-20
5.79000000e+04 2.10678568e-20
5.80000000e+04 2.10566763e-20
5.81000000e+04 2.10454639e-20
5.82000000e+04 2.10342200e-20
5.83000000e+04 2.10229449e-20
5.84000000e+04 2.10116391e-20
5.85000000e+04 2.10003029e-20
5.86000000e+04 2.09889366e-20
5.87000000e+04 2.09775408e-20
5.88000000e+04 2.09661156e-20
5.89000000e+04 2.09546616e-20
5.90000000e+04 2.09431790e-20
5.91000000e+04 2.09316682e-20
5.92000000e+04 2.09201295e-20
5.93000000e+04 2.09085634e-20
5.94000000e+04 2.08969702e-20
5.95000000e+04 2.08853501e-20
5.96000000e+04 2.08737037e-20
5.97000000e+04 2.08620311e-20
5.98000000e+04 2.08503328e-20
5.99000000e+04 2.08386090e-20
6.00000000e+04 2.08268602e-20
6.01000000e+04 2.08150866e-20
6.02000000e+04 2.08032886e-20
6.03000000e+04 2.07914665e-20
6.04000000e+04 2.07796206e-20
6.05000000e+04 2.07677513e-20
6.06000000e+04 2.07558589e-20
6.07000000e+04 2.07439436e-20
6.08000000e+04 2.07320058e-20
6.09000000e+04 2.07200459e-20
6.10000000e+04 2.07080641e-20
6.11000000e+04 2.06960607e-20
6.12000000e+04 2.06840360e-20
6.13000000e+04 2.06719904e-20
6.14000000e+04 2.06599241e-20
6.15000000e+04 2.06478374e-20
6.16000000e+04 2.06357307e-20
6.17000000e+04 2.06236042e-20
6.18000000e+04 2.06114582e-20
6.19000000e+04 2.05992930e-20
6.20000000e+04 2.05871089e-20
6.21000000e+04 2.05749061e-20
6.22000000e+04 2.05626851e-20
6.23000000e+04 2.05504459e-20
6.24000000e+04 2.05381890e-20
6.25000000e+04 2.05259145e-20
6.26000000e+04 2.05136228e-20
6.27000000e+04 2.05013141e-20
6.28000000e+04 2.04889887e-20
6.29000000e+04 2.04766469e-20
6.30000000e+04 2.04642889e-20
6.31000000e+04 2.04519150e-20
6.32000000e+04 2.04395255e-20
6.33000000e+04 2.04271205e-20
6.34000000e+04 2.04147004e-20
6.35000000e+04 2.04022654e-20
6.36000000e+04 2.03898158e-20
6.37000000e+04 2.03773518e-20
6.38000000e+04 2.03648737e-20
6.39000000e+04 2.03523816e-20
6.40000000e+04 2.03398760e-20
6.41000000e+04 2.03273569e-20
6.42000000e+04 2.03148246e-20
6.43000000e+04 2.03022795e-20
6.44000000e+04 2.02897216e-20
6.45000000e+04 2.02771513e-20
6.46000000e+04 2.02645687e-20
6.47000000e+04 2.02519741e-20
6.48000000e+04 2.02393678e-20
6.49000000e+04 2.02267500e-20
6.50000000e+04 2.02141208e-20
6.51000000e+04 2.02014805e-20
6.52000000e+04 2.01888293e-20
6.53000000e+04 2.01761675e-20
6.54000000e+04 2.01634953e-20
6.55000000e+04 2.01508128e-20
6.56000000e+04 2.01381203e-20
6.57000000e+04 2.01254180e-20
6.58000000e+04 2.01127062e-20
6.59000000e+04 2.00999849e-20
6.60000000e+04 2.00872545e-20
6.61000000e+04 2.00745151e-20
6.62000000e+04 2.00617670e-20
6.63000000e+04 2.00490103e-20
6.64000000e+04 2.00362452e-20
6.65000000e+04 2.00234719e-20
6.66000000e+04 2.00106907e-20
6.67000000e+04 1.99979017e-20
6.68000000e+04 1.99851052e-20
6.69000000e+04 1.99723012e-20
6.70000000e+04 1.99594901e-20
6.71000000e+04 1.99466719e-20
6.72000000e+04 1.99338469e-20
6.73000000e+04 1.99210153e-20
6.74000000e+04 1.99081772e-20
6.75000000e+04 1.98953329e-20
6.76000000e+04 1.98824824e-20
6.77000000e+04 1.98696261e-20
6.78000000e+04 1.98567640e-20
6.79000000e+04 1.98438964e-20
6.80000000e+04 1.98310233e-20
6.81000000e+04 1.98181451e-20
6.82000000e+04 1.98052618e-20
6.83000000e+04 1.97923737e-20
6.84000000e+04 1.97794808e-20
6.85000000e+04 1.97665835e-20
6.86000000e+04 1.97536817e-20
6.87000000e+04 1.97407758e-20
6.88000000e+04 1.97278658e-20
6.89000000e+04 1.97149519e-20
6.90000000e+04 1.97020344e-20
6.91000000e+04 1.96891132e-20
6.92000000e+04 1.96761887e-20
6.93000000e+04 1.96632609e-20
6.94000000e+04 1.96503300e-20
6.95000000e+04 1.96373962e-20
6.96000000e+04 1.96244596e-20
6.97000000e+04 1.96115204e-20
6.98000000e+04 1.95985787e-20
6.99000000e+04 1.95856347e-20
7.00000000e+04 1.95726884e-20
7.01000000e+04 1.95597402e-20
7.02000000e+04 1.95467900e-20
7.03000000e+04 1.95338381e-20
7.04000000e+04 1.95208845e-20
7.05000000e+04 1.95079295e-20
7.06000000e+04 1.94949732e-20
7.07000000e+04 1.94820156e-20
7.08000000e+04 1.94690570e-20
7.09000000e+04 1.94560975e-20
7.10000000e+04 1.94431372e-20
7.11000000e+04 1.94301762e-20
7.12000000e+04 1.94172148e-20
7.13000000e+04 1.94042529e-20
7.14000000e+04 1.93912907e-20
7.15000000e+04 1.93783285e-20
7.16000000e+04 1.93653662e-20
7.17000000e+04 1.93524040e-20
7.18000000e+04 1.93394421e-20
7.19000000e+04 1.93264806e-20
7.20000000e+04 1.93135196e-20
7.21000000e+04 1.93005591e-20
7.22000000e+04 1.92875994e-20
7.23000000e+04 1.92746406e-20
7.24000000e+04 1.92616827e-20
7.25000000e+04 1.92487260e-20
7.26000000e+04 1.92357704e-20
7.27000000e+04 1.92228162e-20
7.28000000e+04 1.92098634e-20
7.29000000e+04 1.91969122e-20
7.30000000e+04 1.91839626e-20
7.31000000e+04 1.91710148e-20
7.32000000e+04 1.91580689e-20
7.33000000e+04 1.91451250e-20
7.34000000e+04 1.91321831e-20
7.35000000e+04 1.91192435e-20
7.36000000e+04 1.91063063e-20
7.37000000e+04 1.90933714e-20
7.38000000e+04 1.90804391e-20
7.39000000e+04 1.90675094e-20
7.40000000e+04 1.90545824e-20
7.41000000e+04 1.90416583e-20
7.42000000e+04 1.90287371e-20
7.43000000e+04 1.90158189e-20
7.44000000e+04 1.90029039e-20
7.45000000e+04 1.89899921e-20
7.46000000e+04 1.89770837e-20
7.47000000e+04 1.89641786e-20
7.48000000e+04 1.89512771e-20
7.49000000e+04 1.89383792e-20
7.50000000e+04 1.89254850e-20
7.51000000e+04 1.89125946e-20
7.52000000e+04 1.88997081e-20
7.53000000e+04 1.88868256e-20
7.54000000e+04 1.88739472e-20
7.55000000e+04 1.88610729e-20
7.56000000e+04 1.88482029e-20
7.57000000e+04 1.88353372e-20
7.58000000e+04 1.88224759e-20
7.59000000e+04 1.88096191e-20
7.60000000e+04 1.87967670e-20
7.61000000e+04 1.87839195e-20
7.62000000e+04 1.87710768e-20
7.63000000e+04 1.87582389e-20
7.64000000e+04 1.87454059e-20
7.65000000e+04 1.87325780e-20
7.66000000e+04 1.87197551e-20
7.67000000e+04 1.87069374e-20
7.68000000e+04 1.86941250e-20
7.69000000e+04 1.86813178e-20
7.70000000e+04 1.86685161e-20
7.71000000e+04 1.86557198e-20
7.72000000e+04 1.86429291e-20
7.73000000e+04 1.86301440e-20
7.74000000e+04 1.86173647e-20
7.75000000e+04 1.86045911e-20
7.76000000e+04 1.85918233e-20
7.77000000e+04 1.85790614e-20
7.78000000e+04 1.85663056e-20
7.79000000e+04 1.85535558e-20
7.80000000e+04 1.85408121e-20
7.81000000e+04 1.85280746e-20
7.82000000e+04 1.85153434e-20
7.83000000e+04 1.85026186e-20
7.84000000e+04 1.84899001e-20
7.85000000e+04 1.84771881e-20
7.86000000e+04 1.84644826e-20
7.87000000e+04 1.84517837e-20
7.88000000e+04 1.84390915e-20
7.89000000e+04 1.84264060e-20
7.90000000e+04 1.84137273e-20
7.91000000e+04 1.84010554e-20
7.92000000e+04 1.83883905e-20
7.93000000e+04 1.83757325e-20
7.94000000e+04 1.83630816e-20
7.95000000e+04 1.83504377e-20
7.96000000e+04 1.83378011e-20
7.97000000e+04 1.83251716e-20
7.98000000e+04 1.83125494e-20
7.99000000e+04 1.82999345e-20
8.00000000e+04 1.82873270e-20
8.01000000e+04 1.82747269e-20
8.02000000e+04 1.82621343e-20
8.03000000e+04 1.82495493e-20
8.04000000e+04 1.82369719e-20
8.05000000e+04 1.82244022e-20
8.06000000e+04 1.82118401e-20
8.07000000e+04 1.81992858e-20
8.08000000e+04 1.81867394e-20
8.09000000e+04 1.81742008e-20
8.10000000e+04 1.81616701e-20
8.11000000e+04 1.81491474e-20
8.12000000e+04 1.81366327e-20
8.13000000e+04 1.81241261e-20
8.14000000e+04 1.81116276e-20
8.15000000e+04 1.80991372e-20
8.16000000e+04 1.80866551e-20
8.17000000e+04 1.80741812e-20
8.18000000e+04 1.80617157e-20
8.19000000e+04 1.80492585e-20
8.20000000e+04 1.80368097e-20
8.21000000e+04 1.80243693e-20
8.22000000e+04 1.80119374e-20
8.23000000e+04 1.79995141e-20
8.24000000e+04 1.79870993e-20
8.25000000e+04 1.79746932e-20
8.26000000e+04 1.79622957e-20
8.27000000e+04 1.79499069e-20
8.28000000e+04 1.79375269e-20
8.29000000e+04 1.79251556e-20
8.30000000e+04 1.79127932e-20
8.31000000e+04 1.79004396e-20
8.32000000e+04 1.78880950e-20
8.33000000e+04 1.78757593e-20
8.34000000e+04 1.78634326e-20
8.35000000e+04 1.78511149e-20
8.36000000e+04 1.78388063e-20
8.37000000e+04 1.78265068e-20
8.38000000e+04 1.78142164e-20
8.39000000e+04 1.78019352e-20
8.40000000e+04 1.77896632e-20
8.41000000e+04 1.77774004e-20
8.42000000e+04 1.77651470e-20
8.43000000e+04 1.77529028e-20
8.44000000e+04 1.77406680e-20
8.45000000e+04 1.77284426e-20
8.46000000e+04 1.77162266e-20
8.47000000e+04 1.77040201e-20
8.48000000e+04 1.76918230e-20
8.49000000e+04 1.76796355e-20
8.50000000e+04 1.76674575e-20
8.51000000e+04 1.76552891e-20
8.52000000e+04 1.76431303e-20
8.53000000e+04 1.76309811e-20
8.54000000e+04 1.76188416e-20
8.55000000e+04 1.76067119e-20
8.56000000e+04 1.75945918e-20
8.57000000e+04 1.75824815e-20
8.58000000e+04 1.75703810e-20
8.59000000e+04 1.75582904e-20
8.60000000e+04 1.75462096e-20
8.61000000e+04 1.75341386e-20
8.62000000e+04 1.75220776e-20
8.63000000e+04 1.75100265e-20
8.64000000e+04 1.74979853e-20
8.65000000e+04 1.74859541e-20
8.66000000e+04 1.74739330e-20
8.67000000e+04 1.74619219e-20
8.68000000e+04 1.74499208e-20
8.69000000e+04 1.74379298e-20
8.70000000e+04 1.74259490e-20
8.71000000e+04 1.74139782e-20
8.72000000e+04 1.74020177e-20
8.73000000e+04 1.73900673e-20
8.74000000e+04 1.73781271e-20
8.75000000e+04 1.73661971e-20
8.76000000e+04 1.73542774e-20
8.77000000e+04 1.73423680e-20
8.78000000e+04 1.73304689e-20
8.79000000e+04 1.73185801e-20
8.80000000e+04 1.73067016e-20
8.81000000e+04 1.72948335e-20
8.82000000e+04 1.72829757e-20
8.83000000e+04 1.72711284e-20
8.84000000e+04 1.72592915e-20
8.85000000e+04 1.72474650e-20
8.86000000e+04 1.72356490e-20
8.87000000e+04 1.72238434e-20
8.88000000e+04 1.72120484e-20
8.89000000e+04 1.72002639e-20
8.90000000e+04 1.71884899e-20
8.91000000e+04 1.71767265e-20
8.92000000e+04 1.71649736e-20
8.93000000e+04 1.71532313e-20
8.94000000e+04 1.71414997e-20
8.95000000e+04 1.71297786e-20
8.96000000e+04 1.71180682e-20
8.97000000e+04 1.71063685e-20
8.98000000e+04 1.70946794e-20
8.99000000e+04 1.70830010e-20
9.00000000e+04 1.70713333e-20
9.01000000e+04 1.70596764e-20
9.02000000e+04 1.70480301e-20
9.03000000e+04 1.70363946e-20
9.04000000e+04 1.70247699e-20
9.05000000e+04 1.70131560e-20
9.06000000e+04 1.70015528e-20
9.07000000e+04 1.69899605e-20
9.08000000e+04 1.69783789e-20
9.09000000e+04 1.69668082e-20
9.10000000e+04 1.69552484e-20
9.11000000e+04 1.69436994e-20
9.12000000e+04 1.69321613e-20
9.13000000e+04 1.69206340e-20
9.14000000e+04 1.69091177e-20
9.15000000e+04 1.68976122e-20
9.16000000e+04 1.68861177e-20
9.17000000e+04 1.68746341e-20
9.18000000e+04 1.68631614e-20
9.19000000e+04 1.68516997e-20
9.20000000e+04 1.68402490e-20
9.21000000e+04 1.68288092e-20
9.22000000e+04 1.68173804e-20
9.23000000e+04 1.68059626e-20
9.24000000e+04 1.67945558e-20
9.25000000e+04 1.67831600e-20
9.26000000e+04 1.67717752e-20
9.27000000e+04 1.67604015e-20
9.28000000e+04 1.67490388e-20
9.29000000e+04 1.67376871e-20
9.30000000e+04 1.67263466e-20
9.31000000e+04 1.67150170e-20
9.32000000e+04 1.67036986e-20
9.33000000e+04 1.66923912e-20
9.34000000e+04 1.66810949e-20
9.35000000e+04 1.66698097e-20
9.36000000e+04 1.66585356e-20
9.37000000e+04 1.66472726e-20
9.38000000e+04 1.66360208e-20
9.39000000e+04 1.66247800e-20
9.40000000e+04 1.66135504e-20
9.41000000e+04 1.66023319e-20
9.42000000e+04 1.65911246e-20
9.43000000e+04 1.65799284e-20
9.44000000e+04 1.65687434e-20
9.45000000e+04 1.65575695e-20
9.46000000e+04 1.65464068e-20
9.47000000e+04 1.65352553e-20
9.48000000e+04 1.65241149e-20
9.49000000e+04 1.65129858e-20
9.50000000e+04 1.65018678e-20
9.51000000e+04 1.64907610e-20
9.52000000e+04 1.64796653e-20
9.53000000e+04 1.64685809e-20
9.54000000e+04 1.64575077e-20
9.55000000e+04 1.64464457e-20
9.56000000e+04 1.64353949e-20
9.57000000e+04 1.64243554e-20
9.58000000e+04 1.64133270e-20
9.59000000e+04 1.64023099e-20
9.60000000e+04 1.63913039e-20
9.61000000e+04 1.63803093e-20
9.62000000e+04 1.63693258e-20
9.63000000e+04 1.63583536e-20
9.64000000e+04 1.63473926e-20
9.65000000e+04 1.63364428e-20
9.66000000e+04 1.63255043e-20
9.67000000e+04 1.63145770e-20
9.68000000e+04 1.63036610e-20
9.69000000e+04 1.62927562e-20
9.70000000e+04 1.62818626e-20
9.71000000e+04 1.62709803e-20
9.72000000e+04 1.62601092e-20
9.73000000e+04 1.62492494e-20
9.74000000e+04 1.62384009e-20
9.75000000e+04 1.62275636e-20
9.76000000e+04 1.62167375e-20
9.77000000e+04 1.62059227e-20
9.78000000e+04 1.61951191e-20
9.79000000e+04 1.61843268e-20
9.80000000e+04 1.61735458e-20
9.81000000e+04 1.61627760e-20
9.82000000e+04 1.61520175e-20
9.83000000e+04 1.61412702e-20
9.84000000e+04 1.61305341e-20
9.85000000e+04 1.61198093e-20
9.86000000e+04 1.61090958e-20
9.87000000e+04 1.60983935e-20
9.88000000e+04 1.60877025e-20
9.89000000e+04 1.60770227e-20
9.90000000e+04 1.60663542e-20
9.91000000e+04 1.60556969e-20
9.92000000e+04 1.60450508e-20
9.93000000e+04 1.60344160e-20
9.94000000e+04 1.60237925e-20
9.95000000e+04 1.60131801e-20
9.96000000e+04 1.60025790e-20
9.97000000e+04 1.59919892e-20
9.98000000e+04 1.59814106e-20
9.99000000e+04 1.59708432e-20
1.00000000e+05 1.59602870e-20
1.00100000e+05 1.59497421e-20
1.00200000e+05 1.59392084e-20
1.00300000e+05 1.59286859e-20
1.00400000e+05 1.59181746e-20
1.00500000e+05 1.59076746e-20
1.00600000e+05 1.58971858e-20
1.00700000e+05 1.58867081e-20
1.00800000e+05 1.58762417e-20
1.00900000e+05 1.58657865e-20
1.01000000e+05 1.58553425e-20
1.01100000e+05 1.58449097e-20
1.01200000e+05 1.58344881e-20
1.01300000e+05 1.58240776e-20
1.01400000e+05 1.58136784e-20
1.01500000e+05 1.58032903e-20
1.01600000e+05 1.57929135e-20
1.01700000e+05 1.57825478e-20
1.01800000e+05 1.57721932e-20
1.01900000e+05 1.57618499e-20
1.02000000e+05 1.57515176e-20
1.02100000e+05 1.57411966e-20
1.02200000e+05 1.57308867e-20
1.02300000e+05 1.57205880e-20
1.02400000e+05 1.57103003e-20
1.02500000e+05 1.57000239e-20
1.02600000e+05 1.56897586e-20
1.02700000e+05 1.56795044e-20
1.02800000e+05 1.56692613e-20
1.02900000e+05 1.56590293e-20
1.03000000e+05 1.56488085e-20
1.03100000e+05 1.56385988e-20
1.03200000e+05 1.56284001e-20
1.03300000e+05 1.56182126e-20
1.03400000e+05 1.56080362e-20
1.03500000e+05 1.55978708e-20
1.03600000e+05 1.55877166e-20
1.03700000e+05 1.55775734e-20
1.03800000e+05 1.55674412e-20
1.03900000e+05 1.55573202e-20
1.04000000e+05 1.55472102e-20
1.04100000e+05 1.55371112e-20
1.04200000e+05 1.55270233e-20
1.04300000e+05 1.55169465e-20
1.04400000e+05 1.55068807e-20
1.04500000e+05 1.54968259e-20
1.04600000e+05 1.54867821e-20
1.04700000e+05 1.54767493e-20
1.04800000e+05 1.54667276e-20
1.04900000e+05 1.54567168e-20
1.05000000e+05 1.54467171e-20
1.05100000e+05 1.54367283e-20
1.05200000e+05 1.54267505e-20
1.05300000e+05 1.54167837e-20
1.05400000e+05 1.54068279e-20
1.05500000e+05 1.53968830e-20
1.05600000e+05 1.53869491e-20
1.05700000e+05 1.53770261e-20
1.05800000e+05 1.53671141e-20
1.05900000e+05 1.53572129e-20
1.06000000e+05 1.53473228e-20
1.06100000e+05 1.53374435e-20
1.06200000e+05 1.53275751e-20
1.06300000e+05 1.53177177e-20
1.06400000e+05 1.53078711e-20
1.06500000e+05 1.52980355e-20
1.06600000e+05 1.52882107e-20
1.06700000e+05 1.52783968e-20
1.06800000e+05 1.52685937e-20
1.06900000e+05 1.52588015e-20
1.07000000e+05 1.52490202e-20
1.07100000e+05 1.52392497e-20
1.07200000e+05 1.52294900e-20
1.07300000e+05 1.52197411e-20
1.07400000e+05 1.52100031e-20
1.07500000e+05 1.52002759e-20
1.07600000e+05 1.51905595e-20
1.07700000e+05 1.51808538e-20
1.07800000e+05 1.51711590e-20
1.07900000e+05 1.51614749e-20
1.08000000e+05 1.51518016e-20
1.08100000e+05 1.51421391e-20
1.08200000e+05 1.51324873e-20
1.08300000e+05 1.51228462e-20
1.08400000e+05 1.51132159e-20
1.08500000e+05 1.51035963e-20
1.08600000e+05 1.50939875e-20
1.08700000e+05 1.50843893e-20
1.08800000e+05 1.50748018e-20
1.08900000e+05 1.50652250e-20
1.09000000e+05 1.50556589e-20
1.09100000e+05 1.50461035e-20
1.09200000e+05 1.50365588e-20
1.09300000e+05 1.50270246e-20
1.09400000e+05 1.50175012e-20
1.09500000e+05 1.50079884e-20
1.09600000e+05 1.49984862e-20
1.09700000e+05 1.49889946e-20
1.09800000e+05 1.49795136e-20
1.09900000e+05 1.49700432e-20
1.10000000e+05 1.49605834e-20
1.10100000e+05 1.49511342e-20
1.10200000e+05 1.49416956e-20
1.10300000e+05 1.49322675e-20
1.10400000e+05 1.49228500e-20
1.10500000e+05 1.49134430e-20
1.10600000e+05 1.49040466e-20
1.10700000e+05 1.48946607e-20
1.10800000e+05 1.48852853e-20
1.10900000e+05 1.48759204e-20
1.11000000e+05 1.48665660e-20
1.11100000e+05 1.48572221e-20
1.11200000e+05 1.48478886e-20
1.11300000e+05 1.48385657e-20
1.11400000e+05 1.48292532e-20
1.11500000e+05 1.48199511e-20
1.11600000e+05 1.48106595e-20
1.11700000e+05 1.48013783e-20
1.11800000e+05 1.47921075e-20
1.11900000e+05 1.47828471e-20
1.12000000e+05 1.47735971e-20
1.12100000e+05 1.47643575e-20
1.12200000e+05 1.47551283e-20
1.12300000e+05 1.47459095e-20
1.12400000e+05 1.47367010e-20
1.12500000e+05 1.47275029e-20
1.12600000e+05 1.47183151e-20
1.12700000e+05 1.47091376e-20
1.12800000e+05 1.46999704e-20
1.12900000e+05 1.46908136e-20
1.13000000e+05 1.46816670e-20
1.13100000e+05 1.46725308e-20
1.13200000e+05 1.46634048e-20
1.13300000e+05 1.46542890e-20
1.13400000e+05 1.46451836e-20
1.13500000e+05 1.46360883e-20
1.13600000e+05 1.46270034e-20
1.13700000e+05 1.46179286e-20
1.13800000e+05 1.46088640e-20
1.13900000e+05 1.45998097e-20
1.14000000e+05 1.45907655e-20
1.14100000e+05 1.45817316e-20
1.14200000e+05 1.45727078e-20
1.14300000e+05 1.45636941e-20
1.14400000e+05 1.45546907e-20
1.14500000e+05 1.45456973e-20
1.14600000e+05 1.45367141e-20
1.14700000e+05 1.45277410e-20
1.14800000e+05 1.45187780e-20
1.14900000e+05 1.45098251e-20
1.15000000e+05 1.45008823e-20
1.15100000e+05 1.44919496e-20
1.15200000e+05 1.44830270e-20
1.15300000e+05 1.44741144e-20
1.15400000e+05 1.44652118e-20
1.15500000e+05 1.44563193e-20
1.15600000e+05 1.44474368e-20
1.15700000e+05 1.44385643e-20
1.15800000e+05 1.44297018e-20
1.15900000e+05 1.44208493e-20
1.16000000e+05 1.44120068e-20
1.16100000e+05 1.44031742e-20
1.16200000e+05 1.43943517e-20
1.16300000e+05 1.43855390e-20
1.16400000e+05 1.43767363e-20
1.16500000e+05 1.43679435e-20
1.16600000e+05 1.43591607e-20
1.16700000e+05 1.43503877e-20
1.16800000e+05 1.43416246e-20
1.16900000e+05 1.43328715e-20
1.17000000e+05 1.43241281e-20
1.17100000e+05 1.43153947e-20
1.17200000e+05 1.43066711e-20
1.17300000e+05 1.42979573e-20
1.17400000e+05 1.42892534e-20
1.17500000e+05 1.42805592e-20
1.17600000e+05 1.42718749e-20
1.17700000e+05 1.42632004e-20
1.17800000e+05 1.42545356e-20
1.17900000e+05 1.42458806e-20
1.18000000e+05 1.42372354e-20
1.18100000e+05 1.42286000e-20
1.18200000e+05 1.42199742e-20
1.18300000e+05 1.42113582e-20
1.18400000e+05 1.42027519e-20
1.18500000e+05 1.41941554e-20
1.18600000e+05 1.41855685e-20
1.18700000e+05 1.41769912e-20
1.18800000e+05 1.41684237e-20
1.18900000e+05 1.41598658e-20
1.19000000e+05 1.41513176e-20
1.19100000e+05 1.41427790e-20
1.19200000e+05 1.41342500e-20
1.19300000e+05 1.41257307e-20
1.19400000e+05 1.41172209e-20
1.19500000e+05 1.41087208e-20
1.19600000e+05 1.41002302e-20
1.19700000e+05 1.40917492e-20
1.19800000e+05 1.40832777e-20
1.19900000e+05 1.40748158e-20
1.20000000e+05 1.40663635e-20
1.20100000e+05 1.40579206e-20
1.20200000e+05 1.40494873e-20
1.20300000e+05 1.40410635e-20
1.20400000e+05 1.40326491e-20
1.20500000e+05 1.40242443e-20
1.20600000e+05 1.40158489e-20
1.20700000e+05 1.40074629e-20
1.20800000e+05 1.39990864e-20
1.20900000e+05 1.39907194e-20
1.21000000e+05 1.39823618e-20
1.21100000e+05 1.39740135e-20
1.21200000e+05 1.39656747e-20
1.21300000e+05 1.39573453e-20
1.21400000e+05 1.39490252e-20
1.21500000e+05 1.39407145e-20
1.21600000e+05 1.39324132e-20
1.21700000e+05 1.39241212e-20
1.21800000e+05 1.39158385e-20
1.21900000e+05 1.39075652e-20
1.22000000e+05 1.38993012e-20
1.22100000e+05 1.38910464e-20
1.22200000e+05 1.38828010e-20
1.22300000e+05 1.38745648e-20
1.22400000e+05 1.38663379e-20
1.22500000e+05 1.38581202e-20
1.22600000e+05 1.38499118e-20
1.22700000e+05 1.38417126e-20
1.22800000e+05 1.38335226e-20
1.22900000e+05 1.38253419e-20
1.23000000e+05 1.38171703e-20
1.23100000e+05 1.38090079e-20
1.23200000e+05 1.38008547e-20
1.23300000e+05 1.37927106e-20
1.23400000e+05 1.37845757e-20
1.23500000e+05 1.37764499e-20
1.23600000e+05 1.37683333e-20
1.23700000e+05 1.37602258e-20
1.23800000e+05 1.37521273e-20
1.23900000e+05 1.37440380e-20
1.24000000e+05 1.37359578e-20
1.24100000e+05 1.37278866e-20
1.24200000e+05 1.37198244e-20
1.24300000e+05 1.37117714e-20
1.24400000e+05 1.37037273e-20
1.24500000e+05 1.36956923e-20
1.24600000e+05 1.36876663e-20
1.24700000e+05 1.36796493e-20
1.24800000e+05 1.36716413e-20
1.24900000e+05 1.36636422e-20
1.25000000e+05 1.36556522e-20
1.25100000e+05 1.36476710e-20
1.25200000e+05 1.36396989e-20
1.25300000e+05 1.36317356e-20
1.25400000e+05 1.36237813e-20
1.25500000e+05 1.36158359e-20
1.25600000e+05 1.36078994e-20
1.25700000e+05 1.35999718e-20
1.25800000e+05 1.35920530e-20
1.25900000e+05 1.35841431e-20
1.26000000e+05 1.35762421e-20
1.26100000e+05 1.35683499e-20
1.26200000e+05 1.35604665e-20
1.26300000e+05 1.35525920e-20
1.26400000e+05 1.35447263e-20
1.26500000e+05 1.35368693e-20
1.26600000e+05 1.35290212e-20
1.26700000e+05 1.35211818e-20
1.26800000e+05 1.35133512e-20
1.26900000e+05 1.35055293e-20
1.27000000e+05 1.34977162e-20
1.27100000e+05 1.34899118e-20
1.27200000e+05 1.34821161e-20
1.27300000e+05 1.34743291e-20
1.27400000e+05 1.34665508e-20
1.27500000e+05 1.34587812e-20
1.27600000e+05 1.34510203e-20
1.27700000e+05 1.34432680e-20
1.27800000e+05 1.34355244e-20
1.27900000e+05 1.34277894e-20
1.28000000e+05 1.34200630e-20
1.28100000e+05 1.34123453e-20
1.28200000e+05 1.34046362e-20
1.28300000e+05 1.33969356e-20
1.28400000e+05 1.33892436e-20
1.28500000e+05 1.33815602e-20
1.28600000e+05 1.33738854e-20
1.28700000e+05 1.33662191e-20
1.28800000e+05 1.33585614e-20
1.28900000e+05 1.33509121e-20
1.29000000e+05 1.33432714e-20
1.29100000e+05 1.33356392e-20
1.29200000e+05 1.33280155e-20
1.29300000e+05 1.33204002e-20
1.29400000e+05 1.33127935e-20
1.29500000e+05 1.33051951e-20
1.29600000e+05 1.32976053e-20
1.29700000e+05 1.32900238e-20
1.29800000e+05 1.32824508e-20
1.29900000e+05 1.32748862e-20
1.30000000e+05 1.32673300e-20
1.30100000e+05 1.32597822e-20
1.30200000e+05 1.32522428e-20
1.30300000e+05 1.32447117e-20
1.30400000e+05 1.32371890e-20
1.30500000e+05 1.32296746e-20
1.30600000e+05 1.32221686e-20
1.30700000e+05 1.32146709e-20
1.30800000e+05 1.32071815e-20
1.30900000e+05 1.31997004e-20
1.31000000e+05 1.31922276e-20
1.31100000e+05 1.31847631e-20
1.31200000e+05 1.31773069e-20
1.31300000e+05 1.31698589e-20
1.31400000e+05 1.31624191e-20
1.31500000e+05 1.31549876e-20
1.31600000e+05 1.31475643e-20
1.31700000e+05 1.31401492e-20
1.31800000e+05 1.31327424e-20
1.31900000e+05 1.31253437e-20
1.32000000e+05 1.31179532e-20
1.32100000e+05 1.31105708e-20
1.32200000e+05 1.31031967e-20
1.32300000e+05 1.30958306e-20
1.32400000e+05 1.30884727e-20
1.32500000e+05 1.30811230e-20
1.32600000e+05 1.30737813e-20
1.32700000e+05 1.30664477e-20
1.32800000e+05 1.30591223e-20
1.32900000e+05 1.30518049e-20
1.33000000e+05 1.30444956e-20
1.33100000e+05 1.30371943e-20
1.33200000e+05 1.30299011e-20
1.33300000e+05 1.30226159e-20
1.33400000e+05 1.30153388e-20
1.33500000e+05 1.30080697e-20
1.33600000e+05 1.30008085e-20
1.33700000e+05 1.29935554e-20
1.33800000e+05 1.29863103e-20
1.33900000e+05 1.29790731e-20
1.34000000e+05 1.29718439e-20
1.34100000e+05 1.29646226e-20
1.34200000e+05 1.29574093e-20
1.34300000e+05 1.29502039e-20
1.34400000e+05 1.29430064e-20
1.34500000e+05 1.29358168e-20
1.34600000e+05 1.29286351e-20
1.34700000e+05 1.29214613e-20
1.34800000e+05 1.29142954e-20
1.34900000e+05 1.29071374e-20
1.35000000e+05 1.28999872e-20
1.35100000e+05 1.28928448e-20
1.35200000e+05 1.28857103e-20
1.35300000e+05 1.28785836e-20
1.35400000e+05 1.28714647e-20
1.35500000e+05 1.28643536e-20
1.35600000e+05 1.28572503e-20
1.35700000e+05 1.28501547e-20
1.35800000e+05 1.28430670e-20
1.35900000e+05 1.28359870e-20
1.36000000e+05 1.28289147e-20
1.36100000e+05 1.28218502e-20
1.36200000e+05 1.28147934e-20
1.36300000e+05 1.28077443e-20
1.36400000e+05 1.28007029e-20
1.36500000e+05 1.27936692e-20
1.36600000e+05 1.27866432e-20
1.36700000e+05 1.27796249e-20
1.36800000e+05 1.27726142e-20
1.36900000e+05 1.27656112e-20
1.37000000e+05 1.27586158e-20
1.37100000e+05 1.27516280e-20
1.37200000e+05 1.27446479e-20
1.37300000e+05 1.27376754e-20
1.37400000e+05 1.27307105e-20
1.37500000e+05 1.27237531e-20
1.37600000e+05 1.27168034e-20
1.37700000e+05 1.27098612e-20
1.37800000e+05 1.27029265e-20
1.37900000e+05 1.26959994e-20
1.38000000e+05 1.26890799e-20
1.38100000e+05 1.26821678e-20
1.38200000e+05 1.26752633e-20
1.38300000e+05 1.26683663e-20
1.38400000e+05 1.26614768e-20
1.38500000e+05 1.26545948e-20
1.38600000e+05 1.26477202e-20
1.38700000e+05 1.26408531e-20
1.38800000e+05 1.26339934e-20
1.38900000e+05 1.26271412e-20
1.39000000e+05 1.26202965e-20
1.39100000e+05 1.26134591e-20
1.39200000e+05 1.26066292e-20
1.39300000e+05 1.25998066e-20
1.39400000e+05 1.25929915e-20
1.39500000e+05 1.25861837e-20
1.39600000e+05 1.25793833e-20
1.39700000e+05 1.25725903e-20
1.39800000e+05 1.25658046e-20
1.39900000e+05 1.25590262e-20
1.40000000e+05 1.25522552e-20
1.40100000e+05 1.25454915e-20
1.40200000e+05 1.25387351e-20
1.40300000e+05 1.25319860e-20
1.40400000e+05 1.25252442e-20
1.40500000e+05 1.25185097e-20
1.40600000e+05 1.25117824e-20
1.40700000e+05 1.25050624e-20
1.40800000e+05 1.24983497e-20
1.40900000e+05 1.24916442e-20
1.41000000e+05 1.24849459e-20
1.41100000e+05 1.24782548e-20
1.41200000e+05 1.24715710e-20
1.41300000e+05 1.24648943e-20
1.41400000e+05 1.24582248e-20
1.41500000e+05 1.24515625e-20
1.41600000e+05 1.24449074e-20
1.41700000e+05 1.24382594e-20
1.41800000e+05 1.24316186e-20
1.41900000e+05 1.24249849e-20
1.42000000e+05 1.24183583e-20
1.42100000e+05 1.24117389e-20
1.42200000e+05 1.24051266e-20
1.42300000e+05 1.23985213e-20
1.42400000e+05 1.23919232e-20
1.42500000e+05 1.23853321e-20
1.42600000e+05 1.23787481e-20
1.42700000e+05 1.23721712e-20
1.42800000e+05 1.23656013e-20
1.42900000e+05 1.23590384e-20
1.43000000e+05 1.23524826e-20
1.43100000e+05 1.23459338e-20
1.43200000e+05 1.23393920e-20
1.43300000e+05 1.23328572e-20
1.43400000e+05 1.23263294e-20
1.43500000e+05 1.23198085e-20
1.43600000e+05 1.23132947e-20
1.43700000e+05 1.23067878e-20
1.43800000e+05 1.23002878e-20
1.43900000e+05 1.22937948e-20
1.44000000e+05 1.22873087e-20
1.44100000e+05 1.22808296e-20
1.44200000e+05 1.22743573e-20
1.44300000e+05 1.22678920e-20
1.44400000e+05 1.22614335e-20
1.44500000e+05 1.22549820e-20
1.44600000e+05 1.22485373e-20
1.44700000e+05 1.22420994e-20
1.44800000e+05 1.22356685e-20
1.44900000e+05 1.22292443e-20
1.45000000e+05 1.22228270e-20
1.45100000e+05 1.22164166e-20
1.45200000e+05 1.22100129e-20
1.45300000e+05 1.22036160e-20
1.45400000e+05 1.21972260e-20
1.45500000e+05 1.21908427e-20
1.45600000e+05 1.21844662e-20
1.45700000e+05 1.21780965e-20
1.45800000e+05 1.21717335e-20
1.45900000e+05 1.21653773e-20
1.46000000e+05 1.21590278e-20
1.46100000e+05 1.21526851e-20
1.46200000e+05 1.21463490e-20
1.46300000e+05 1.21400197e-20
1.46400000e+05 1.21336971e-20
1.46500000e+05 1.21273812e-20
1.46600000e+05 1.21210719e-20
1.46700000e+05 1.21147694e-20
1.46800000e+05 1.21084735e-20
1.46900000e+05 1.21021842e-20
1.47000000e+05 1.20959016e-20
1.47100000e+05 1.20896256e-20
1.47200000e+05 1.20833563e-20
1.47300000e+05 1.20770936e-20
1.47400000e+05 1.20708374e-20
1.47500000e+05 1.20645879e-20
1.47600000e+05 1.20583450e-20
1.47700000e+05 1.20521086e-20
1.47800000e+05 1.20458789e-20
1.47900000e+05 1.20396556e-20
1.48000000e+05 1.20334390e-20
1.48100000e+05 1.20272289e-20
1.48200000e+05 1.20210253e-20
1.48300000e+05 1.20148282e-20
1.48400000e+05 1.20086377e-20
1.48500000e+05 1.20024536e-20
1.48600000e+05 1.19962761e-20
1.48700000e+05 1.19901050e-20
1.48800000e+05 1.19839404e-20
1.48900000e+05 1.19777823e-20
1.49000000e+05 1.19716307e-20
1.49100000e+05 1.19654855e-20
1.49200000e+05 1.19593468e-20
1.49300000e+05 1.19532144e-20
1.49400000e+05 1.19470885e-20
1.49500000e+05 1.19409691e-20
1.49600000e+05 1.19348560e-20
1.49700000e+05 1.19287493e-20
1.49800000e+05 1.19226490e-20
1.49900000e+05 1.19165551e-20
1.50000000e+05 1.19104676e-20
1.50100000e+05 1.19043864e-20
1.50200000e+05 1.18983116e-20
1.50300000e+05 1.18922431e-20
1.50400000e+05 1.18861810e-20
1.50500000e+05 1.18801252e-20
1.50600000e+05 1.18740757e-20
1.50700000e+05 1.18680325e-20
1.50800000e+05 1.18619956e-20
1.50900000e+05 1.18559650e-20
1.51000000e+05 1.18499407e-20
1.51100000e+05 1.18439227e-20
1.51200000e+05 1.18379109e-20
1.51300000e+05 1.18319054e-20
1.51400000e+05 1.18259061e-20
1.51500000e+05 1.18199130e-20
1.51600000e+05 1.18139262e-20
1.51700000e+05 1.18079456e-20
1.51800000e+05 1.18019713e-20
1.51900000e+05 1.17960031e-20
1.52000000e+05 1.17900411e-20
1.52100000e+05 1.17840853e-20
1.52200000e+05 1.17781357e-20
1.52300000e+05 1.17721922e-20
1.52400000e+05 1.17662549e-20
1.52500000e+05 1.17603238e-20
1.52600000e+05 1.17543988e-20
1.52700000e+05 1.17484799e-20
1.52800000e+05 1.17425672e-20
1.52900000e+05 1.17366606e-20
1.53000000e+05 1.17307600e-20
1.53100000e+05 1.17248656e-20
1.53200000e+05 1.17189773e-20
1.53300000e+05 1.17130950e-20
1.53400000e+05 1.17072189e-20
1.53500000e+05 1.17013488e-20
1.53600000e+05 1.16954847e-20
1.53700000e+05 1.16896267e-20
1.53800000e+05 1.16837747e-20
1.53900000e+05 1.16779288e-20
1.54000000e+05 1.16720889e-20
1.54100000e+05 1.16662550e-20
1.54200000e+05 1.16604271e-20
1.54300000e+05 1.16546052e-20
1.54400000e+05 1.16487893e-20
1.54500000e+05 1.16429793e-20
1.54600000e+05 1.16371754e-20
1.54700000e+05 1.16313774e-20
1.54800000e+05 1.16255854e-20
1.54900000e+05 1.16197993e-20
1.55000000e+05 1.16140191e-20
1.55100000e+05 1.16082449e-20
1.55200000e+05 1.16024766e-20
1.55300000e+05 1.15967142e-20
1.55400000e+05 1.15909577e-20
1.55500000e+05 1.15852071e-20
1.55600000e+05 1.15794624e-20
1.55700000e+05 1.15737236e-20
1.55800000e+05 1.15679907e-20
1.55900000e+05 1.15622636e-20
1.56000000e+05 1.15565423e-20
1.56100000e+05 1.15508270e-20
1.56200000e+05 1.15451174e-20
1.56300000e+05 1.15394137e-20
1.56400000e+05 1.15337158e-20
1.56500000e+05 1.15280238e-20
1.56600000e+05 1.15223375e-20
1.56700000e+05 1.15166570e-20
1.56800000e+05 1.15109823e-20
1.56900000e+05 1.15053134e-20
1.57000000e+05 1.14996503e-20
1.57100000e+05 1.14939930e-20
1.57200000e+05 1.14883414e-20
1.57300000e+05 1.14826955e-20
1.57400000e+05 1.14770554e-20
1.57500000e+05 1.14714210e-20
1.57600000e+05 1.14657924e-20
1.57700000e+05 1.14601695e-20
1.57800000e+05 1.14545523e-20
1.57900000e+05 1.14489407e-20
1.58000000e+05 1.14433349e-20
1.58100000e+05 1.14377348e-20
1.58200000e+05 1.14321403e-20
1.58300000e+05 1.14265515e-20
1.58400000e+05 1.14209684e-20
1.58500000e+05 1.14153909e-20
1.58600000e+05 1.14098191e-20
1.58700000e+05 1.14042529e-20
1.58800000e+05 1.13986923e-20
1.58900000e+05 1.13931374e-20
1.59000000e+05 1.13875881e-20
1.59100000e+05 1.13820444e-20
1.59200000e+05 1.13765062e-20
1.59300000e+05 1.13709737e-20
1.59400000e+05 1.13654468e-20
1.59500000e+05 1.13599254e-20
1.59600000e+05 1.13544096e-20
1.59700000e+05 1.13488994e-20
1.59800000e+05 1.13433947e-20
1.59900000e+05 1.13378955e-20
1.60000000e+05 1.13324019e-20
1.60100000e+05 1.13269138e-20
1.60200000e+05 1.13214313e-20
1.60300000e+05 1.13159542e-20
1.60400000e+05 1.13104827e-20
1.60500000e+05 1.13050167e-20
1.60600000e+05 1.12995561e-20
1.60700000e+05 1.12941011e-20
1.60800000e+05 1.12886515e-20
1.60900000e+05 1.12832073e-20
1.61000000e+05 1.12777687e-20
1.61100000e+05 1.12723355e-20
1.61200000e+05 1.12669077e-20
1.61300000e+05 1.12614854e-20
1.61400000e+05 1.12560685e-20
1.61500000e+05 1.12506570e-20
1.61600000e+05 1.12452509e-20
1.61700000e+05 1.12398503e-20
1.61800000e+05 1.12344550e-20
1.61900000e+05 1.12290651e-20
1.62000000e+05 1.12236807e-20
1.62100000e+05 1.12183016e-20
1.62200000e+05 1.12129278e-20
1.62300000e+05 1.12075595e-20
1.62400000e+05 1.12021964e-20
1.62500000e+05 1.11968388e-20
1.62600000e+05 1.11914864e-20
1.62700000e+05 1.11861394e-20
1.62800000e+05 1.11807978e-20
1.62900000e+05 1.11754614e-20
1.63000000e+05 1.11701304e-20
1.63100000e+05 1.11648046e-20
1.63200000e+05 1.11594842e-20
1.63300000e+05 1.11541690e-20
1.63400000e+05 1.11488591e-20
1.63500000e+05 1.11435545e-20
1.63600000e+05 1.11382552e-20
1.63700000e+05 1.11329611e-20
1.63800000e+05 1.11276723e-20
1.63900000e+05 1.11223887e-20
1.64000000e+05 1.11171103e-20
1.64100000e+05 1.11118372e-20
1.64200000e+05 1.11065693e-20
1.64300000e+05 1.11013066e-20
1.64400000e+05 1.10960491e-20
1.64500000e+05 1.10907969e-20
1.64600000e+05 1.10855498e-20
1.64700000e+05 1.10803079e-20
1.64800000e+05 1.10750712e-20
1.64900000e+05 1.10698396e-20
1.65000000e+05 1.10646132e-20
1.65100000e+05 1.10593920e-20
1.65200000e+05 1.10541759e-20
1.65300000e+05 1.10489650e-20
1.65400000e+05 1.10437592e-20
1.65500000e+05 1.10385586e-20
1.65600000e+05 1.10333630e-20
1.65700000e+05 1.10281726e-20
1.65800000e+05 1.10229873e-20
1.65900000e+05 1.10178070e-20
1.66000000e+05 1.10126319e-20
1.66100000e+05 1.10074619e-20
1.66200000e+05 1.10022969e-20
1.66300000e+05 1.09971370e-20
1.66400000e+05 1.09919822e-20
1.66500000e+05 1.09868324e-20
1.66600000e+05 1.09816877e-20
1.66700000e+05 1.09765481e-20
1.66800000e+05 1.09714134e-20
1.66900000e+05 1.09662838e-20
1.67000000e+05 1.09611593e-20
1.67100000e+05 1.09560397e-20
1.67200000e+05 1.09509252e-20
1.67300000e+05 1.09458156e-20
1.67400000e+05 1.09407111e-20
1.67500000e+05 1.09356115e-20
1.67600000e+05 1.09305169e-20
1.67700000e+05 1.09254273e-20
1.67800000e+05 1.09203427e-20
1.67900000e+05 1.09152630e-20
1.68000000e+05 1.09101883e-20
1.68100000e+05 1.09051185e-20
1.68200000e+05 1.09000537e-20
1.68300000e+05 1.08949938e-20
1.68400000e+05 1.08899389e-20
1.68500000e+05 1.08848888e-20
1.68600000e+05 1.08798437e-20
1.68700000e+05 1.08748035e-20
1.68800000e+05 1.08697681e-20
1.68900000e+05 1.08647377e-20
1.69000000e+05 1.08597122e-20
1.69100000e+05 1.08546915e-20
1.69200000e+05 1.08496757e-20
1.69300000e+05 1.08446648e-20
1.69400000e+05 1.08396587e-20
1.69500000e+05 1.08346575e-20
1.69600000e+05 1.08296612e-20
1.69700000e+05 1.08246697e-20
1.69800000e+05 1.08196830e-20
1.69900000e+05 1.08147011e-20
1.70000000e+05 1.08097241e-20
1.70100000e+05 1.08047519e-20
1.70200000e+05 1.07997845e-20
1.70300000e+05 1.07948218e-20
1.70400000e+05 1.07898640e-20
1.70500000e+05 1.07849110e-20
1.70600000e+05 1.07799627e-20
1.70700000e+05 1.07750193e-20
1.70800000e+05 1.07700806e-20
1.70900000e+05 1.07651466e-20
1.71000000e+05 1.07602174e-20
1.71100000e+05 1.07552930e-20
1.71200000e+05 1.07503733e-20
1.71300000e+05 1.07454583e-20
1.71400000e+05 1.07405481e-20
1.71500000e+05 1.07356426e-20
1.71600000e+05 1.07307418e-20
1.71700000e+05 1.07258457e-20
1.71800000e+05 1.07209543e-20
1.71900000e+05 1.07160676e-20
1.72000000e+05 1.07111856e-20
1.72100000e+05 1.07063083e-20
1.72200000e+05 1.07014357e-20
1.72300000e+05 1.06965677e-20
1.72400000e+05 1.06917044e-20
1.72500000e+05 1.06868458e-20
1.72600000e+05 1.06819918e-20
1.72700000e+05 1.06771424e-20
1.72800000e+05 1.06722977e-20
1.72900000e+05 1.06674577e-20
1.73000000e+05 1.06626222e-20
1.73100000e+05 1.06577914e-20
1.73200000e+05 1.06529652e-20
1.73300000e+05 1.06481436e-20
1.73400000e+05 1.06433266e-20
1.73500000e+05 1.06385142e-20
1.73600000e+05 1.06337064e-20
1.73700000e+05 1.06289032e-20
1.73800000e+05 1.06241045e-20
1.73900000e+05 1.06193104e-20
1.74000000e+05 1.06145209e-20
1.74100000e+05 1.06097360e-20
1.74200000e+05 1.06049555e-20
1.74300000e+05 1.06001797e-20
1.74400000e+05 1.05954084e-20
1.74500000e+05 1.05906416e-20
1.74600000e+05 1.05858793e-20
1.74700000e+05 1.05811216e-20
1.74800000e+05 1.05763683e-20
1.74900000e+05 1.05716196e-20
1.75000000e+05 1.05668754e-20
1.75100000e+05 1.05621357e-20
1.75200000e+05 1.05574005e-20
1.75300000e+05 1.05526697e-20
1.75400000e+05 1.05479435e-20
1.75500000e+05 1.05432217e-20
1.75600000e+05 1.05385044e-20
1.75700000e+05 1.05337915e-20
1.75800000e+05 1.05290831e-20
1.75900000e+05 1.05243791e-20
1.76000000e+05 1.05196796e-20
1.76100000e+05 1.05149845e-20
1.76200000e+05 1.05102939e-20
1.76300000e+05 1.05056077e-20
1.76400000e+05 1.05009258e-20
1.76500000e+05 1.04962484e-20
1.76600000e+05 1.04915755e-20
1.76700000e+05 1.04869069e-20
1.76800000e+05 1.04822427e-20
1.76900000e+05 1.04775829e-20
1.77000000e+05 1.04729274e-20
1.77100000e+05 1.04682764e-20
1.77200000e+05 1.04636297e-20
1.77300000e+05 1.04589874e-20
1.77400000e+05 1.04543495e-20
1.77500000e+05 1.04497159e-20
1.77600000e+05 1.04450866e-20
1.77700000e+05 1.04404617e-20
1.77800000e+05 1.04358411e-20
1.77900000e+05 1.04312249e-20
1.78000000e+05 1.04266130e-20
1.78100000e+05 1.04220054e-20
1.78200000e+05 1.04174021e-20
1.78300000e+05 1.04128031e-20
1.78400000e+05 1.04082084e-20
1.78500000e+05 1.04036180e-20
1.78600000e+05 1.03990319e-20
1.78700000e+05 1.03944501e-20
1.78800000e+05 1.03898726e-20
1.78900000e+05 1.03852993e-20
1.79000000e+05 1.03807303e-20
1.79100000e+05 1.03761656e-20
1.79200000e+05 1.03716051e-20
1.79300000e+05 1.03670489e-20
1.79400000e+05 1.03624969e-20
1.79500000e+05 1.03579491e-20
1.79600000e+05 1.03534056e-20
1.79700000e+05 1.03488663e-20
1.79800000e+05 1.03443313e-20
1.79900000e+05 1.03398004e-20
1.80000000e+05 1.03352737e-20
1.80100000e+05 1.03307513e-20
1.80200000e+05 1.03262331e-20
1.80300000e+05 1.03217190e-20
1.80400000e+05 1.03172091e-20
1.80500000e+05 1.03127035e-20
1.80600000e+05 1.03082020e-20
1.80700000e+05 1.03037046e-20
1.80800000e+05 1.02992114e-20
1.80900000e+05 1.02947224e-20
1.81000000e+05 1.02902376e-20
1.81100000e+05 1.02857569e-20
1.81200000e+05 1.02812803e-20
1.81300000e+05 1.02768079e-20
1.81400000e+05 1.02723396e-20
1.81500000e+05 1.02678754e-20
1.81600000e+05 1.02634153e-20
1.81700000e+05 1.02589594e-20
1.81800000e+05 1.02545076e-20
1.81900000e+05 1.02500599e-20
1.82000000e+05 1.02456162e-20
1.82100000e+05 1.02411767e-20
1.82200000e+05 1.02367413e-20
1.82300000e+05 1.02323099e-20
1.82400000e+05 1.02278826e-20
1.82500000e+05 1.02234594e-20
1.82600000e+05 1.02190402e-20
1.82700000e+05 1.02146252e-20
1.82800000e+05 1.02102141e-20
1.82900000e+05 1.02058071e-20
1.83000000e+05 1.02014042e-20
1.83100000e+05 1.01970053e-20
1.83200000e+05 1.01926104e-20
1.83300000e+05 1.01882196e-20
1.83400000e+05 1.01838328e-20
1.83500000e+05 1.01794500e-20
1.83600000e+05 1.01750712e-20
1.83700000e+05 1.01706964e-20
1.83800000e+05 1.01663257e-20
1.83900000e+05 1.01619589e-20
1.84000000e+05 1.01575961e-20
1.84100000e+05 1.01532373e-20
1.84200000e+05 1.01488825e-20
1.84300000e+05 1.01445317e-20
1.84400000e+05 1.01401848e-20
1.84500000e+05 1.01358419e-20
1.84600000e+05 1.01315029e-20
1.84700000e+05 1.01271679e-20
1.84800000e+05 1.01228369e-20
1.84900000e+05 1.01185098e-20
1.85000000e+05 1.01141866e-20
1.85100000e+05 1.01098674e-20
1.85200000e+05 1.01055521e-20
1.85300000e+05 1.01012407e-20
1.85400000e+05 1.00969333e-20
1.85500000e+05 1.00926297e-20
1.85600000e+05 1.00883301e-20
1.85700000e+05 1.00840344e-20
1.85800000e+05 1.00797425e-20
1.85900000e+05 1.00754546e-20
1.86000000e+05 1.00711705e-20
1.86100000e+05 1.00668904e-20
1.86200000e+05 1.00626141e-20
1.86300000e+05 1.00583416e-20
1.86400000e+05 1.00540731e-20
1.86500000e+05 1.00498084e-20
1.86600000e+05 1.00455475e-20
1.86700000e+05 1.00412906e-20
1.86800000e+05 1.00370374e-20
1.86900000e+05 1.00327881e-20
1.87000000e+05 1.00285427e-20
1.87100000e+05 1.00243010e-20
1.87200000e+05 1.00200632e-20
1.87300000e+05 1.00158292e-20
1.87400000e+05 1.00115991e-20
1.87500000e+05 1.00073727e-20
1.87600000e+05 1.00031502e-20
1.87700000e+05 9.99893142e-21
1.87800000e+05 9.99471647e-21
1.87900000e+05 9.99050531e-21
1.88000000e+05 9.98629794e-21
1.88100000e+05 9.98209435e-21
1.88200000e+05 9.97789454e-21
1.88300000e+05 9.97369850e-21
1.88400000e+05 9.96950622e-21
1.88500000e+05 9.96531771e-21
1.88600000e+05 9.96113295e-21
1.88700000e+05 9.95695195e-21
1.88800000e+05 9.95277469e-21
1.88900000e+05 9.94860118e-21
1.89000000e+05 9.94443140e-21
1.89100000e+05 9.94026536e-21
1.89200000e+05 9.93610304e-21
1.89300000e+05 9.93194445e-21
1.89400000e+05 9.92778957e-21
1.89500000e+05 9.92363841e-21
1.89600000e+05 9.91949096e-21
1.89700000e+05 9.91534721e-21
1.89800000e+05 9.91120716e-21
1.89900000e+05 9.90707080e-21
1.90000000e+05 9.90293813e-21
1.90100000e+05 9.89880915e-21
1.90200000e+05 9.89468384e-21
1.90300000e+05 9.89056221e-21
1.90400000e+05 9.88644425e-21
1.90500000e+05 9.88232996e-21
1.90600000e+05 9.87821932e-21
1.90700000e+05 9.87411234e-21
1.90800000e+05 9.87000902e-21
1.90900000e+05 9.86590934e-21
1.91000000e+05 9.86181330e-21
1.91100000e+05 9.85772089e-21
1.91200000e+05 9.85363212e-21
1.91300000e+05 9.84954698e-21
1.91400000e+05 9.84546546e-21
1.91500000e+05 9.84138756e-21
1.91600000e+05 9.83731327e-21
1.91700000e+05 9.83324259e-21
1.91800000e+05 9.82917551e-21
1.91900000e+05 9.82511203e-21
1.92000000e+05 9.82105215e-21
1.92100000e+05 9.81699586e-21
1.92200000e+05 9.81294315e-21
1.92300000e+05 9.80889402e-21
1.92400000e+05 9.80484847e-21
1.92500000e+05 9.80080649e-21
1.92600000e+05 9.79676808e-21
1.92700000e+05 9.79273323e-21
1.92800000e+05 9.78870194e-21
1.92900000e+05 9.78467420e-21
1.93000000e+05 9.78065001e-21
1.93100000e+05 9.77662936e-21
1.93200000e+05 9.77261226e-21
1.93300000e+05 9.76859868e-21
1.93400000e+05 9.76458864e-21
1.93500000e+05 9.76058213e-21
1.93600000e+05 9.75657913e-21
1.93700000e+05 9.75257965e-21
1.93800000e+05 9.74858369e-21
1.93900000e+05 9.74459123e-21
1.94000000e+05 9.74060227e-21
1.94100000e+05 9.73661682e-21
1.94200000e+05 9.73263486e-21
1.94300000e+05 9.72865638e-21
1.94400000e+05 9.72468140e-21
1.94500000e+05 9.72070989e-21
1.94600000e+05 9.71674186e-21
1.94700000e+05 9.71277730e-21
1.94800000e+05 9.70881621e-21
1.94900000e+05 9.70485858e-21
1.95000000e+05 9.70090441e-21
1.95100000e+05 9.69695370e-21
1.95200000e+05 9.69300643e-21
1.95300000e+05 9.68906261e-21
1.95400000e+05 9.68512223e-21
1.95500000e+05 9.68118529e-21
1.95600000e+05 9.67725178e-21
1.95700000e+05 9.67332169e-21
1.95800000e+05 9.66939503e-21
1.95900000e+05 9.66547179e-21
1.96000000e+05 9.66155197e-21
1.96100000e+05 9.65763555e-21
1.96200000e+05 9.65372254e-21
1.96300000e+05 9.64981293e-21
1.96400000e+05 9.64590672e-21
1.96500000e+05 9.64200390e-21
1.96600000e+05 9.63810447e-21
1.96700000e+05 9.63420842e-21
1.96800000e+05 9.63031576e-21
1.96900000e+05 9.62642647e-21
1.97000000e+05 9.62254055e-21
1.97100000e+05 9.61865800e-21
1.97200000e+05 9.61477881e-21
1.97300000e+05 9.61090297e-21
1.97400000e+05 9.60703050e-21
1.97500000e+05 9.60316137e-21
1.97600000e+05 9.59929559e-21
1.97700000e+05 9.59543315e-21
1.97800000e+05 9.59157405e-21
1.97900000e+05 9.58771828e-21
1.98000000e+05 9.58386584e-21
1.98100000e+05 9.58001672e-21
1.98200000e+05 9.57617092e-21
1.98300000e+05 9.57232844e-21
1.98400000e+05 9.56848927e-21
1.98500000e+05 9.56465341e-21
1.98600000e+05 9.56082086e-21
1.98700000e+05 9.55699160e-21
1.98800000e+05 9.55316564e-21
1.98900000e+05 9.54934296e-21
1.99000000e+05 9.54552358e-21
1.99100000e+05 9.54170748e-21
1.99200000e+05 9.53789465e-21
1.99300000e+05 9.53408510e-21
1.99400000e+05 9.53027883e-21
1.99500000e+05 9.52647581e-21
1.99600000e+05 9.52267606e-21
1.99700000e+05 9.51887957e-21
1.99800000e+05 9.51508633e-21
1.99900000e+05 9.51129634e-21
2.00000000e+05 9.50750959e-21
2.00100000e+05 9.50372609e-21
2.00200000e+05 9.49994583e-21
2.00300000e+05 9.49616879e-21
2.00400000e+05 9.49239499e-21
2.00500000e+05 9.48862441e-21
2.00600000e+05 9.48485706e-21
2.00700000e+05 9.48109292e-21
2.00800000e+05 9.47733199e-21
2.00900000e+05 9.47357427e-21
2.01000000e+05 9.46981976e-21
2.01100000e+05 9.46606845e-21
2.01200000e+05 9.46232034e-21
2.01300000e+05 9.45857541e-21
2.01400000e+05 9.45483368e-21
2.01500000e+05 9.45109513e-21
2.01600000e+05 9.44735977e-21
2.01700000e+05 9.44362758e-21
2.01800000e+05 9.43989856e-21
2.01900000e+05 9.43617271e-21
2.02000000e+05 9.43245003e-21
2.02100000e+05 9.42873050e-21
2.02200000e+05 9.42501414e-21
2.02300000e+05 9.42130093e-21
2.02400000e+05 9.41759086e-21
2.02500000e+05 9.41388394e-21
2.02600000e+05 9.41018017e-21
2.02700000e+05 9.40647953e-21
2.02800000e+05 9.40278202e-21
2.02900000e+05 9.39908765e-21
2.03000000e+05 9.39539640e-21
2.03100000e+05 9.39170827e-21
2.03200000e+05 9.38802326e-21
2.03300000e+05 9.38434136e-21
2.03400000e+05 9.38066257e-21
2.03500000e+05 9.37698689e-21
2.03600000e+05 9.37331431e-21
2.03700000e+05 9.36964483e-21
2.03800000e+05 9.36597845e-21
2.03900000e+05 9.36231515e-21
2.04000000e+05 9.35865494e-21
2.04100000e+05 9.35499782e-21
2.04200000e+05 9.35134377e-21
2.04300000e+05 9.34769280e-21
2.04400000e+05 9.34404490e-21
2.04500000e+05 9.34040007e-21
2.04600000e+05 9.33675831e-21
2.04700000e+05 9.33311960e-21
2.04800000e+05 9.32948395e-21
2.04900000e+05 9.32585135e-21
2.05000000e+05 9.32222180e-21
2.05100000e+05 9.31859530e-21
2.05200000e+05 9.31497183e-21
2.05300000e+05 9.31135141e-21
2.05400000e+05 9.30773402e-21
2.05500000e+05 9.30411965e-21
2.05600000e+05 9.30050832e-21
2.05700000e+05 9.29690000e-21
2.05800000e+05 9.29329471e-21
2.05900000e+05 9.28969243e-21
2.06000000e+05 9.28609316e-21
2.06100000e+05 9.28249690e-21
2.06200000e+05 9.27890364e-21
2.06300000e+05 9.27531338e-21
2.06400000e+05 9.27172612e-21
2.06500000e+05 9.26814185e-21
2.06600000e+05 9.26456057e-21
2.06700000e+05 9.26098228e-21
2.06800000e+05 9.25740697e-21
2.06900000e+05 9.25383463e-21
2.07000000e+05 9.25026527e-21
2.07100000e+05 9.24669888e-21
2.07200000e+05 9.24313546e-21
2.07300000e+05 9.23957500e-21
2.07400000e+05 9.23601750e-21
2.07500000e+05 9.23246296e-21
2.07600000e+05 9.22891136e-21
2.07700000e+05 9.22536272e-21
2.07800000e+05 9.22181702e-21
2.07900000e+05 9.21827427e-21
2.08000000e+05 9.21473445e-21
2.08100000e+05 9.21119756e-21
2.08200000e+05 9.20766361e-21
2.08300000e+05 9.20413258e-21
2.08400000e+05 9.20060448e-21
2.08500000e+05 9.19707930e-21
2.08600000e+05 9.19355703e-21
2.08700000e+05 9.19003768e-21
2.08800000e+05 9.18652123e-21
2.08900000e+05 9.18300769e-21
2.09000000e+05 9.17949705e-21
2.09100000e+05 9.17598931e-21
2.09200000e+05 9.17248447e-21
2.09300000e+05 9.16898252e-21
2.09400000e+05 9.16548345e-21
2.09500000e+05 9.16198727e-21
2.09600000e+05 9.15849397e-21
2.09700000e+05 9.15500355e-21
2.09800000e+05 9.15151600e-21
2.09900000e+05 9.14803132e-21
2.10000000e+05 9.14454951e-21
2.10100000e+05 9.14107056e-21
2.10200000e+05 9.13759447e-21
2.10300000e+05 9.13412124e-21
2.10400000e+05 9.13065086e-21
2.10500000e+05 9.12718333e-21
2.10600000e+05 9.12371865e-21
2.10700000e+05 9.12025680e-21
2.10800000e+05 9.11679780e-21
2.10900000e+05 9.11334163e-21
2.11000000e+05 9.10988830e-21
2.11100000e+05 9.10643779e-21
2.11200000e+05 9.10299011e-21
2.11300000e+05 9.09954525e-21
2.11400000e+05 9.09610321e-21
2.11500000e+05 9.09266398e-21
2.11600000e+05 9.08922756e-21
2.11700000e+05 9.08579396e-21
2.11800000e+05 9.08236315e-21
2.11900000e+05 9.07893515e-21
2.12000000e+05 9.07550995e-21
2.12100000e+05 9.07208754e-21
2.12200000e+05 9.06866792e-21
2.12300000e+05 9.06525109e-21
2.12400000e+05 9.06183704e-21
2.12500000e+05 9.05842578e-21
2.12600000e+05 9.05501729e-21
2.12700000e+05 9.05161157e-21
2.12800000e+05 9.04820863e-21
2.12900000e+05 9.04480845e-21
2.13000000e+05 9.04141104e-21
2.13100000e+05 9.03801639e-21
2.13200000e+05 9.03462450e-21
2.13300000e+05 9.03123536e-21
2.13400000e+05 9.02784897e-21
2.13500000e+05 9.02446533e-21
2.13600000e+05 9.02108443e-21
2.13700000e+05 9.01770628e-21
2.13800000e+05 9.01433086e-21
2.13900000e+05 9.01095818e-21
2.14000000e+05 9.00758822e-21
2.14100000e+05 9.00422100e-21
2.14200000e+05 9.00085650e-21
2.14300000e+05 8.99749472e-21
2.14400000e+05 8.99413565e-21
2.14500000e+05 8.99077931e-21
2.14600000e+05 8.98742567e-21
2.14700000e+05 8.98407474e-21
2.14800000e+05 8.98072652e-21
2.14900000e+05 8.97738100e-21
2.15000000e+05 8.97403818e-21
2.15100000e+05 8.97069805e-21
2.15200000e+05 8.96736061e-21
2.15300000e+05 8.96402586e-21
2.15400000e+05 8.96069380e-21
2.15500000e+05 8.95736442e-21
2.15600000e+05 8.95403772e-21
2.15700000e+05 8.95071369e-21
2.15800000e+05 8.94739234e-21
2.15900000e+05 8.94407366e-21
2.16000000e+05 8.94075764e-21
2.16100000e+05 8.93744428e-21
2.16200000e+05 8.93413359e-21
2.16300000e+05 8.93082555e-21
2.16400000e+05 8.92752017e-21
2.16500000e+05 8.92421743e-21
2.16600000e+05 8.92091735e-21
2.16700000e+05 8.91761990e-21
2.16800000e+05 8.91432510e-21
2.16900000e+05 8.91103293e-21
2.17000000e+05 8.90774340e-21
2.17100000e+05 8.90445650e-21
2.17200000e+05 8.90117223e-21
2.17300000e+05 8.89789059e-21
2.17400000e+05 8.89461156e-21
2.17500000e+05 8.89133516e-21
2.17600000e+05 8.88806137e-21
2.17700000e+05 8.88479019e-21
2.17800000e+05 8.88152162e-21
2.17900000e+05 8.87825566e-21
2.18000000e+05 8.87499231e-21
2.18100000e+05 8.87173155e-21
2.18200000e+05 8.86847339e-21
2.18300000e+05 8.86521782e-21
2.18400000e+05 8.86196484e-21
2.18500000e+05 8.85871446e-21
2.18600000e+05 8.85546665e-21
2.18700000e+05 8.85222143e-21
2.18800000e+05 8.84897879e-21
2.18900000e+05 8.84573872e-21
2.19000000e+05 8.84250123e-21
2.19100000e+05 8.83926630e-21
2.19200000e+05 8.83603395e-21
2.19300000e+05 8.83280415e-21
2.19400000e+05 8.82957692e-21
2.19500000e+05 8.82635224e-21
2.19600000e+05 8.82313012e-21
2.19700000e+05 8.81991054e-21
2.19800000e+05 8.81669352e-21
2.19900000e+05 8.81347904e-21
2.20000000e+05 8.81026711e-21
2.20100000e+05 8.80705771e-21
2.20200000e+05 8.80385085e-21
2.20300000e+05 8.80064652e-21
2.20400000e+05 8.79744473e-21
2.20500000e+05 8.79424546e-21
2.20600000e+05 8.79104871e-21
2.20700000e+05 8.78785449e-21
2.20800000e+05 8.78466279e-21
2.20900000e+05 8.78147360e-21
2.21000000e+05 8.77828692e-21
2.21100000e+05 8.77510275e-21
2.21200000e+05 8.77192109e-21
2.21300000e+05 8.76874193e-21
2.21400000e+05 8.76556528e-21
2.21500000e+05 8.76239112e-21
2.21600000e+05 8.75921945e-21
2.21700000e+05 8.75605028e-21
2.21800000e+05 8.75288360e-21
2.21900000e+05 8.74971940e-21
2.22000000e+05 8.74655769e-21
2.22100000e+05 8.74339845e-21
2.22200000e+05 8.74024170e-21
2.22300000e+05 8.73708741e-21
2.22400000e+05 8.73393560e-21
2.22500000e+05 8.73078626e-21
2.22600000e+05 8.72763939e-21
2.22700000e+05 8.72449497e-21
2.22800000e+05 8.72135302e-21
2.22900000e+05 8.71821352e-21
2.23000000e+05 8.71507648e-21
2.23100000e+05 8.71194189e-21
2.23200000e+05 8.70880975e-21
2.23300000e+05 8.70568005e-21
2.23400000e+05 8.70255280e-21
2.23500000e+05 8.69942798e-21
2.23600000e+05 8.69630560e-21
2.23700000e+05 8.69318566e-21
2.23800000e+05 8.69006815e-21
2.23900000e+05 8.68695307e-21
2.24000000e+05 8.68384041e-21
2.24100000e+05 8.68073017e-21
2.24200000e+05 8.67762236e-21
2.24300000e+05 8.67451696e-21
2.24400000e+05 8.67141398e-21
2.24500000e+05 8.66831341e-21
2.24600000e+05 8.66521525e-21
2.24700000e+05 8.66211949e-21
2.24800000e+05 8.65902614e-21
2.24900000e+05 8.65593519e-21
2.25000000e+05 8.65284663e-21
2.25100000e+05 8.64976047e-21
2.25200000e+05 8.64667670e-21
2.25300000e+05 8.64359532e-21
2.25400000e+05 8.64051633e-21
2.25500000e+05 8.63743972e-21
2.25600000e+05 8.63436550e-21
2.25700000e+05 8.63129365e-21
2.25800000e+05 8.62822417e-21
2.25900000e+05 8.62515707e-21
2.26000000e+05 8.62209234e-21
2.26100000e+05 8.61902998e-21
2.26200000e+05 8.61596998e-21
2.26300000e+05 8.61291234e-21
2.26400000e+05 8.60985706e-21
2.26500000e+05 8.60680414e-21
2.26600000e+05 8.60375357e-21
2.26700000e+05 8.60070535e-21
2.26800000e+05 8.59765948e-21
2.26900000e+05 8.59461596e-21
2.27000000e+05 8.59157478e-21
2.27100000e+05 8.58853594e-21
2.27200000e+05 8.58549943e-21
2.27300000e+05 8.58246526e-21
2.27400000e+05 8.57943343e-21
2.27500000e+05 8.57640392e-21
2.27600000e+05 8.57337674e-21
2.27700000e+05 8.57035188e-21
2.27800000e+05 8.56732934e-21
2.27900000e+05 8.56430913e-21
2.28000000e+05 8.56129123e-21
2.28100000e+05 8.55827564e-21
2.28200000e+05 8.55526236e-21
2.28300000e+05 8.55225139e-21
2.28400000e+05 8.54924272e-21
2.28500000e+05 8.54623636e-21
2.28600000e+05 8.54323230e-21
2.28700000e+05 8.54023054e-21
2.28800000e+05 8.53723107e-21
2.28900000e+05 8.53423389e-21
2.29000000e+05 8.53123900e-21
2.29100000e+05 8.52824640e-21
2.29200000e+05 8.52525608e-21
2.29300000e+05 8.52226805e-21
2.29400000e+05 8.51928229e-21
2.29500000e+05 8.51629881e-21
2.29600000e+05 8.51331760e-21
2.29700000e+05 8.51033867e-21
2.29800000e+05 8.50736200e-21
2.29900000e+05 8.50438760e-21
2.30000000e+05 8.50141546e-21
2.30100000e+05 8.49844559e-21
2.30200000e+05 8.49547797e-21
2.30300000e+05 8.49251260e-21
2.30400000e+05 8.48954949e-21
2.30500000e+05 8.48658864e-21
2.30600000e+05 8.48363002e-21
2.30700000e+05 8.48067366e-21
2.30800000e+05 8.47771954e-21
2.30900000e+05 8.47476765e-21
2.31000000e+05 8.47181801e-21
2.31100000e+05 8.46887060e-21
2.31200000e+05 8.46592542e-21
2.31300000e+05 8.46298248e-21
2.31400000e+05 8.46004176e-21
2.31500000e+05 8.45710326e-21
2.31600000e+05 8.45416699e-21
2.31700000e+05 8.45123294e-21
2.31800000e+05 8.44830110e-21
2.31900000e+05 8.44537149e-21
2.32000000e+05 8.44244408e-21
2.32100000e+05 8.43951888e-21
2.32200000e+05 8.43659589e-21
2.32300000e+05 8.43367511e-21
2.32400000e+05 8.43075653e-21
2.32500000e+05 8.42784014e-21
2.32600000e+05 8.42492596e-21
2.32700000e+05 8.42201397e-21
2.32800000e+05 8.41910417e-21
2.32900000e+05 8.41619656e-21
2.33000000e+05 8.41329114e-21
2.33100000e+05 8.41038791e-21
2.33200000e+05 8.40748686e-21
2.33300000e+05 8.40458798e-21
2.33400000e+05 8.40169129e-21
2.33500000e+05 8.39879677e-21
2.33600000e+05 8.39590442e-21
2.33700000e+05 8.39301425e-21
2.33800000e+05 8.39012624e-21
2.33900000e+05 8.38724040e-21
2.34000000e+05 8.38435672e-21
2.34100000e+05 8.38147520e-21
2.34200000e+05 8.37859583e-21
2.34300000e+05 8.37571863e-21
2.34400000e+05 8.37284357e-21
2.34500000e+05 8.36997067e-21
2.34600000e+05 8.36709992e-21
2.34700000e+05 8.36423131e-21
2.34800000e+05 8.36136485e-21
2.34900000e+05 8.35850052e-21
2.35000000e+05 8.35563834e-21
2.35100000e+05 8.35277829e-21
2.35200000e+05 8.34992038e-21
2.35300000e+05 8.34706459e-21
2.35400000e+05 8.34421094e-21
2.35500000e+05 8.34135941e-21
2.35600000e+05 8.33851001e-21
2.35700000e+05 8.33566273e-21
2.35800000e+05 8.33281757e-21
2.35900000e+05 8.32997453e-21
2.36000000e+05 8.32713360e-21
2.36100000e+05 8.32429478e-21
2.36200000e+05 8.32145808e-21
2.36300000e+05 8.31862348e-21
2.36400000e+05 8.31579099e-21
2.36500000e+05 8.31296060e-21
2.36600000e+05 8.31013231e-21
2.36700000e+05 8.30730612e-21
2.36800000e+05 8.30448202e-21
2.36900000e+05 8.30166002e-21
2.37000000e+05 8.29884011e-21
2.37100000e+05 8.29602229e-21
2.37200000e+05 8.29320656e-21
2.37300000e+05 8.29039291e-21
2.37400000e+05 8.28758134e-21
2.37500000e+05 8.28477185e-21
2.37600000e+05 8.28196444e-21
2.37700000e+05 8.27915911e-21
2.37800000e+05 8.27635584e-21
2.37900000e+05 8.27355465e-21
2.38000000e+05 8.27075553e-21
2.38100000e+05 8.26795847e-21
2.38200000e+05 8.26516348e-21
2.38300000e+05 8.26237054e-21
2.38400000e+05 8.25957967e-21
2.38500000e+05 8.25679085e-21
2.38600000e+05 8.25400409e-21
2.38700000e+05 8.25121938e-21
2.38800000e+05 8.24843672e-21
2.38900000e+05 8.24565610e-21
2.39000000e+05 8.24287754e-21
2.39100000e+05 8.24010101e-21
2.39200000e+05 8.23732653e-21
2.39300000e+05 8.23455408e-21
2.39400000e+05 8.23178367e-21
2.39500000e+05 8.22901530e-21
2.39600000e+05 8.22624895e-21
2.39700000e+05 8.22348464e-21
2.39800000e+05 8.22072235e-21
2.39900000e+05 8.21796209e-21
2.40000000e+05 8.21520385e-21
2.40100000e+05 8.21244763e-21
2.40200000e+05 8.20969343e-21
2.40300000e+05 8.20694125e-21
2.40400000e+05 8.20419108e-21
2.40500000e+05 8.20144292e-21
2.40600000e+05 8.19869677e-21
2.40700000e+05 8.19595263e-21
2.40800000e+05 8.19321049e-21
2.40900000e+05 8.19047036e-21
2.41000000e+05 8.18773222e-21
2.41100000e+05 8.18499609e-21
2.41200000e+05 8.18226195e-21
2.41300000e+05 8.17952980e-21
2.41400000e+05 8.17679965e-21
2.41500000e+05 8.17407149e-21
2.41600000e+05 8.17134531e-21
2.41700000e+05 8.16862112e-21
2.41800000e+05 8.16589891e-21
2.41900000e+05 8.16317869e-21
2.42000000e+05 8.16046044e-21
2.42100000e+05 8.15774417e-21
2.42200000e+05 8.15502987e-21
2.42300000e+05 8.15231755e-21
2.42400000e+05 8.14960719e-21
2.42500000e+05 8.14689880e-21
2.42600000e+05 8.14419238e-21
2.42700000e+05 8.14148793e-21
2.42800000e+05 8.13878543e-21
2.42900000e+05 8.13608489e-21
2.43000000e+05 8.13338631e-21
2.43100000e+05 8.13068969e-21
2.43200000e+05 8.12799502e-21
2.43300000e+05 8.12530230e-21
2.43400000e+05 8.12261152e-21
2.43500000e+05 8.11992270e-21
2.43600000e+05 8.11723582e-21
2.43700000e+05 8.11455088e-21
2.43800000e+05 8.11186788e-21
2.43900000e+05 8.10918682e-21
2.44000000e+05 8.10650769e-21
2.44100000e+05 8.10383050e-21
2.44200000e+05 8.10115524e-21
2.44300000e+05 8.09848191e-21
2.44400000e+05 8.09581051e-21
2.44500000e+05 8.09314103e-21
2.44600000e+05 8.09047347e-21
2.44700000e+05 8.08780784e-21
2.44800000e+05 8.08514413e-21
2.44900000e+05 8.08248233e-21
2.45000000e+05 8.07982245e-21
2.45100000e+05 8.07716448e-21
2.45200000e+05 8.07450842e-21
2.45300000e+05 8.07185427e-21
2.45400000e+05 8.06920203e-21
2.45500000e+05 8.06655169e-21
2.45600000e+05 8.06390325e-21
2.45700000e+05 8.06125672e-21
2.45800000e+05 8.05861208e-21
2.45900000e+05 8.05596934e-21
2.46000000e+05 8.05332849e-21
2.46100000e+05 8.05068953e-21
2.46200000e+05 8.04805247e-21
2.46300000e+05 8.04541729e-21
2.46400000e+05 8.04278400e-21
2.46500000e+05 8.04015260e-21
2.46600000e+05 8.03752307e-21
2.46700000e+05 8.03489543e-21
2.46800000e+05 8.03226966e-21
2.46900000e+05 8.02964577e-21
2.47000000e+05 8.02702375e-21
2.47100000e+05 8.02440361e-21
2.47200000e+05 8.02178533e-21
2.47300000e+05 8.01916893e-21
2.47400000e+05 8.01655438e-21
2.47500000e+05 8.01394171e-21
2.47600000e+05 8.01133089e-21
2.47700000e+05 8.00872193e-21
2.47800000e+05 8.00611483e-21
2.47900000e+05 8.00350959e-21
2.48000000e+05 8.00090620e-21
2.48100000e+05 7.99830467e-21
2.48200000e+05 7.99570498e-21
2.48300000e+05 7.99310714e-21
2.48400000e+05 7.99051114e-21
2.48500000e+05 7.98791699e-21
2.48600000e+05 7.98532469e-21
2.48700000e+05 7.98273422e-21
2.48800000e+05 7.98014559e-21
2.48900000e+05 7.97755879e-21
2.49000000e+05 7.97497383e-21
2.49100000e+05 7.97239070e-21
2.49200000e+05 7.96980940e-21
2.49300000e+05 7.96722993e-21
2.49400000e+05 7.96465229e-21
2.49500000e+05 7.96207647e-21
2.49600000e+05 7.95950247e-21
2.49700000e+05 7.95693029e-21
2.49800000e+05 7.95435993e-21
2.49900000e+05 7.95179139e-21
2.50000000e+05 7.94922466e-21
2.50100000e+05 7.94665974e-21
2.50200000e+05 7.94409664e-21
2.50300000e+05 7.94153534e-21
2.50400000e+05 7.93897585e-21
2.50500000e+05 7.93641816e-21
2.50600000e+05 7.93386228e-21
2.50700000e+05 7.93130820e-21
2.50800000e+05 7.92875592e-21
2.50900000e+05 7.92620543e-21
2.51000000e+05 7.92365674e-21
2.51100000e+05 7.92110984e-21
2.51200000e+05 7.91856473e-21
2.51300000e+05 7.91602142e-21
2.51400000e+05 7.91347989e-21
2.51500000e+05 7.91094014e-21
2.51600000e+05 7.90840218e-21
2.51700000e+05 7.90586601e-21
2.51800000e+05 7.90333161e-21
2.51900000e+05 7.90079899e-21
2.52000000e+05 7.89826814e-21
2.52100000e+05 7.89573907e-21
2.52200000e+05 7.89321177e-21
2.52300000e+05 7.89068625e-21
2.52400000e+05 7.88816249e-21
2.52500000e+05 7.88564050e-21
2.52600000e+05 7.88312027e-21
2.52700000e+05 7.88060180e-21
2.52800000e+05 7.87808510e-21
2.52900000e+05 7.87557016e-21
2.53000000e+05 7.87305697e-21
2.53100000e+05 7.87054554e-21
2.53200000e+05 7.86803586e-21
2.53300000e+05 7.86552794e-21
2.53400000e+05 7.86302176e-21
2.53500000e+05 7.86051734e-21
2.53600000e+05 7.85801465e-21
2.53700000e+05 7.85551372e-21
2.53800000e+05 7.85301452e-21
2.53900000e+05 7.85051707e-21
2.54000000e+05 7.84802136e-21
2.54100000e+05 7.84552738e-21
2.54200000e+05 7.84303514e-21
2.54300000e+05 7.84054463e-21
2.54400000e+05 7.83805585e-21
2.54500000e+05 7.83556881e-21
2.54600000e+05 7.83308349e-21
2.54700000e+05 7.83059989e-21
2.54800000e+05 7.82811802e-21
2.54900000e+05 7.82563788e-21
2.55000000e+05 7.82315945e-21
2.55100000e+05 7.82068275e-21
2.55200000e+05 7.81820776e-21
2.55300000e+05 7.81573448e-21
2.55400000e+05 7.81326292e-21
2.55500000e+05 7.81079307e-21
2.55600000e+05 7.80832493e-21
2.55700000e+05 7.80585850e-21
2.55800000e+05 7.80339378e-21
2.55900000e+05 7.80093076e-21
2.56000000e+05 7.79846944e-21
2.56100000e+05 7.79600982e-21
2.56200000e+05 7.79355190e-21
2.56300000e+05 7.79109568e-21
2.56400000e+05 7.78864116e-21
2.56500000e+05 7.78618833e-21
2.56600000e+05 7.78373719e-21
2.56700000e+05 7.78128774e-21
2.56800000e+05 7.77883998e-21
2.56900000e+05 7.77639390e-21
2.57000000e+05 7.77394952e-21
2.57100000e+05 7.77150681e-21
2.57200000e+05 7.76906579e-21
2.57300000e+05 7.76662644e-21
2.57400000e+05 7.76418878e-21
2.57500000e+05 7.76175279e-21
2.57600000e+05 7.75931847e-21
2.57700000e+05 7.75688583e-21
2.57800000e+05 7.75445486e-21
2.57900000e+05 7.75202555e-21
2.58000000e+05 7.74959792e-21
2.58100000e+05 7.74717195e-21
2.58200000e+05 7.74474764e-21
2.58300000e+05 7.74232500e-21
2.58400000e+05 7.73990402e-21
2.58500000e+05 7.73748469e-21
2.58600000e+05 7.73506703e-21
2.58700000e+05 7.73265102e-21
2.58800000e+05 7.73023666e-21
2.58900000e+05 7.72782395e-21
2.59000000e+05 7.72541290e-21
2.59100000e+05 7.72300349e-21
2.59200000e+05 7.72059573e-21
2.59300000e+05 7.71818962e-21
2.59400000e+05 7.71578514e-21
2.59500000e+05 7.71338231e-21
2.59600000e+05 7.71098112e-21
2.59700000e+05 7.70858157e-21
2.59800000e+05 7.70618366e-21
2.59900000e+05 7.70378738e-21
2.60000000e+05 7.70139273e-21
2.60100000e+05 7.69899971e-21
2.60200000e+05 7.69660833e-21
2.60300000e+05 7.69421857e-21
2.60400000e+05 7.69183044e-21
2.60500000e+05 7.68944393e-21
2.60600000e+05 7.68705905e-21
2.60700000e+05 7.68467579e-21
2.60800000e+05 7.68229415e-21
2.60900000e+05 7.67991412e-21
2.61000000e+05 7.67753571e-21
2.61100000e+05 7.67515892e-21
2.61200000e+05 7.67278374e-21
2.61300000e+05 7.67041017e-21
2.61400000e+05 7.66803821e-21
2.61500000e+05 7.66566786e-21
2.61600000e+05 7.66329912e-21
2.61700000e+05 7.66093198e-21
2.61800000e+05 7.65856645e-21
2.61900000e+05 7.65620251e-21
2.62000000e+05 7.65384018e-21
2.62100000e+05 7.65147944e-21
2.62200000e+05 7.64912030e-21
2.62300000e+05 7.64676275e-21
2.62400000e+05 7.64440680e-21
2.62500000e+05 7.64205244e-21
2.62600000e+05 7.63969967e-21
2.62700000e+05 7.63734849e-21
2.62800000e+05 7.63499890e-21
2.62900000e+05 7.63265089e-21
2.63000000e+05 7.63030446e-21
2.63100000e+05 7.62795962e-21
2.63200000e+05 7.62561635e-21
2.63300000e+05 7.62327467e-21
2.63400000e+05 7.62093456e-21
2.63500000e+05 7.61859602e-21
2.63600000e+05 7.61625906e-21
2.63700000e+05 7.61392368e-21
2.63800000e+05 7.61158986e-21
2.63900000e+05 7.60925761e-21
2.64000000e+05 7.60692693e-21
2.64100000e+05 7.60459782e-21
2.64200000e+05 7.60227027e-21
2.64300000e+05 7.59994428e-21
2.64400000e+05 7.59761985e-21
2.64500000e+05 7.59529699e-21
2.64600000e+05 7.59297568e-21
2.64700000e+05 7.59065593e-21
2.64800000e+05 7.58833773e-21
2.64900000e+05 7.58602108e-21
2.65000000e+05 7.58370599e-21
2.65100000e+05 7.58139244e-21
2.65200000e+05 7.57908045e-21
2.65300000e+05 7.57677000e-21
2.65400000e+05 7.57446109e-21
2.65500000e+05 7.57215373e-21
2.65600000e+05 7.56984792e-21
2.65700000e+05 7.56754364e-21
2.65800000e+05 7.56524090e-21
2.65900000e+05 7.56293970e-21
2.66000000e+05 7.56064003e-21
2.66100000e+05 7.55834190e-21
2.66200000e+05 7.55604530e-21
2.66300000e+05 7.55375023e-21
2.66400000e+05 7.55145669e-21
2.66500000e+05 7.54916468e-21
2.66600000e+05 7.54687420e-21
2.66700000e+05 7.54458524e-21
2.66800000e+05 7.54229781e-21
2.66900000e+05 7.54001189e-21
2.67000000e+05 7.53772750e-21
2.67100000e+05 7.53544462e-21
2.67200000e+05 7.53316327e-21
2.67300000e+05 7.53088342e-21
2.67400000e+05 7.52860510e-21
2.67500000e+05 7.52632828e-21
2.67600000e+05 7.52405298e-21
2.67700000e+05 7.52177918e-21
2.67800000e+05 7.51950690e-21
2.67900000e+05 7.51723612e-21
2.68000000e+05 7.51496684e-21
2.68100000e+05 7.51269907e-21
2.68200000e+05 7.51043280e-21
2.68300000e+05 7.50816803e-21
2.68400000e+05 7.50590476e-21
2.68500000e+05 7.50364299e-21
2.68600000e+05 7.50138271e-21
2.68700000e+05 7.49912393e-21
2.68800000e+05 7.49686664e-21
2.68900000e+05 7.49461084e-21
2.69000000e+05 7.49235654e-21
2.69100000e+05 7.49010372e-21
2.69200000e+05 7.48785238e-21
2.69300000e+05 7.48560254e-21
2.69400000e+05 7.48335417e-21
2.69500000e+05 7.48110729e-21
2.69600000e+05 7.47886189e-21
2.69700000e+05 7.47661797e-21
2.69800000e+05 7.47437553e-21
2.69900000e+05 7.47213457e-21
2.70000000e+05 7.46989507e-21
2.70100000e+05 7.46765706e-21
2.70200000e+05 7.46542051e-21
2.70300000e+05 7.46318544e-21
2.70400000e+05 7.46095183e-21
2.70500000e+05 7.45871969e-21
2.70600000e+05 7.45648902e-21
2.70700000e+05 7.45425982e-21
2.70800000e+05 7.45203207e-21
2.70900000e+05 7.44980579e-21
2.71000000e+05 7.44758097e-21
2.71100000e+05 7.44535761e-21
2.71200000e+05 7.44313570e-21
2.71300000e+05 7.44091525e-21
2.71400000e+05 7.43869626e-21
2.71500000e+05 7.43647872e-21
2.71600000e+05 7.43426263e-21
2.71700000e+05 7.43204799e-21
2.71800000e+05 7.42983480e-21
2.71900000e+05 7.42762305e-21
2.72000000e+05 7.42541275e-21
2.72100000e+05 7.42320390e-21
2.72200000e+05 7.42099649e-21
2.72300000e+05 7.41879052e-21
2.72400000e+05 7.41658599e-21
2.72500000e+05 7.41438290e-21
2.72600000e+05 7.41218125e-21
2.72700000e+05 7.40998103e-21
2.72800000e+05 7.40778225e-21
2.72900000e+05 7.40558490e-21
2.73000000e+05 7.40338898e-21
2.73100000e+05 7.40119449e-21
2.73200000e+05 7.39900143e-21
2.73300000e+05 7.39680980e-21
2.73400000e+05 7.39461960e-21
2.73500000e+05 7.39243081e-21
2.73600000e+05 7.39024346e-21
2.73700000e+05 7.38805752e-21
2.73800000e+05 7.38587300e-21
2.73900000e+05 7.38368990e-21
2.74000000e+05 7.38150822e-21
2.74100000e+05 7.37932796e-21
2.74200000e+05 7.37714911e-21
2.74300000e+05 7.37497167e-21
2.74400000e+05 7.37279565e-21
2.74500000e+05 7.37062103e-21
2.74600000e+05 7.36844783e-21
2.74700000e+05 7.36627603e-21
2.74800000e+05 7.36410564e-21
2.74900000e+05 7.36193665e-21
2.75000000e+05 7.35976907e-21
2.75100000e+05 7.35760289e-21
2.75200000e+05 7.35543811e-21
2.75300000e+05 7.35327473e-21
2.75400000e+05 7.35111274e-21
2.75500000e+05 7.34895216e-21
2.75600000e+05 7.34679296e-21
2.75700000e+05 7.34463517e-21
2.75800000e+05 7.34247876e-21
2.75900000e+05 7.34032375e-21
2.76000000e+05 7.33817012e-21
2.76100000e+05 7.33601789e-21
2.76200000e+05 7.33386704e-21
2.76300000e+05 7.33171758e-21
2.76400000e+05 7.32956950e-21
2.76500000e+05 7.32742280e-21
2.76600000e+05 7.32527749e-21
2.76700000e+05 7.32313355e-21
2.76800000e+05 7.32099100e-21
2.76900000e+05 7.31884982e-21
2.77000000e+05 7.31671002e-21
2.77100000e+05 7.31457159e-21
2.77200000e+05 7.31243454e-21
2.77300000e+05 7.31029886e-21
2.77400000e+05 7.30816455e-21
2.77500000e+05 7.30603160e-21
2.77600000e+05 7.30390003e-21
2.77700000e+05 7.30176982e-21
2.77800000e+05 7.29964098e-21
2.77900000e+05 7.29751351e-21
2.78000000e+05 7.29538739e-21
2.78100000e+05 7.29326264e-21
2.78200000e+05 7.29113925e-21
2.78300000e+05 7.28901721e-21
2.78400000e+05 7.28689654e-21
2.78500000e+05 7.28477722e-21
2.78600000e+05 7.28265925e-21
2.78700000e+05 7.28054264e-21
2.78800000e+05 7.27842738e-21
2.78900000e+05 7.27631347e-21
2.79000000e+05 7.27420091e-21
2.79100000e+05 7.27208970e-21
2.79200000e+05 7.26997983e-21
2.79300000e+05 7.26787131e-21
2.79400000e+05 7.26576414e-21
2.79500000e+05 7.26365831e-21
2.79600000e+05 7.26155382e-21
2.79700000e+05 7.25945067e-21
2.79800000e+05 7.25734886e-21
2.79900000e+05 7.25524838e-21
2.80000000e+05 7.25314925e-21
2.80100000e+05 7.25105145e-21
2.80200000e+05 7.24895498e-21
2.80300000e+05 7.24685984e-21
2.80400000e+05 7.24476604e-21
2.80500000e+05 7.24267357e-21
2.80600000e+05 7.24058242e-21
2.80700000e+05 7.23849260e-21
2.80800000e+05 7.23640411e-21
2.80900000e+05 7.23431694e-21
2.81000000e+05 7.23223110e-21
2.81100000e+05 7.23014658e-21
2.81200000e+05 7.22806338e-21
2.81300000e+05 7.22598150e-21
2.81400000e+05 7.22390094e-21
2.81500000e+05 7.22182169e-21
2.81600000e+05 7.21974376e-21
2.81700000e+05 7.21766715e-21
2.81800000e+05 7.21559185e-21
2.81900000e+05 7.21351786e-21
2.82000000e+05 7.21144518e-21
2.82100000e+05 7.20937381e-21
2.82200000e+05 7.20730375e-21
2.82300000e+05 7.20523500e-21
2.82400000e+05 7.20316755e-21
2.82500000e+05 7.20110141e-21
2.82600000e+05 7.19903657e-21
2.82700000e+05 7.19697303e-21
2.82800000e+05 7.19491080e-21
2.82900000e+05 7.19284986e-21
2.83000000e+05 7.19079022e-21
2.83100000e+05 7.18873188e-21
2.83200000e+05 7.18667483e-21
2.83300000e+05 7.18461908e-21
2.83400000e+05 7.18256462e-21
2.83500000e+05 7.18051146e-21
2.83600000e+05 7.17845958e-21
2.83700000e+05 7.17640899e-21
2.83800000e+05 7.17435970e-21
2.83900000e+05 7.17231168e-21
2.84000000e+05 7.17026496e-21
2.84100000e+05 7.16821952e-21
2.84200000e+05 7.16617536e-21
2.84300000e+05 7.16413249e-21
2.84400000e+05 7.16209089e-21
2.84500000e+05 7.16005058e-21
2.84600000e+05 7.15801154e-21
2.84700000e+05 7.15597378e-21
2.84800000e+05 7.15393730e-21
2.84900000e+05 7.15190209e-21
2.85000000e+05 7.14986816e-21
2.85100000e+05 7.14783550e-21
2.85200000e+05 7.14580411e-21
2.85300000e+05 7.14377398e-21
2.85400000e+05 7.14174513e-21
2.85500000e+05 7.13971755e-21
2.85600000e+05 7.13769123e-21
2.85700000e+05 7.13566618e-21
2.85800000e+05 7.13364239e-21
2.85900000e+05 7.13161986e-21
2.86000000e+05 7.12959859e-21
2.86100000e+05 7.12757859e-21
2.86200000e+05 7.12555984e-21
2.86300000e+05 7.12354236e-21
2.86400000e+05 7.12152612e-21
2.86500000e+05 7.11951115e-21
2.86600000e+05 7.11749743e-21
2.86700000e+05 7.11548496e-21
2.86800000e+05 7.11347374e-21
2.86900000e+05 7.11146378e-21
2.87000000e+05 7.10945506e-21
2.87100000e+05 7.10744759e-21
2.87200000e+05 7.10544137e-21
2.87300000e+05 7.10343640e-21
2.87400000e+05 7.10143266e-21
2.87500000e+05 7.09943018e-21
2.87600000e+05 7.09742893e-21
2.87700000e+05 7.09542893e-21
2.87800000e+05 7.09343017e-21
2.87900000e+05 7.09143264e-21
2.88000000e+05 7.08943636e-21
2.88100000e+05 7.08744131e-21
2.88200000e+05 7.08544749e-21
2.88300000e+05 7.08345491e-21
2.88400000e+05 7.08146357e-21
2.88500000e+05 7.07947345e-21
2.88600000e+05 7.07748457e-21
2.88700000e+05 7.07549691e-21
2.88800000e+05 7.07351049e-21
2.88900000e+05 7.07152529e-21
2.89000000e+05 7.06954131e-21
2.89100000e+05 7.06755856e-21
2.89200000e+05 7.06557704e-21
2.89300000e+05 7.06359674e-21
2.89400000e+05 7.06161766e-21
2.89500000e+05 7.05963980e-21
2.89600000e+05 7.05766316e-21
2.89700000e+05 7.05568773e-21
2.89800000e+05 7.05371353e-21
2.89900000e+05 7.05174054e-21
2.90000000e+05 7.04976876e-21
2.90100000e+05 7.04779820e-21
2.90200000e+05 7.04582885e-21
2.90300000e+05 7.04386071e-21
2.90400000e+05 7.04189378e-21
2.90500000e+05 7.03992806e-21
2.90600000e+05 7.03796355e-21
2.90700000e+05 7.03600024e-21
2.90800000e+05 7.03403814e-21
2.90900000e+05 7.03207724e-21
2.91000000e+05 7.03011755e-21
2.91100000e+05 7.02815906e-21
2.91200000e+05 7.02620177e-21
2.91300000e+05 7.02424568e-21
2.91400000e+05 7.02229079e-21
2.91500000e+05 7.02033709e-21
2.91600000e+05 7.01838460e-21
2.91700000e+05 7.01643329e-21
2.91800000e+05 7.01448319e-21
2.91900000e+05 7.01253427e-21
2.92000000e+05 7.01058655e-21
2.92100000e+05 7.00864002e-21
2.92200000e+05 7.00669467e-21
2.92300000e+05 7.00475052e-21
2.92400000e+05 7.00280755e-21
2.92500000e+05 7.00086577e-21
2.92600000e+05 6.99892518e-21
2.92700000e+05 6.99698577e-21
2.92800000e+05 6.99504754e-21
2.92900000e+05 6.99311050e-21
2.93000000e+05 6.99117463e-21
2.93100000e+05 6.98923995e-21
2.93200000e+05 6.98730644e-21
2.93300000e+05 6.98537411e-21
2.93400000e+05 6.98344296e-21
2.93500000e+05 6.98151298e-21
2.93600000e+05 6.97958418e-21
2.93700000e+05 6.97765655e-21
2.93800000e+05 6.97573010e-21
2.93900000e+05 6.97380481e-21
2.94000000e+05 6.97188069e-21
2.94100000e+05 6.96995775e-21
2.94200000e+05 6.96803597e-21
2.94300000e+05 6.96611536e-21
2.94400000e+05 6.96419591e-21
2.94500000e+05 6.96227763e-21
2.94600000e+05 6.96036051e-21
2.94700000e+05 6.95844455e-21
2.94800000e+05 6.95652975e-21
2.94900000e+05 6.95461612e-21
2.95000000e+05 6.95270364e-21
2.95100000e+05 6.95079233e-21
2.95200000e+05 6.94888216e-21
2.95300000e+05 6.94697316e-21
2.95400000e+05 6.94506531e-21
2.95500000e+05 6.94315861e-21
2.95600000e+05 6.94125307e-21
2.95700000e+05 6.93934868e-21
2.95800000e+05 6.93744543e-21
2.95900000e+05 6.93554334e-21
2.96000000e+05 6.93364240e-21
2.96100000e+05 6.93174260e-21
2.96200000e+05 6.92984395e-21
2.96300000e+05 6.92794645e-21
2.96400000e+05 6.92605008e-21
2.96500000e+05 6.92415487e-21
2.96600000e+05 6.92226079e-21
2.96700000e+05 6.92036786e-21
2.96800000e+05 6.91847606e-21
2.96900000e+05 6.91658541e-21
2.97000000e+05 6.91469589e-21
2.97100000e+05 6.91280751e-21
2.97200000e+05 6.91092026e-21
2.97300000e+05 6.90903415e-21
2.97400000e+05 6.90714918e-21
2.97500000e+05 6.90526533e-21
2.97600000e+05 6.90338262e-21
2.97700000e+05 6.90150104e-21
2.97800000e+05 6.89962059e-21
2.97900000e+05 6.89774126e-21
2.98000000e+05 6.89586307e-21
2.98100000e+05 6.89398600e-21
2.98200000e+05 6.89211005e-21
2.98300000e+05 6.89023523e-21
2.98400000e+05 6.88836153e-21
2.98500000e+05 6.88648896e-21
2.98600000e+05 6.88461751e-21
2.98700000e+05 6.88274717e-21
2.98800000e+05 6.88087796e-21
2.98900000e+05 6.87900986e-21
2.99000000e+05 6.87714288e-21
2.99100000e+05 6.87527702e-21
2.99200000e+05 6.87341228e-21
2.99300000e+05 6.87154864e-21
2.99400000e+05 6.86968612e-21
2.99500000e+05 6.86782471e-21
2.99600000e+05 6.86596442e-21
2.99700000e+05 6.86410523e-21
2.99800000e+05 6.86224715e-21
2.99900000e+05 6.86039018e-21
3.00000000e+05 6.85853432e-21
3.00100000e+05 6.85667956e-21
3.00200000e+05 6.85482591e-21
3.00300000e+05 6.85297336e-21
3.00400000e+05 6.85112192e-21
3.00500000e+05 6.84927157e-21
3.00600000e+05 6.84742233e-21
3.00700000e+05 6.84557419e-21
3.00800000e+05 6.84372714e-21
3.00900000e+05 6.84188120e-21
3.01000000e+05 6.84003635e-21
3.01100000e+05 6.83819260e-21
3.01200000e+05 6.83634994e-21
3.01300000e+05 6.83450838e-21
3.01400000e+05 6.83266791e-21
3.01500000e+05 6.83082853e-21
3.01600000e+05 6.82899024e-21
3.01700000e+05 6.82715304e-21
3.01800000e+05 6.82531693e-21
3.01900000e+05 6.82348191e-21
3.02000000e+05 6.82164798e-21
3.02100000e+05 6.81981513e-21
3.02200000e+05 6.81798337e-21
3.02300000e+05 6.81615269e-21
3.02400000e+05 6.81432309e-21
3.02500000e+05 6.81249458e-21
3.02600000e+05 6.81066714e-21
3.02700000e+05 6.80884079e-21
3.02800000e+05 6.80701552e-21
3.02900000e+05 6.80519132e-21
3.03000000e+05 6.80336821e-21
3.03100000e+05 6.80154616e-21
3.03200000e+05 6.79972520e-21
3.03300000e+05 6.79790530e-21
3.03400000e+05 6.79608649e-21
3.03500000e+05 6.79426874e-21
3.03600000e+05 6.79245206e-21
3.03700000e+05 6.79063646e-21
3.03800000e+05 6.78882192e-21
3.03900000e+05 6.78700846e-21
3.04000000e+05 6.78519606e-21
3.04100000e+05 6.78338472e-21
3.04200000e+05 6.78157446e-21
3.04300000e+05 6.77976525e-21
3.04400000e+05 6.77795711e-21
3.04500000e+05 6.77615004e-21
3.04600000e+05 6.77434402e-21
3.04700000e+05 6.77253907e-21
3.04800000e+05 6.77073517e-21
3.04900000e+05 6.76893234e-21
3.05000000e+05 6.76713056e-21
3.05100000e+05 6.76532984e-21
3.05200000e+05 6.76353018e-21
3.05300000e+05 6.76173157e-21
3.05400000e+05 6.75993401e-21
3.05500000e+05 6.75813751e-21
3.05600000e+05 6.75634206e-21
3.05700000e+05 6.75454766e-21
3.05800000e+05 6.75275431e-21
3.05900000e+05 6.75096202e-21
3.06000000e+05 6.74917077e-21
3.06100000e+05 6.74738056e-21
3.06200000e+05 6.74559141e-21
3.06300000e+05 6.74380330e-21
3.06400000e+05 6.74201623e-21
3.06500000e+05 6.74023021e-21
3.06600000e+05 6.73844523e-21
3.06700000e+05 6.73666129e-21
3.06800000e+05 6.73487840e-21
3.06900000e+05 6.73309654e-21
3.07000000e+05 6.73131572e-21
3.07100000e+05 6.72953594e-21
3.07200000e+05 6.72775720e-21
3.07300000e+05 6.72597950e-21
3.07400000e+05 6.72420283e-21
3.07500000e+05 6.72242719e-21
3.07600000e+05 6.72065259e-21
3.07700000e+05 6.71887902e-21
3.07800000e+05 6.71710648e-21
3.07900000e+05 6.71533497e-21
3.08000000e+05 6.71356450e-21
3.08100000e+05 6.71179505e-21
3.08200000e+05 6.71002663e-21
3.08300000e+05 6.70825924e-21
3.08400000e+05 6.70649287e-21
3.08500000e+05 6.70472753e-21
3.08600000e+05 6.70296321e-21
3.08700000e+05 6.70119992e-21
3.08800000e+05 6.69943765e-21
3.08900000e+05 6.69767640e-21
3.09000000e+05 6.69591617e-21
3.09100000e+05 6.69415696e-21
3.09200000e+05 6.69239877e-21
3.09300000e+05 6.69064160e-21
3.09400000e+05 6.68888544e-21
3.09500000e+05 6.68713030e-21
3.09600000e+05 6.68537618e-21
3.09700000e+05 6.68362307e-21
3.09800000e+05 6.68187097e-21
3.09900000e+05 6.68011989e-21
3.10000000e+05 6.67836982e-21
3.10100000e+05 6.67662076e-21
3.10200000e+05 6.67487271e-21
3.10300000e+05 6.67312567e-21
3.10400000e+05 6.67137963e-21
3.10500000e+05 6.66963461e-21
3.10600000e+05 6.66789059e-21
3.10700000e+05 6.66614757e-21
3.10800000e+05 6.66440557e-21
3.10900000e+05 6.66266456e-21
3.11000000e+05 6.66092456e-21
3.11100000e+05 6.65918555e-21
3.11200000e+05 6.65744755e-21
3.11300000e+05 6.65571055e-21
3.11400000e+05 6.65397455e-21
3.11500000e+05 6.65223955e-21
3.11600000e+05 6.65050555e-21
3.11700000e+05 6.64877254e-21
3.11800000e+05 6.64704052e-21
3.11900000e+05 6.64530951e-21
3.12000000e+05 6.64357948e-21
3.12100000e+05 6.64185045e-21
3.12200000e+05 6.64012241e-21
3.12300000e+05 6.63839537e-21
3.12400000e+05 6.63666931e-21
3.12500000e+05 6.63494424e-21
3.12600000e+05 6.63322016e-21
3.12700000e+05 6.63149707e-21
3.12800000e+05 6.62977497e-21
3.12900000e+05 6.62805385e-21
3.13000000e+05 6.62633372e-21
3.13100000e+05 6.62461457e-21
3.13200000e+05 6.62289641e-21
3.13300000e+05 6.62117923e-21
3.13400000e+05 6.61946303e-21
3.13500000e+05 6.61774781e-21
3.13600000e+05 6.61603357e-21
3.13700000e+05 6.61432031e-21
3.13800000e+05 6.61260803e-21
3.13900000e+05 6.61089673e-21
3.14000000e+05 6.60918640e-21
3.14100000e+05 6.60747705e-21
3.14200000e+05 6.60576867e-21
3.14300000e+05 6.60406127e-21
3.14400000e+05 6.60235484e-21
3.14500000e+05 6.60064938e-21
3.14600000e+05 6.59894490e-21
3.14700000e+05 6.59724139e-21
3.14800000e+05 6.59553884e-21
3.14900000e+05 6.59383727e-21
3.15000000e+05 6.59213666e-21
3.15100000e+05 6.59043702e-21
3.15200000e+05 6.58873834e-21
3.15300000e+05 6.58704064e-21
3.15400000e+05 6.58534389e-21
3.15500000e+05 6.58364811e-21
3.15600000e+05 6.58195330e-21
3.15700000e+05 6.58025944e-21
3.15800000e+05 6.57856655e-21
3.15900000e+05 6.57687462e-21
3.16000000e+05 6.57518365e-21
3.16100000e+05 6.57349364e-21
3.16200000e+05 6.57180458e-21
3.16300000e+05 6.57011648e-21
3.16400000e+05 6.56842934e-21
3.16500000e+05 6.56674315e-21
3.16600000e+05 6.56505792e-21
3.16700000e+05 6.56337365e-21
3.16800000e+05 6.56169032e-21
3.16900000e+05 6.56000795e-21
3.17000000e+05 6.55832653e-21
3.17100000e+05 6.55664606e-21
3.17200000e+05 6.55496654e-21
3.17300000e+05 6.55328797e-21
3.17400000e+05 6.55161034e-21
3.17500000e+05 6.54993367e-21
3.17600000e+05 6.54825794e-21
3.17700000e+05 6.54658316e-21
3.17800000e+05 6.54490932e-21
3.17900000e+05 6.54323642e-21
3.18000000e+05 6.54156447e-21
3.18100000e+05 6.53989346e-21
3.18200000e+05 6.53822339e-21
3.18300000e+05 6.53655427e-21
3.18400000e+05 6.53488608e-21
3.18500000e+05 6.53321883e-21
3.18600000e+05 6.53155252e-21
3.18700000e+05 6.52988715e-21
3.18800000e+05 6.52822272e-21
3.18900000e+05 6.52655922e-21
3.19000000e+05 6.52489665e-21
3.19100000e+05 6.52323502e-21
3.19200000e+05 6.52157432e-21
3.19300000e+05 6.51991456e-21
3.19400000e+05 6.51825573e-21
3.19500000e+05 6.51659783e-21
3.19600000e+05 6.51494086e-21
3.19700000e+05 6.51328482e-21
3.19800000e+05 6.51162970e-21
3.19900000e+05 6.50997552e-21
3.20000000e+05 6.50832226e-21
3.20100000e+05 6.50666993e-21
3.20200000e+05 6.50501852e-21
3.20300000e+05 6.50336804e-21
3.20400000e+05 6.50171848e-21
3.20500000e+05 6.50006985e-21
3.20600000e+05 6.49842214e-21
3.20700000e+05 6.49677535e-21
3.20800000e+05 6.49512948e-21
3.20900000e+05 6.49348453e-21
3.21000000e+05 6.49184049e-21
3.21100000e+05 6.49019738e-21
3.21200000e+05 6.48855519e-21
3.21300000e+05 6.48691391e-21
3.21400000e+05 6.48527355e-21
3.21500000e+05 6.48363410e-21
3.21600000e+05 6.48199556e-21
3.21700000e+05 6.48035795e-21
3.21800000e+05 6.47872124e-21
3.21900000e+05 6.47708544e-21
3.22000000e+05 6.47545056e-21
3.22100000e+05 6.47381659e-21
3.22200000e+05 6.47218353e-21
3.22300000e+05 6.47055137e-21
3.22400000e+05 6.46892013e-21
3.22500000e+05 6.46728979e-21
3.22600000e+05 6.46566035e-21
3.22700000e+05 6.46403183e-21
3.22800000e+05 6.46240421e-21
3.22900000e+05 6.46077749e-21
3.23000000e+05 6.45915168e-21
3.23100000e+05 6.45752677e-21
3.23200000e+05 6.45590276e-21
3.23300000e+05 6.45427965e-21
3.23400000e+05 6.45265744e-21
3.23500000e+05 6.45103614e-21
3.23600000e+05 6.44941573e-21
3.23700000e+05 6.44779622e-21
3.23800000e+05 6.44617760e-21
3.23900000e+05 6.44455989e-21
3.24000000e+05 6.44294307e-21
3.24100000e+05 6.44132714e-21
3.24200000e+05 6.43971211e-21
3.24300000e+05 6.43809797e-21
3.24400000e+05 6.43648473e-21
3.24500000e+05 6.43487238e-21
3.24600000e+05 6.43326091e-21
3.24700000e+05 6.43165034e-21
3.24800000e+05 6.43004066e-21
3.24900000e+05 6.42843187e-21
3.25000000e+05 6.42682396e-21
3.25100000e+05 6.42521695e-21
3.25200000e+05 6.42361082e-21
3.25300000e+05 6.42200557e-21
3.25400000e+05 6.42040122e-21
3.25500000e+05 6.41879774e-21
3.25600000e+05 6.41719515e-21
3.25700000e+05 6.41559344e-21
3.25800000e+05 6.41399262e-21
3.25900000e+05 6.41239267e-21
3.26000000e+05 6.41079361e-21
3.26100000e+05 6.40919543e-21
3.26200000e+05 6.40759813e-21
3.26300000e+05 6.40600170e-21
3.26400000e+05 6.40440615e-21
3.26500000e+05 6.40281148e-21
3.26600000e+05 6.40121769e-21
3.26700000e+05 6.39962477e-21
3.26800000e+05 6.39803273e-21
3.26900000e+05 6.39644156e-21
3.27000000e+05 6.39485126e-21
3.27100000e+05 6.39326184e-21
3.27200000e+05 6.39167328e-21
3.27300000e+05 6.39008560e-21
3.27400000e+05 6.38849879e-21
3.27500000e+05 6.38691285e-21
3.27600000e+05 6.38532778e-21
3.27700000e+05 6.38374358e-21
3.27800000e+05 6.38216024e-21
3.27900000e+05 6.38057777e-21
3.28000000e+05 6.37899617e-21
3.28100000e+05 6.37741543e-21
3.28200000e+05 6.37583556e-21
3.28300000e+05 6.37425655e-21
3.28400000e+05 6.37267840e-21
3.28500000e+05 6.37110112e-21
3.28600000e+05 6.36952469e-21
3.28700000e+05 6.36794913e-21
3.28800000e+05 6.36637443e-21
3.28900000e+05 6.36480059e-21
3.29000000e+05 6.36322760e-21
3.29100000e+05 6.36165548e-21
3.29200000e+05 6.36008421e-21
3.29300000e+05 6.35851380e-21
3.29400000e+05 6.35694424e-21
3.29500000e+05 6.35537554e-21
3.29600000e+05 6.35380770e-21
3.29700000e+05 6.35224071e-21
3.29800000e+05 6.35067457e-21
3.29900000e+05 6.34910928e-21
3.30000000e+05 6.34754484e-21
3.30100000e+05 6.34598126e-21
3.30200000e+05 6.34441853e-21
3.30300000e+05 6.34285664e-21
3.30400000e+05 6.34129560e-21
3.30500000e+05 6.33973542e-21
3.30600000e+05 6.33817608e-21
3.30700000e+05 6.33661758e-21
3.30800000e+05 6.33505993e-21
3.30900000e+05 6.33350313e-21
3.31000000e+05 6.33194717e-21
3.31100000e+05 6.33039206e-21
3.31200000e+05 6.32883779e-21
3.31300000e+05 6.32728436e-21
3.31400000e+05 6.32573177e-21
3.31500000e+05 6.32418002e-21
3.31600000e+05 6.32262912e-21
3.31700000e+05 6.32107905e-21
3.31800000e+05 6.31952982e-21
3.31900000e+05 6.31798143e-21
3.32000000e+05 6.31643388e-21
3.32100000e+05 6.31488716e-21
3.32200000e+05 6.31334128e-21
3.32300000e+05 6.31179624e-21
3.32400000e+05 6.31025203e-21
3.32500000e+05 6.30870865e-21
3.32600000e+05 6.30716611e-21
3.32700000e+05 6.30562440e-21
3.32800000e+05 6.30408353e-21
3.32900000e+05 6.30254348e-21
3.33000000e+05 6.30100426e-21
3.33100000e+05 6.29946588e-21
3.33200000e+05 6.29792832e-21
3.33300000e+05 6.29639159e-21
3.33400000e+05 6.29485569e-21
3.33500000e+05 6.29332062e-21
3.33600000e+05 6.29178637e-21
3.33700000e+05 6.29025295e-21
3.33800000e+05 6.28872036e-21
3.33900000e+05 6.28718858e-21
3.34000000e+05 6.28565764e-21
3.34100000e+05 6.28412751e-21
3.34200000e+05 6.28259821e-21
3.34300000e+05 6.28106973e-21
3.34400000e+05 6.27954207e-21
3.34500000e+05 6.27801523e-21
3.34600000e+05 6.27648921e-21
3.34700000e+05 6.27496401e-21
3.34800000e+05 6.27343962e-21
3.34900000e+05 6.27191606e-21
3.35000000e+05 6.27039331e-21
3.35100000e+05 6.26887138e-21
3.35200000e+05 6.26735026e-21
3.35300000e+05 6.26582996e-21
3.35400000e+05 6.26431047e-21
3.35500000e+05 6.26279180e-21
3.35600000e+05 6.26127394e-21
3.35700000e+05 6.25975689e-21
3.35800000e+05 6.25824065e-21
3.35900000e+05 6.25672523e-21
3.36000000e+05 6.25521061e-21
3.36100000e+05 6.25369680e-21
3.36200000e+05 6.25218381e-21
3.36300000e+05 6.25067162e-21
3.36400000e+05 6.24916023e-21
3.36500000e+05 6.24764966e-21
3.36600000e+05 6.24613989e-21
3.36700000e+05 6.24463093e-21
3.36800000e+05 6.24312277e-21
3.36900000e+05 6.24161541e-21
3.37000000e+05 6.24010886e-21
3.37100000e+05 6.23860312e-21
3.37200000e+05 6.23709817e-21
3.37300000e+05 6.23559403e-21
3.37400000e+05 6.23409068e-21
3.37500000e+05 6.23258814e-21
3.37600000e+05 6.23108640e-21
3.37700000e+05 6.22958545e-21
3.37800000e+05 6.22808531e-21
3.37900000e+05 6.22658596e-21
3.38000000e+05 6.22508741e-21
3.38100000e+05 6.22358965e-21
3.38200000e+05 6.22209269e-21
3.38300000e+05 6.22059653e-21
3.38400000e+05 6.21910116e-21
3.38500000e+05 6.21760659e-21
3.38600000e+05 6.21611280e-21
3.38700000e+05 6.21461981e-21
3.38800000e+05 6.21312761e-21
3.38900000e+05 6.21163621e-21
3.39000000e+05 6.21014559e-21
3.39100000e+05 6.20865576e-21
3.39200000e+05 6.20716673e-21
3.39300000e+05 6.20567848e-21
3.39400000e+05 6.20419102e-21
3.39500000e+05 6.20270434e-21
3.39600000e+05 6.20121845e-21
3.39700000e+05 6.19973335e-21
3.39800000e+05 6.19824904e-21
3.39900000e+05 6.19676551e-21
3.40000000e+05 6.19528276e-21
3.40100000e+05 6.19380080e-21
3.40200000e+05 6.19231962e-21
3.40300000e+05 6.19083922e-21
3.40400000e+05 6.18935960e-21
3.40500000e+05 6.18788076e-21
3.40600000e+05 6.18640271e-21
3.40700000e+05 6.18492543e-21
3.40800000e+05 6.18344894e-21
3.40900000e+05 6.18197322e-21
3.41000000e+05 6.18049828e-21
3.41100000e+05 6.17902411e-21
3.41200000e+05 6.17755073e-21
3.41300000e+05 6.17607811e-21
3.41400000e+05 6.17460628e-21
3.41500000e+05 6.17313522e-21
3.41600000e+05 6.17166493e-21
3.41700000e+05 6.17019542e-21
3.41800000e+05 6.16872667e-21
3.41900000e+05 6.16725870e-21
3.42000000e+05 6.16579151e-21
3.42100000e+05 6.16432508e-21
3.42200000e+05 6.16285942e-21
3.42300000e+05 6.16139454e-21
3.42400000e+05 6.15993042e-21
3.42500000e+05 6.15846707e-21
3.42600000e+05 6.15700449e-21
3.42700000e+05 6.15554267e-21
3.42800000e+05 6.15408162e-21
3.42900000e+05 6.15262134e-21
3.43000000e+05 6.15116182e-21
3.43100000e+05 6.14970307e-21
3.43200000e+05 6.14824508e-21
3.43300000e+05 6.14678786e-21
3.43400000e+05 6.14533139e-21
3.43500000e+05 6.14387569e-21
3.43600000e+05 6.14242075e-21
3.43700000e+05 6.14096658e-21
3.43800000e+05 6.13951316e-21
3.43900000e+05 6.13806050e-21
3.44000000e+05 6.13660860e-21
3.44100000e+05 6.13515746e-21
3.44200000e+05 6.13370708e-21
3.44300000e+05 6.13225746e-21
3.44400000e+05 6.13080859e-21
3.44500000e+05 6.12936048e-21
3.44600000e+05 6.12791312e-21
3.44700000e+05 6.12646652e-21
3.44800000e+05 6.12502067e-21
3.44900000e+05 6.12357558e-21
3.45000000e+05 6.12213123e-21
3.45100000e+05 6.12068765e-21
3.45200000e+05 6.11924481e-21
3.45300000e+05 6.11780272e-21
3.45400000e+05 6.11636139e-21
3.45500000e+05 6.11492080e-21
3.45600000e+05 6.11348097e-21
3.45700000e+05 6.11204188e-21
3.45800000e+05 6.11060354e-21
3.45900000e+05 6.10916595e-21
3.46000000e+05 6.10772911e-21
3.46100000e+05 6.10629301e-21
3.46200000e+05 6.10485766e-21
3.46300000e+05 6.10342306e-21
3.46400000e+05 6.10198919e-21
3.46500000e+05 6.10055608e-21
3.46600000e+05 6.09912370e-21
3.46700000e+05 6.09769207e-21
3.46800000e+05 6.09626118e-21
3.46900000e+05 6.09483103e-21
3.47000000e+05 6.09340163e-21
3.47100000e+05 6.09197296e-21
3.47200000e+05 6.09054504e-21
3.47300000e+05 6.08911785e-21
3.47400000e+05 6.08769140e-21
3.47500000e+05 6.08626569e-21
3.47600000e+05 6.08484072e-21
3.47700000e+05 6.08341648e-21
3.47800000e+05 6.08199299e-21
3.47900000e+05 6.08057022e-21
3.48000000e+05 6.07914819e-21
3.48100000e+05 6.07772690e-21
3.48200000e+05 6.07630634e-21
3.48300000e+05 6.07488652e-21
3.48400000e+05 6.07346742e-21
3.48500000e+05 6.07204906e-21
3.48600000e+05 6.07063143e-21
3.48700000e+05 6.06921453e-21
3.48800000e+05 6.06779837e-21
3.48900000e+05 6.06638293e-21
3.49000000e+05 6.06496822e-21
3.49100000e+05 6.06355424e-21
3.49200000e+05 6.06214099e-21
3.49300000e+05 6.06072847e-21
3.49400000e+05 6.05931667e-21
3.49500000e+05 6.05790560e-21
3.49600000e+05 6.05649526e-21
3.49700000e+05 6.05508564e-21
3.49800000e+05 6.05367674e-21
3.49900000e+05 6.05226857e-21
3.50000000e+05 6.05086113e-21
3.50100000e+05 6.04945440e-21
3.50200000e+05 6.04804840e-21
3.50300000e+05 6.04664312e-21
3.50400000e+05 6.04523857e-21
3.50500000e+05 6.04383473e-21
3.50600000e+05 6.04243161e-21
3.50700000e+05 6.04102921e-21
3.50800000e+05 6.03962754e-21
3.50900000e+05 6.03822658e-21
3.51000000e+05 6.03682633e-21
3.51100000e+05 6.03542681e-21
3.51200000e+05 6.03402800e-21
3.51300000e+05 6.03262991e-21
3.51400000e+05 6.03123253e-21
3.51500000e+05 6.02983587e-21
3.51600000e+05 6.02843993e-21
3.51700000e+05 6.02704469e-21
3.51800000e+05 6.02565017e-21
3.51900000e+05 6.02425637e-21
3.52000000e+05 6.02286327e-21
3.52100000e+05 6.02147089e-21
3.52200000e+05 6.02007922e-21
3.52300000e+05 6.01868826e-21
3.52400000e+05 6.01729801e-21
3.52500000e+05 6.01590847e-21
3.52600000e+05 6.01451964e-21
3.52700000e+05 6.01313151e-21
3.52800000e+05 6.01174410e-21
3.52900000e+05 6.01035739e-21
3.53000000e+05 6.00897138e-21
3.53100000e+05 6.00758609e-21
3.53200000e+05 6.00620150e-21
3.53300000e+05 6.00481761e-21
3.53400000e+05 6.00343443e-21
3.53500000e+05 6.00205195e-21
3.53600000e+05 6.00067018e-21
3.53700000e+05 5.99928911e-21
3.53800000e+05 5.99790874e-21
3.53900000e+05 5.99652907e-21
3.54000000e+05 5.99515011e-21
3.54100000e+05 5.99377184e-21
3.54200000e+05 5.99239427e-21
3.54300000e+05 5.99101741e-21
3.54400000e+05 5.98964124e-21
3.54500000e+05 5.98826577e-21
3.54600000e+05 5.98689100e-21
3.54700000e+05 5.98551693e-21
3.54800000e+05 5.98414355e-21
3.54900000e+05 5.98277087e-21
3.55000000e+05 5.98139889e-21
3.55100000e+05 5.98002760e-21
3.55200000e+05 5.97865700e-21
3.55300000e+05 5.97728710e-21
3.55400000e+05 5.97591789e-21
3.55500000e+05 5.97454938e-21
3.55600000e+05 5.97318156e-21
3.55700000e+05 5.97181443e-21
3.55800000e+05 5.97044799e-21
3.55900000e+05 5.96908224e-21
3.56000000e+05 5.96771718e-21
3.56100000e+05 5.96635281e-21
3.56200000e+05 5.96498913e-21
3.56300000e+05 5.96362614e-21
3.56400000e+05 5.96226384e-21
3.56500000e+05 5.96090223e-21
3.56600000e+05 5.95954130e-21
3.56700000e+05 5.95818106e-21
3.56800000e+05 5.95682150e-21
3.56900000e+05 5.95546263e-21
3.57000000e+05 5.95410445e-21
3.57100000e+05 5.95274695e-21
3.57200000e+05 5.95139013e-21
3.57300000e+05 5.95003400e-21
3.57400000e+05 5.94867855e-21
3.57500000e+05 5.94732378e-21
3.57600000e+05 5.94596969e-21
3.57700000e+05 5.94461629e-21
3.57800000e+05 5.94326356e-21
3.57900000e+05 5.94191152e-21
3.58000000e+05 5.94056015e-21
3.58100000e+05 5.93920947e-21
3.58200000e+05 5.93785946e-21
3.58300000e+05 5.93651013e-21
3.58400000e+05 5.93516148e-21
3.58500000e+05 5.93381351e-21
3.58600000e+05 5.93246621e-21
3.58700000e+05 5.93111958e-21
3.58800000e+05 5.92977364e-21
3.58900000e+05 5.92842837e-21
3.59000000e+05 5.92708377e-21
3.59100000e+05 5.92573984e-21
3.59200000e+05 5.92439659e-21
3.59300000e+05 5.92305402e-21
3.59400000e+05 5.92171211e-21
3.59500000e+05 5.92037088e-21
3.59600000e+05 5.91903032e-21
3.59700000e+05 5.91769042e-21
3.59800000e+05 5.91635120e-21
3.59900000e+05 5.91501265e-21
3.60000000e+05 5.91367477e-21
3.60100000e+05 5.91233755e-21
3.60200000e+05 5.91100101e-21
3.60300000e+05 5.90966513e-21
3.60400000e+05 5.90832992e-21
3.60500000e+05 5.90699538e-21
3.60600000e+05 5.90566150e-21
3.60700000e+05 5.90432828e-21
3.60800000e+05 5.90299574e-21
3.60900000e+05 5.90166385e-21
3.61000000e+05 5.90033263e-21
3.61100000e+05 5.89900208e-21
3.61200000e+05 5.89767219e-21
3.61300000e+05 5.89634296e-21
3.61400000e+05 5.89501439e-21
3.61500000e+05 5.89368648e-21
3.61600000e+05 5.89235924e-21
3.61700000e+05 5.89103265e-21
3.61800000e+05 5.88970673e-21
3.61900000e+05 5.88838146e-21
3.62000000e+05 5.88705686e-21
3.62100000e+05 5.88573291e-21
3.62200000e+05 5.88440962e-21
3.62300000e+05 5.88308698e-21
3.62400000e+05 5.88176501e-21
3.62500000e+05 5.88044369e-21
3.62600000e+05 5.87912303e-21
3.62700000e+05 5.87780302e-21
3.62800000e+05 5.87648366e-21
3.62900000e+05 5.87516497e-21
3.63000000e+05 5.87384692e-21
3.63100000e+05 5.87252953e-21
3.63200000e+05 5.87121279e-21
3.63300000e+05 5.86989671e-21
3.63400000e+05 5.86858127e-21
3.63500000e+05 5.86726649e-21
3.63600000e+05 5.86595236e-21
3.63700000e+05 5.86463888e-21
3.63800000e+05 5.86332605e-21
3.63900000e+05 5.86201386e-21
3.64000000e+05 5.86070233e-21
3.64100000e+05 5.85939145e-21
3.64200000e+05 5.85808121e-21
3.64300000e+05 5.85677162e-21
3.64400000e+05 5.85546268e-21
3.64500000e+05 5.85415438e-21
3.64600000e+05 5.85284673e-21
3.64700000e+05 5.85153973e-21
3.64800000e+05 5.85023337e-21
3.64900000e+05 5.84892766e-21
3.65000000e+05 5.84762259e-21
3.65100000e+05 5.84631816e-21
3.65200000e+05 5.84501438e-21
3.65300000e+05 5.84371123e-21
3.65400000e+05 5.84240874e-21
3.65500000e+05 5.84110688e-21
3.65600000e+05 5.83980566e-21
3.65700000e+05 5.83850509e-21
3.65800000e+05 5.83720515e-21
3.65900000e+05 5.83590585e-21
3.66000000e+05 5.83460720e-21
3.66100000e+05 5.83330918e-21
3.66200000e+05 5.83201180e-21
3.66300000e+05 5.83071505e-21
3.66400000e+05 5.82941895e-21
3.66500000e+05 5.82812348e-21
3.66600000e+05 5.82682865e-21
3.66700000e+05 5.82553445e-21
3.66800000e+05 5.82424089e-21
3.66900000e+05 5.82294796e-21
3.67000000e+05 5.82165567e-21
3.67100000e+05 5.82036401e-21
3.67200000e+05 5.81907299e-21
3.67300000e+05 5.81778260e-21
3.67400000e+05 5.81649284e-21
3.67500000e+05 5.81520371e-21
3.67600000e+05 5.81391521e-21
3.67700000e+05 5.81262735e-21
3.67800000e+05 5.81134011e-21
3.67900000e+05 5.81005351e-21
3.68000000e+05 5.80876753e-21
3.68100000e+05 5.80748218e-21
3.68200000e+05 5.80619747e-21
3.68300000e+05 5.80491338e-21
3.68400000e+05 5.80362991e-21
3.68500000e+05 5.80234708e-21
3.68600000e+05 5.80106487e-21
3.68700000e+05 5.79978329e-21
3.68800000e+05 5.79850233e-21
3.68900000e+05 5.79722200e-21
3.69000000e+05 5.79594230e-21
3.69100000e+05 5.79466321e-21
3.69200000e+05 5.79338476e-21
3.69300000e+05 5.79210692e-21
3.69400000e+05 5.79082971e-21
3.69500000e+05 5.78955312e-21
3.69600000e+05 5.78827715e-21
3.69700000e+05 5.78700181e-21
3.69800000e+05 5.78572708e-21
3.69900000e+05 5.78445298e-21
3.70000000e+05 5.78317949e-21
3.70100000e+05 5.78190663e-21
3.70200000e+05 5.78063439e-21
3.70300000e+05 5.77936276e-21
3.70400000e+05 5.77809175e-21
3.70500000e+05 5.77682136e-21
3.70600000e+05 5.77555159e-21
3.70700000e+05 5.77428243e-21
3.70800000e+05 5.77301389e-21
3.70900000e+05 5.77174597e-21
3.71000000e+05 5.77047866e-21
3.71100000e+05 5.76921197e-21
3.71200000e+05 5.76794589e-21
3.71300000e+05 5.76668042e-21
3.71400000e+05 5.76541557e-21
3.71500000e+05 5.76415133e-21
3.71600000e+05 5.76288771e-21
3.71700000e+05 5.76162469e-21
3.71800000e+05 5.76036229e-21
3.71900000e+05 5.75910050e-21
3.72000000e+05 5.75783932e-21
3.72100000e+05 5.75657876e-21
3.72200000e+05 5.75531880e-21
3.72300000e+05 5.75405945e-21
3.72400000e+05 5.75280071e-21
3.72500000e+05 5.75154258e-21
3.72600000e+05 5.75028505e-21
3.72700000e+05 5.74902814e-21
3.72800000e+05 5.74777183e-21
3.72900000e+05 5.74651613e-21
3.73000000e+05 5.74526103e-21
3.73100000e+05 5.74400655e-21
3.73200000e+05 5.74275266e-21
3.73300000e+05 5.74149938e-21
3.73400000e+05 5.74024671e-21
3.73500000e+05 5.73899464e-21
3.73600000e+05 5.73774317e-21
3.73700000e+05 5.73649231e-21
3.73800000e+05 5.73524205e-21
3.73900000e+05 5.73399239e-21
3.74000000e+05 5.73274333e-21
3.74100000e+05 5.73149488e-21
3.74200000e+05 5.73024703e-21
3.74300000e+05 5.72899977e-21
3.74400000e+05 5.72775312e-21
3.74500000e+05 5.72650706e-21
3.74600000e+05 5.72526161e-21
3.74700000e+05 5.72401675e-21
3.74800000e+05 5.72277250e-21
3.74900000e+05 5.72152884e-21
3.75000000e+05 5.72028577e-21
3.75100000e+05 5.71904331e-21
3.75200000e+05 5.71780144e-21
3.75300000e+05 5.71656017e-21
3.75400000e+05 5.71531949e-21
3.75500000e+05 5.71407941e-21
3.75600000e+05 5.71283992e-21
3.75700000e+05 5.71160103e-21
3.75800000e+05 5.71036273e-21
3.75900000e+05 5.70912502e-21
3.76000000e+05 5.70788791e-21
3.76100000e+05 5.70665139e-21
3.76200000e+05 5.70541546e-21
3.76300000e+05 5.70418012e-21
3.76400000e+05 5.70294538e-21
3.76500000e+05 5.70171122e-21
3.76600000e+05 5.70047766e-21
3.76700000e+05 5.69924468e-21
3.76800000e+05 5.69801230e-21
3.76900000e+05 5.69678050e-21
3.77000000e+05 5.69554930e-21
3.77100000e+05 5.69431868e-21
3.77200000e+05 5.69308865e-21
3.77300000e+05 5.69185920e-21
3.77400000e+05 5.69063034e-21
3.77500000e+05 5.68940207e-21
3.77600000e+05 5.68817439e-21
3.77700000e+05 5.68694729e-21
3.77800000e+05 5.68572078e-21
3.77900000e+05 5.68449485e-21
3.78000000e+05 5.68326950e-21
3.78100000e+05 5.68204474e-21
3.78200000e+05 5.68082056e-21
3.78300000e+05 5.67959697e-21
3.78400000e+05 5.67837396e-21
3.78500000e+05 5.67715153e-21
3.78600000e+05 5.67592968e-21
3.78700000e+05 5.67470841e-21
3.78800000e+05 5.67348773e-21
3.78900000e+05 5.67226762e-21
3.79000000e+05 5.67104809e-21
3.79100000e+05 5.66982915e-21
3.79200000e+05 5.66861078e-21
3.79300000e+05 5.66739299e-21
3.79400000e+05 5.66617578e-21
3.79500000e+05 5.66495915e-21
3.79600000e+05 5.66374310e-21
3.79700000e+05 5.66252762e-21
3.79800000e+05 5.66131272e-21
3.79900000e+05 5.66009839e-21
3.80000000e+05 5.65888464e-21
3.80100000e+05 5.65767147e-21
3.80200000e+05 5.65645887e-21
3.80300000e+05 5.65524685e-21
3.80400000e+05 5.65403540e-21
3.80500000e+05 5.65282452e-21
3.80600000e+05 5.65161422e-21
3.80700000e+05 5.65040449e-21
3.80800000e+05 5.64919533e-21
3.80900000e+05 5.64798674e-21
3.81000000e+05 5.64677873e-21
3.81100000e+05 5.64557129e-21
3.81200000e+05 5.64436441e-21
3.81300000e+05 5.64315811e-21
3.81400000e+05 5.64195238e-21
3.81500000e+05 5.64074722e-21
3.81600000e+05 5.63954262e-21
3.81700000e+05 5.63833860e-21
3.81800000e+05 5.63713514e-21
3.81900000e+05 5.63593225e-21
3.82000000e+05 5.63472993e-21
3.82100000e+05 5.63352817e-21
3.82200000e+05 5.63232699e-21
3.82300000e+05 5.63112636e-21
3.82400000e+05 5.62992631e-21
3.82500000e+05 5.62872682e-21
3.82600000e+05 5.62752789e-21
3.82700000e+05 5.62632953e-21
3.82800000e+05 5.62513173e-21
3.82900000e+05 5.62393450e-21
3.83000000e+05 5.62273783e-21
3.83100000e+05 5.62154172e-21
3.83200000e+05 5.62034618e-21
3.83300000e+05 5.61915119e-21
3.83400000e+05 5.61795677e-21
3.83500000e+05 5.61676291e-21
3.83600000e+05 5.61556961e-21
3.83700000e+05 5.61437688e-21
3.83800000e+05 5.61318470e-21
3.83900000e+05 5.61199308e-21
3.84000000e+05 5.61080202e-21
3.84100000e+05 5.60961152e-21
3.84200000e+05 5.60842157e-21
3.84300000e+05 5.60723219e-21
3.84400000e+05 5.60604336e-21
3.84500000e+05 5.60485509e-21
3.84600000e+05 5.60366738e-21
3.84700000e+05 5.60248022e-21
3.84800000e+05 5.60129362e-21
3.84900000e+05 5.60010758e-21
3.85000000e+05 5.59892209e-21
3.85100000e+05 5.59773715e-21
3.85200000e+05 5.59655277e-21
3.85300000e+05 5.59536895e-21
3.85400000e+05 5.59418567e-21
3.85500000e+05 5.59300295e-21
3.85600000e+05 5.59182079e-21
3.85700000e+05 5.59063917e-21
3.85800000e+05 5.58945811e-21
3.85900000e+05 5.58827760e-21
3.86000000e+05 5.58709764e-21
3.86100000e+05 5.58591823e-21
3.86200000e+05 5.58473937e-21
3.86300000e+05 5.58356106e-21
3.86400000e+05 5.58238330e-21
3.86500000e+05 5.58120609e-21
3.86600000e+05 5.58002943e-21
3.86700000e+05 5.57885332e-21
3.86800000e+05 5.57767775e-21
3.86900000e+05 5.57650273e-21
3.87000000e+05 5.57532826e-21
3.87100000e+05 5.57415434e-21
3.87200000e+05 5.57298096e-21
3.87300000e+05 5.57180813e-21
3.87400000e+05 5.57063585e-21
3.87500000e+05 5.56946411e-21
3.87600000e+05 5.56829291e-21
3.87700000e+05 5.56712226e-21
3.87800000e+05 5.56595216e-21
3.87900000e+05 5.56478259e-21
3.88000000e+05 5.56361357e-21
3.88100000e+05 5.56244510e-21
3.88200000e+05 5.56127716e-21
3.88300000e+05 5.56010977e-21
3.88400000e+05 5.55894292e-21
3.88500000e+05 5.55777661e-21
3.88600000e+05 5.55661085e-21
3.88700000e+05 5.55544562e-21
3.88800000e+05 5.55428093e-21
3.88900000e+05 5.55311678e-21
3.89000000e+05 5.55195318e-21
3.89100000e+05 5.55079011e-21
3.89200000e+05 5.54962758e-21
3.89300000e+05 5.54846559e-21
3.89400000e+05 5.54730413e-21
3.89500000e+05 5.54614322e-21
3.89600000e+05 5.54498284e-21
3.89700000e+05 5.54382299e-21
3.89800000e+05 5.54266369e-21
3.89900000e+05 5.54150492e-21
3.90000000e+05 5.54034668e-21
3.90100000e+05 5.53918898e-21
3.90200000e+05 5.53803182e-21
3.90300000e+05 5.53687519e-21
3.90400000e+05 5.53571909e-21
3.90500000e+05 5.53456353e-21
3.90600000e+05 5.53340850e-21
3.90700000e+05 5.53225400e-21
3.90800000e+05 5.53110004e-21
3.90900000e+05 5.52994661e-21
3.91000000e+05 5.52879371e-21
3.91100000e+05 5.52764134e-21
3.91200000e+05 5.52648950e-21
3.91300000e+05 5.52533819e-21
3.91400000e+05 5.52418742e-21
3.91500000e+05 5.52303717e-21
3.91600000e+05 5.52188745e-21
3.91700000e+05 5.52073827e-21
3.91800000e+05 5.51958961e-21
3.91900000e+05 5.51844147e-21
3.92000000e+05 5.51729387e-21
3.92100000e+05 5.51614680e-21
3.92200000e+05 5.51500025e-21
3.92300000e+05 5.51385423e-21
3.92400000e+05 5.51270873e-21
3.92500000e+05 5.51156376e-21
3.92600000e+05 5.51041932e-21
3.92700000e+05 5.50927540e-21
3.92800000e+05 5.50813201e-21
3.92900000e+05 5.50698914e-21
3.93000000e+05 5.50584680e-21
3.93100000e+05 5.50470498e-21
3.93200000e+05 5.50356368e-21
3.93300000e+05 5.50242291e-21
3.93400000e+05 5.50128266e-21
3.93500000e+05 5.50014293e-21
3.93600000e+05 5.49900372e-21
3.93700000e+05 5.49786504e-21
3.93800000e+05 5.49672688e-21
3.93900000e+05 5.49558923e-21
3.94000000e+05 5.49445211e-21
3.94100000e+05 5.49331551e-21
3.94200000e+05 5.49217943e-21
3.94300000e+05 5.49104387e-21
3.94400000e+05 5.48990882e-21
3.94500000e+05 5.48877430e-21
3.94600000e+05 5.48764029e-21
3.94700000e+05 5.48650681e-21
3.94800000e+05 5.48537383e-21
3.94900000e+05 5.48424138e-21
3.95000000e+05 5.48310945e-21
3.95100000e+05 5.48197803e-21
3.95200000e+05 5.48084712e-21
3.95300000e+05 5.47971673e-21
3.95400000e+05 5.47858686e-21
3.95500000e+05 5.47745750e-21
3.95600000e+05 5.47632866e-21
3.95700000e+05 5.47520033e-21
3.95800000e+05 5.47407252e-21
3.95900000e+05 5.47294522e-21
3.96000000e+05 5.47181843e-21
3.96100000e+05 5.47069216e-21
3.96200000e+05 5.46956639e-21
3.96300000e+05 5.46844114e-21
3.96400000e+05 5.46731641e-21
3.96500000e+05 5.46619218e-21
3.96600000e+05 5.46506846e-21
3.96700000e+05 5.46394526e-21
3.96800000e+05 5.46282257e-21
3.96900000e+05 5.46170038e-21
3.97000000e+05 5.46057871e-21
3.97100000e+05 5.45945754e-21
3.97200000e+05 5.45833688e-21
3.97300000e+05 5.45721674e-21
3.97400000e+05 5.45609710e-21
3.97500000e+05 5.45497797e-21
3.97600000e+05 5.45385934e-21
3.97700000e+05 5.45274122e-21
3.97800000e+05 5.45162361e-21
3.97900000e+05 5.45050651e-21
3.98000000e+05 5.44938991e-21
3.98100000e+05 5.44827382e-21
3.98200000e+05 5.44715823e-21
3.98300000e+05 5.44604315e-21
3.98400000e+05 5.44492857e-21
3.98500000e+05 5.44381450e-21
3.98600000e+05 5.44270093e-21
3.98700000e+05 5.44158787e-21
3.98800000e+05 5.44047531e-21
3.98900000e+05 5.43936325e-21
3.99000000e+05 5.43825169e-21
3.99100000e+05 5.43714064e-21
3.99200000e+05 5.43603009e-21
3.99300000e+05 5.43492003e-21
3.99400000e+05 5.43381049e-21
3.99500000e+05 5.43270144e-21
3.99600000e+05 5.43159289e-21
3.99700000e+05 5.43048484e-21
3.99800000e+05 5.42937729e-21
3.99900000e+05 5.42827024e-21
4.00000000e+05 5.42716369e-21
4.00100000e+05 5.42605764e-21
4.00200000e+05 5.42495209e-21
4.00300000e+05 5.42384703e-21
4.00400000e+05 5.42274248e-21
4.00500000e+05 5.42163842e-21
4.00600000e+05 5.42053486e-21
4.00700000e+05 5.41943179e-21
4.00800000e+05 5.41832922e-21
4.00900000e+05 5.41722715e-21
4.01000000e+05 5.41612557e-21
4.01100000e+05 5.41502448e-21
4.01200000e+05 5.41392390e-21
4.01300000e+05 5.41282380e-21
4.01400000e+05 5.41172420e-21
4.01500000e+05 5.41062510e-21
4.01600000e+05 5.40952649e-21
4.01700000e+05 5.40842837e-21
4.01800000e+05 5.40733074e-21
4.01900000e+05 5.40623361e-21
4.02000000e+05 5.40513697e-21
4.02100000e+05 5.40404082e-21
4.02200000e+05 5.40294516e-21
4.02300000e+05 5.40184999e-21
4.02400000e+05 5.40075532e-21
4.02500000e+05 5.39966113e-21
4.02600000e+05 5.39856744e-21
4.02700000e+05 5.39747423e-21
4.02800000e+05 5.39638151e-21
4.02900000e+05 5.39528929e-21
4.03000000e+05 5.39419755e-21
4.03100000e+05 5.39310630e-21
4.03200000e+05 5.39201554e-21
4.03300000e+05 5.39092526e-21
4.03400000e+05 5.38983548e-21
4.03500000e+05 5.38874618e-21
4.03600000e+05 5.38765737e-21
4.03700000e+05 5.38656904e-21
4.03800000e+05 5.38548120e-21
4.03900000e+05 5.38439384e-21
4.04000000e+05 5.38330698e-21
4.04100000e+05 5.38222059e-21
4.04200000e+05 5.38113469e-21
4.04300000e+05 5.38004928e-21
4.04400000e+05 5.37896435e-21
4.04500000e+05 5.37787990e-21
4.04600000e+05 5.37679594e-21
4.04700000e+05 5.37571246e-21
4.04800000e+05 5.37462946e-21
4.04900000e+05 5.37354694e-21
4.05000000e+05 5.37246491e-21
4.05100000e+05 5.37138336e-21
4.05200000e+05 5.37030229e-21
4.05300000e+05 5.36922170e-21
4.05400000e+05 5.36814159e-21
4.05500000e+05 5.36706196e-21
4.05600000e+05 5.36598281e-21
4.05700000e+05 5.36490414e-21
4.05800000e+05 5.36382596e-21
4.05900000e+05 5.36274825e-21
4.06000000e+05 5.36167102e-21
4.06100000e+05 5.36059426e-21
4.06200000e+05 5.35951799e-21
4.06300000e+05 5.35844219e-21
4.06400000e+05 5.35736687e-21
4.06500000e+05 5.35629203e-21
4.06600000e+05 5.35521767e-21
4.06700000e+05 5.35414378e-21
4.06800000e+05 5.35307036e-21
4.06900000e+05 5.35199743e-21
4.07000000e+05 5.35092497e-21
4.07100000e+05 5.34985298e-21
4.07200000e+05 5.34878147e-21
4.07300000e+05 5.34771043e-21
4.07400000e+05 5.34663987e-21
4.07500000e+05 5.34556978e-21
4.07600000e+05 5.34450016e-21
4.07700000e+05 5.34343102e-21
4.07800000e+05 5.34236235e-21
4.07900000e+05 5.34129416e-21
4.08000000e+05 5.34022643e-21
4.08100000e+05 5.33915918e-21
4.08200000e+05 5.33809240e-21
4.08300000e+05 5.33702609e-21
4.08400000e+05 5.33596025e-21
4.08500000e+05 5.33489488e-21
4.08600000e+05 5.33382998e-21
4.08700000e+05 5.33276555e-21
4.08800000e+05 5.33170160e-21
4.08900000e+05 5.33063811e-21
4.09000000e+05 5.32957509e-21
4.09100000e+05 5.32851254e-21
4.09200000e+05 5.32745045e-21
4.09300000e+05 5.32638884e-21
4.09400000e+05 5.32532769e-21
4.09500000e+05 5.32426701e-21
4.09600000e+05 5.32320680e-21
4.09700000e+05 5.32214705e-21
4.09800000e+05 5.32108778e-21
4.09900000e+05 5.32002896e-21
4.10000000e+05 5.31897062e-21
4.10100000e+05 5.31791273e-21
4.10200000e+05 5.31685532e-21
4.10300000e+05 5.31579837e-21
4.10400000e+05 5.31474188e-21
4.10500000e+05 5.31368586e-21
4.10600000e+05 5.31263030e-21
4.10700000e+05 5.31157520e-21
4.10800000e+05 5.31052057e-21
4.10900000e+05 5.30946640e-21
4.11000000e+05 5.30841269e-21
4.11100000e+05 5.30735945e-21
4.11200000e+05 5.30630667e-21
4.11300000e+05 5.30525435e-21
4.11400000e+05 5.30420249e-21
4.11500000e+05 5.30315109e-21
4.11600000e+05 5.30210016e-21
4.11700000e+05 5.30104968e-21
4.11800000e+05 5.29999966e-21
4.11900000e+05 5.29895011e-21
4.12000000e+05 5.29790101e-21
4.12100000e+05 5.29685237e-21
4.12200000e+05 5.29580419e-21
4.12300000e+05 5.29475647e-21
4.12400000e+05 5.29370921e-21
4.12500000e+05 5.29266241e-21
4.12600000e+05 5.29161606e-21
4.12700000e+05 5.29057017e-21
4.12800000e+05 5.28952474e-21
4.12900000e+05 5.28847977e-21
4.13000000e+05 5.28743525e-21
4.13100000e+05 5.28639119e-21
4.13200000e+05 5.28534758e-21
4.13300000e+05 5.28430443e-21
4.13400000e+05 5.28326173e-21
4.13500000e+05 5.28221949e-21
4.13600000e+05 5.28117771e-21
4.13700000e+05 5.28013637e-21
4.13800000e+05 5.27909550e-21
4.13900000e+05 5.27805507e-21
4.14000000e+05 5.27701510e-21
4.14100000e+05 5.27597558e-21
4.14200000e+05 5.27493652e-21
4.14300000e+05 5.27389791e-21
4.14400000e+05 5.27285975e-21
4.14500000e+05 5.27182204e-21
4.14600000e+05 5.27078478e-21
4.14700000e+05 5.26974797e-21
4.14800000e+05 5.26871162e-21
4.14900000e+05 5.26767572e-21
4.15000000e+05 5.26664026e-21
4.15100000e+05 5.26560526e-21
4.15200000e+05 5.26457070e-21
4.15300000e+05 5.26353660e-21
4.15400000e+05 5.26250294e-21
4.15500000e+05 5.26146974e-21
4.15600000e+05 5.26043698e-21
4.15700000e+05 5.25940467e-21
4.15800000e+05 5.25837281e-21
4.15900000e+05 5.25734139e-21
4.16000000e+05 5.25631042e-21
4.16100000e+05 5.25527990e-21
4.16200000e+05 5.25424983e-21
4.16300000e+05 5.25322020e-21
4.16400000e+05 5.25219102e-21
4.16500000e+05 5.25116229e-21
4.16600000e+05 5.25013400e-21
4.16700000e+05 5.24910615e-21
4.16800000e+05 5.24807875e-21
4.16900000e+05 5.24705180e-21
4.17000000e+05 5.24602529e-21
4.17100000e+05 5.24499922e-21
4.17200000e+05 5.24397360e-21
4.17300000e+05 5.24294842e-21
4.17400000e+05 5.24192368e-21
4.17500000e+05 5.24089939e-21
4.17600000e+05 5.23987554e-21
4.17700000e+05 5.23885213e-21
4.17800000e+05 5.23782916e-21
4.17900000e+05 5.23680664e-21
4.18000000e+05 5.23578456e-21
4.18100000e+05 5.23476291e-21
4.18200000e+05 5.23374171e-21
4.18300000e+05 5.23272095e-21
4.18400000e+05 5.23170063e-21
4.18500000e+05 5.23068075e-21
4.18600000e+05 5.22966131e-21
4.18700000e+05 5.22864230e-21
4.18800000e+05 5.22762374e-21
4.18900000e+05 5.22660562e-21
4.19000000e+05 5.22558793e-21
4.19100000e+05 5.22457068e-21
4.19200000e+05 5.22355387e-21
4.19300000e+05 5.22253750e-21
4.19400000e+05 5.22152156e-21
4.19500000e+05 5.22050606e-21
4.19600000e+05 5.21949100e-21
4.19700000e+05 5.21847638e-21
4.19800000e+05 5.21746219e-21
4.19900000e+05 5.21644843e-21
4.20000000e+05 5.21543512e-21
4.20100000e+05 5.21442223e-21
4.20200000e+05 5.21340979e-21
4.20300000e+05 5.21239777e-21
4.20400000e+05 5.21138619e-21
4.20500000e+05 5.21037505e-21
4.20600000e+05 5.20936434e-21
4.20700000e+05 5.20835406e-21
4.20800000e+05 5.20734422e-21
4.20900000e+05 5.20633480e-21
4.21000000e+05 5.20532583e-21
4.21100000e+05 5.20431728e-21
4.21200000e+05 5.20330916e-21
4.21300000e+05 5.20230148e-21
4.21400000e+05 5.20129423e-21
4.21500000e+05 5.20028741e-21
4.21600000e+05 5.19928102e-21
4.21700000e+05 5.19827506e-21
4.21800000e+05 5.19726953e-21
4.21900000e+05 5.19626444e-21
4.22000000e+05 5.19525977e-21
4.22100000e+05 5.19425553e-21
4.22200000e+05 5.19325172e-21
4.22300000e+05 5.19224834e-21
4.22400000e+05 5.19124539e-21
4.22500000e+05 5.19024286e-21
4.22600000e+05 5.18924077e-21
4.22700000e+05 5.18823910e-21
4.22800000e+05 5.18723786e-21
4.22900000e+05 5.18623705e-21
4.23000000e+05 5.18523666e-21
4.23100000e+05 5.18423670e-21
4.23200000e+05 5.18323717e-21
4.23300000e+05 5.18223806e-21
4.23400000e+05 5.18123938e-21
4.23500000e+05 5.18024112e-21
4.23600000e+05 5.17924329e-21
4.23700000e+05 5.17824589e-21
4.23800000e+05 5.17724891e-21
4.23900000e+05 5.17625235e-21
4.24000000e+05 5.17525622e-21
4.24100000e+05 5.17426051e-21
4.24200000e+05 5.17326523e-21
4.24300000e+05 5.17227036e-21
4.24400000e+05 5.17127592e-21
4.24500000e+05 5.17028191e-21
4.24600000e+05 5.16928832e-21
4.24700000e+05 5.16829514e-21
4.24800000e+05 5.16730240e-21
4.24900000e+05 5.16631007e-21
4.25000000e+05 5.16531816e-21
4.25100000e+05 5.16432668e-21
4.25200000e+05 5.16333561e-21
4.25300000e+05 5.16234497e-21
4.25400000e+05 5.16135474e-21
4.25500000e+05 5.16036494e-21
4.25600000e+05 5.15937556e-21
4.25700000e+05 5.15838659e-21
4.25800000e+05 5.15739805e-21
4.25900000e+05 5.15640992e-21
4.26000000e+05 5.15542221e-21
4.26100000e+05 5.15443492e-21
4.26200000e+05 5.15344805e-21
4.26300000e+05 5.15246160e-21
4.26400000e+05 5.15147556e-21
4.26500000e+05 5.15048994e-21
4.26600000e+05 5.14950474e-21
4.26700000e+05 5.14851995e-21
4.26800000e+05 5.14753558e-21
4.26900000e+05 5.14655163e-21
4.27000000e+05 5.14556809e-21
4.27100000e+05 5.14458497e-21
4.27200000e+05 5.14360226e-21
4.27300000e+05 5.14261997e-21
4.27400000e+05 5.14163810e-21
4.27500000e+05 5.14065663e-21
4.27600000e+05 5.13967559e-21
4.27700000e+05 5.13869495e-21
4.27800000e+05 5.13771473e-21
4.27900000e+05 5.13673493e-21
4.28000000e+05 5.13575553e-21
4.28100000e+05 5.13477655e-21
4.28200000e+05 5.13379798e-21
4.28300000e+05 5.13281983e-21
4.28400000e+05 5.13184208e-21
4.28500000e+05 5.13086475e-21
4.28600000e+05 5.12988783e-21
4.28700000e+05 5.12891132e-21
4.28800000e+05 5.12793522e-21
4.28900000e+05 5.12695954e-21
4.29000000e+05 5.12598426e-21
4.29100000e+05 5.12500939e-21
4.29200000e+05 5.12403493e-21
4.29300000e+05 5.12306089e-21
4.29400000e+05 5.12208725e-21
4.29500000e+05 5.12111402e-21
4.29600000e+05 5.12014120e-21
4.29700000e+05 5.11916879e-21
4.29800000e+05 5.11819679e-21
4.29900000e+05 5.11722519e-21
4.30000000e+05 5.11625400e-21
4.30100000e+05 5.11528322e-21
4.30200000e+05 5.11431285e-21
4.30300000e+05 5.11334289e-21
4.30400000e+05 5.11237333e-21
4.30500000e+05 5.11140418e-21
4.30600000e+05 5.11043543e-21
4.30700000e+05 5.10946709e-21
4.30800000e+05 5.10849916e-21
4.30900000e+05 5.10753163e-21
4.31000000e+05 5.10656450e-21
4.31100000e+05 5.10559778e-21
4.31200000e+05 5.10463147e-21
4.31300000e+05 5.10366556e-21
4.31400000e+05 5.10270005e-21
4.31500000e+05 5.10173495e-21
4.31600000e+05 5.10077025e-21
4.31700000e+05 5.09980596e-21
4.31800000e+05 5.09884207e-21
4.31900000e+05 5.09787858e-21
4.32000000e+05 5.09691549e-21
4.32100000e+05 5.09595281e-21
4.32200000e+05 5.09499052e-21
4.32300000e+05 5.09402864e-21
4.32400000e+05 5.09306716e-21
4.32500000e+05 5.09210609e-21
4.32600000e+05 5.09114541e-21
4.32700000e+05 5.09018513e-21
4.32800000e+05 5.08922526e-21
4.32900000e+05 5.08826578e-21
4.33000000e+05 5.08730671e-21
4.33100000e+05 5.08634803e-21
4.33200000e+05 5.08538975e-21
4.33300000e+05 5.08443188e-21
4.33400000e+05 5.08347440e-21
4.33500000e+05 5.08251732e-21
4.33600000e+05 5.08156064e-21
4.33700000e+05 5.08060435e-21
4.33800000e+05 5.07964847e-21
4.33900000e+05 5.07869298e-21
4.34000000e+05 5.07773789e-21
4.34100000e+05 5.07678320e-21
4.34200000e+05 5.07582890e-21
4.34300000e+05 5.07487500e-21
4.34400000e+05 5.07392150e-21
4.34500000e+05 5.07296839e-21
4.34600000e+05 5.07201568e-21
4.34700000e+05 5.07106336e-21
4.34800000e+05 5.07011144e-21
4.34900000e+05 5.06915992e-21
4.35000000e+05 5.06820879e-21
4.35100000e+05 5.06725805e-21
4.35200000e+05 5.06630771e-21
4.35300000e+05 5.06535776e-21
4.35400000e+05 5.06440821e-21
4.35500000e+05 5.06345905e-21
4.35600000e+05 5.06251028e-21
4.35700000e+05 5.06156191e-21
4.35800000e+05 5.06061393e-21
4.35900000e+05 5.05966634e-21
4.36000000e+05 5.05871914e-21
4.36100000e+05 5.05777234e-21
4.36200000e+05 5.05682592e-21
4.36300000e+05 5.05587990e-21
4.36400000e+05 5.05493427e-21
4.36500000e+05 5.05398903e-21
4.36600000e+05 5.05304419e-21
4.36700000e+05 5.05209973e-21
4.36800000e+05 5.05115566e-21
4.36900000e+05 5.05021198e-21
4.37000000e+05 5.04926870e-21
4.37100000e+05 5.04832580e-21
4.37200000e+05 5.04738329e-21
4.37300000e+05 5.04644117e-21
4.37400000e+05 5.04549944e-21
4.37500000e+05 5.04455810e-21
4.37600000e+05 5.04361715e-21
4.37700000e+05 5.04267658e-21
4.37800000e+05 5.04173640e-21
4.37900000e+05 5.04079661e-21
4.38000000e+05 5.03985721e-21
4.38100000e+05 5.03891819e-21
4.38200000e+05 5.03797956e-21
4.38300000e+05 5.03704132e-21
4.38400000e+05 5.03610346e-21
4.38500000e+05 5.03516599e-21
4.38600000e+05 5.03422891e-21
4.38700000e+05 5.03329221e-21
4.38800000e+05 5.03235590e-21
4.38900000e+05 5.03141997e-21
4.39000000e+05 5.03048443e-21
4.39100000e+05 5.02954927e-21
4.39200000e+05 5.02861449e-21
4.39300000e+05 5.02768010e-21
4.39400000e+05 5.02674610e-21
4.39500000e+05 5.02581247e-21
4.39600000e+05 5.02487923e-21
4.39700000e+05 5.02394638e-21
4.39800000e+05 5.02301390e-21
4.39900000e+05 5.02208181e-21
4.40000000e+05 5.02115010e-21
4.40100000e+05 5.02021878e-21
4.40200000e+05 5.01928783e-21
4.40300000e+05 5.01835727e-21
4.40400000e+05 5.01742709e-21
4.40500000e+05 5.01649729e-21
4.40600000e+05 5.01556787e-21
4.40700000e+05 5.01463883e-21
4.40800000e+05 5.01371017e-21
4.40900000e+05 5.01278189e-21
4.41000000e+05 5.01185400e-21
4.41100000e+05 5.01092648e-21
4.41200000e+05 5.00999934e-21
4.41300000e+05 5.00907258e-21
4.41400000e+05 5.00814620e-21
4.41500000e+05 5.00722020e-21
4.41600000e+05 5.00629457e-21
4.41700000e+05 5.00536933e-21
4.41800000e+05 5.00444446e-21
4.41900000e+05 5.00351997e-21
4.42000000e+05 5.00259586e-21
4.42100000e+05 5.00167213e-21
4.42200000e+05 5.00074877e-21
4.42300000e+05 4.99982579e-21
4.42400000e+05 4.99890319e-21
4.42500000e+05 4.99798096e-21
4.42600000e+05 4.99705911e-21
4.42700000e+05 4.99613764e-21
4.42800000e+05 4.99521654e-21
4.42900000e+05 4.99429581e-21
4.43000000e+05 4.99337546e-21
4.43100000e+05 4.99245549e-21
4.43200000e+05 4.99153589e-21
4.43300000e+05 4.99061667e-21
4.43400000e+05 4.98969782e-21
4.43500000e+05 4.98877934e-21
4.43600000e+05 4.98786124e-21
4.43700000e+05 4.98694351e-21
4.43800000e+05 4.98602615e-21
4.43900000e+05 4.98510917e-21
4.44000000e+05 4.98419256e-21
4.44100000e+05 4.98327633e-21
4.44200000e+05 4.98236046e-21
4.44300000e+05 4.98144497e-21
4.44400000e+05 4.98052985e-21
4.44500000e+05 4.97961510e-21
4.44600000e+05 4.97870072e-21
4.44700000e+05 4.97778672e-21
4.44800000e+05 4.97687308e-21
4.44900000e+05 4.97595982e-21
4.45000000e+05 4.97504692e-21
4.45100000e+05 4.97413440e-21
4.45200000e+05 4.97322224e-21
4.45300000e+05 4.97231046e-21
4.45400000e+05 4.97139905e-21
4.45500000e+05 4.97048800e-21
4.45600000e+05 4.96957732e-21
4.45700000e+05 4.96866702e-21
4.45800000e+05 4.96775708e-21
4.45900000e+05 4.96684751e-21
4.46000000e+05 4.96593831e-21
4.46100000e+05 4.96502947e-21
4.46200000e+05 4.96412101e-21
4.46300000e+05 4.96321291e-21
4.46400000e+05 4.96230518e-21
4.46500000e+05 4.96139781e-21
4.46600000e+05 4.96049081e-21
4.46700000e+05 4.95958418e-21
4.46800000e+05 4.95867792e-21
4.46900000e+05 4.95777202e-21
4.47000000e+05 4.95686649e-21
4.47100000e+05 4.95596132e-21
4.47200000e+05 4.95505652e-21
4.47300000e+05 4.95415208e-21
4.47400000e+05 4.95324801e-21
4.47500000e+05 4.95234430e-21
4.47600000e+05 4.95144096e-21
4.47700000e+05 4.95053798e-21
4.47800000e+05 4.94963537e-21
4.47900000e+05 4.94873312e-21
4.48000000e+05 4.94783123e-21
4.48100000e+05 4.94692971e-21
4.48200000e+05 4.94602855e-21
4.48300000e+05 4.94512775e-21
4.48400000e+05 4.94422732e-21
4.48500000e+05 4.94332725e-21
4.48600000e+05 4.94242754e-21
4.48700000e+05 4.94152819e-21
4.48800000e+05 4.94062920e-21
4.48900000e+05 4.93973058e-21
4.49000000e+05 4.93883232e-21
4.49100000e+05 4.93793442e-21
4.49200000e+05 4.93703687e-21
4.49300000e+05 4.93613969e-21
4.49400000e+05 4.93524287e-21
4.49500000e+05 4.93434642e-21
4.49600000e+05 4.93345032e-21
4.49700000e+05 4.93255458e-21
4.49800000e+05 4.93165920e-21
4.49900000e+05 4.93076417e-21
4.50000000e+05 4.92986951e-21
4.50100000e+05 4.92897521e-21
4.50200000e+05 4.92808127e-21
4.50300000e+05 4.92718768e-21
4.50400000e+05 4.92629445e-21
4.50500000e+05 4.92540158e-21
4.50600000e+05 4.92450907e-21
4.50700000e+05 4.92361692e-21
4.50800000e+05 4.92272512e-21
4.50900000e+05 4.92183368e-21
4.51000000e+05 4.92094260e-21
4.51100000e+05 4.92005187e-21
4.51200000e+05 4.91916150e-21
4.51300000e+05 4.91827149e-21
4.51400000e+05 4.91738183e-21
4.51500000e+05 4.91649253e-21
4.51600000e+05 4.91560358e-21
4.51700000e+05 4.91471499e-21
4.51800000e+05 4.91382675e-21
4.51900000e+05 4.91293887e-21
4.52000000e+05 4.91205134e-21
4.52100000e+05 4.91116417e-21
4.52200000e+05 4.91027735e-21
4.52300000e+05 4.90939089e-21
4.52400000e+05 4.90850478e-21
4.52500000e+05 4.90761902e-21
4.52600000e+05 4.90673362e-21
4.52700000e+05 4.90584857e-21
4.52800000e+05 4.90496387e-21
4.52900000e+05 4.90407953e-21
4.53000000e+05 4.90319554e-21
4.53100000e+05 4.90231190e-21
4.53200000e+05 4.90142861e-21
4.53300000e+05 4.90054567e-21
4.53400000e+05 4.89966309e-21
4.53500000e+05 4.89878086e-21
4.53600000e+05 4.89789897e-21
4.53700000e+05 4.89701744e-21
4.53800000e+05 4.89613626e-21
4.53900000e+05 4.89525543e-21
4.54000000e+05 4.89437496e-21
4.54100000e+05 4.89349483e-21
4.54200000e+05 4.89261505e-21
4.54300000e+05 4.89173562e-21
4.54400000e+05 4.89085654e-21
4.54500000e+05 4.88997781e-21
4.54600000e+05 4.88909943e-21
4.54700000e+05 4.88822139e-21
4.54800000e+05 4.88734371e-21
4.54900000e+05 4.88646637e-21
4.55000000e+05 4.88558938e-21
4.55100000e+05 4.88471274e-21
4.55200000e+05 4.88383645e-21
4.55300000e+05 4.88296051e-21
4.55400000e+05 4.88208491e-21
4.55500000e+05 4.88120966e-21
4.55600000e+05 4.88033476e-21
4.55700000e+05 4.87946020e-21
4.55800000e+05 4.87858599e-21
4.55900000e+05 4.87771213e-21
4.56000000e+05 4.87683861e-21
4.56100000e+05 4.87596544e-21
4.56200000e+05 4.87509261e-21
4.56300000e+05 4.87422013e-21
4.56400000e+05 4.87334799e-21
4.56500000e+05 4.87247620e-21
4.56600000e+05 4.87160476e-21
4.56700000e+05 4.87073365e-21
4.56800000e+05 4.86986290e-21
4.56900000e+05 4.86899248e-21
4.57000000e+05 4.86812241e-21
4.57100000e+05 4.86725269e-21
4.57200000e+05 4.86638331e-21
4.57300000e+05 4.86551427e-21
4.57400000e+05 4.86464557e-21
4.57500000e+05 4.86377722e-21
4.57600000e+05 4.86290921e-21
4.57700000e+05 4.86204154e-21
4.57800000e+05 4.86117421e-21
4.57900000e+05 4.86030723e-21
4.58000000e+05 4.85944059e-21
4.58100000e+05 4.85857429e-21
4.58200000e+05 4.85770833e-21
4.58300000e+05 4.85684271e-21
4.58400000e+05 4.85597744e-21
4.58500000e+05 4.85511250e-21
4.58600000e+05 4.85424791e-21
4.58700000e+05 4.85338365e-21
4.58800000e+05 4.85251974e-21
4.58900000e+05 4.85165616e-21
4.59000000e+05 4.85079293e-21
4.59100000e+05 4.84993003e-21
4.59200000e+05 4.84906747e-21
4.59300000e+05 4.84820526e-21
4.59400000e+05 4.84734338e-21
4.59500000e+05 4.84648184e-21
4.59600000e+05 4.84562064e-21
4.59700000e+05 4.84475977e-21
4.59800000e+05 4.84389925e-21
4.59900000e+05 4.84303906e-21
4.60000000e+05 4.84217921e-21
4.60100000e+05 4.84131970e-21
4.60200000e+05 4.84046053e-21
4.60300000e+05 4.83960169e-21
4.60400000e+05 4.83874319e-21
4.60500000e+05 4.83788503e-21
4.60600000e+05 4.83702720e-21
4.60700000e+05 4.83616971e-21
4.60800000e+05 4.83531255e-21
4.60900000e+05 4.83445573e-21
4.61000000e+05 4.83359925e-21
4.61100000e+05 4.83274310e-21
4.61200000e+05 4.83188729e-21
4.61300000e+05 4.83103181e-21
4.61400000e+05 4.83017667e-21
4.61500000e+05 4.82932186e-21
4.61600000e+05 4.82846738e-21
4.61700000e+05 4.82761324e-21
4.61800000e+05 4.82675944e-21
4.61900000e+05 4.82590597e-21
4.62000000e+05 4.82505283e-21
4.62100000e+05 4.82420002e-21
4.62200000e+05 4.82334755e-21
4.62300000e+05 4.82249541e-21
4.62400000e+05 4.82164360e-21
4.62500000e+05 4.82079213e-21
4.62600000e+05 4.81994099e-21
4.62700000e+05 4.81909018e-21
4.62800000e+05 4.81823970e-21
4.62900000e+05 4.81738956e-21
4.63000000e+05 4.81653974e-21
4.63100000e+05 4.81569026e-21
4.63200000e+05 4.81484111e-21
4.63300000e+05 4.81399229e-21
4.63400000e+05 4.81314380e-21
4.63500000e+05 4.81229564e-21
4.63600000e+05 4.81144781e-21
4.63700000e+05 4.81060031e-21
4.63800000e+05 4.80975315e-21
4.63900000e+05 4.80890631e-21
4.64000000e+05 4.80805980e-21
4.64100000e+05 4.80721362e-21
4.64200000e+05 4.80636777e-21
4.64300000e+05 4.80552225e-21
4.64400000e+05 4.80467705e-21
4.64500000e+05 4.80383219e-21
4.64600000e+05 4.80298765e-21
4.64700000e+05 4.80214345e-21
4.64800000e+05 4.80129957e-21
4.64900000e+05 4.80045602e-21
4.65000000e+05 4.79961279e-21
4.65100000e+05 4.79876989e-21
4.65200000e+05 4.79792733e-21
4.65300000e+05 4.79708508e-21
4.65400000e+05 4.79624317e-21
4.65500000e+05 4.79540158e-21
4.65600000e+05 4.79456032e-21
4.65700000e+05 4.79371938e-21
4.65800000e+05 4.79287877e-21
4.65900000e+05 4.79203848e-21
4.66000000e+05 4.79119853e-21
4.66100000e+05 4.79035889e-21
4.66200000e+05 4.78951958e-21
4.66300000e+05 4.78868060e-21
4.66400000e+05 4.78784194e-21
4.66500000e+05 4.78700361e-21
4.66600000e+05 4.78616560e-21
4.66700000e+05 4.78532791e-21
4.66800000e+05 4.78449055e-21
4.66900000e+05 4.78365352e-21
4.67000000e+05 4.78281680e-21
4.67100000e+05 4.78198041e-21
4.67200000e+05 4.78114435e-21
4.67300000e+05 4.78030860e-21
4.67400000e+05 4.77947318e-21
4.67500000e+05 4.77863808e-21
4.67600000e+05 4.77780331e-21
4.67700000e+05 4.77696886e-21
4.67800000e+05 4.77613473e-21
4.67900000e+05 4.77530092e-21
4.68000000e+05 4.77446743e-21
4.68100000e+05 4.77363426e-21
4.68200000e+05 4.77280142e-21
4.68300000e+05 4.77196890e-21
4.68400000e+05 4.77113669e-21
4.68500000e+05 4.77030481e-21
4.68600000e+05 4.76947325e-21
4.68700000e+05 4.76864201e-21
4.68800000e+05 4.76781109e-21
4.68900000e+05 4.76698049e-21
4.69000000e+05 4.76615021e-21
4.69100000e+05 4.76532025e-21
4.69200000e+05 4.76449061e-21
4.69300000e+05 4.76366129e-21
4.69400000e+05 4.76283229e-21
4.69500000e+05 4.76200360e-21
4.69600000e+05 4.76117524e-21
4.69700000e+05 4.76034719e-21
4.69800000e+05 4.75951946e-21
4.69900000e+05 4.75869205e-21
4.70000000e+05 4.75786496e-21
4.70100000e+05 4.75703819e-21
4.70200000e+05 4.75621173e-21
4.70300000e+05 4.75538559e-21
4.70400000e+05 4.75455977e-21
4.70500000e+05 4.75373426e-21
4.70600000e+05 4.75290907e-21
4.70700000e+05 4.75208420e-21
4.70800000e+05 4.75125965e-21
4.70900000e+05 4.75043541e-21
4.71000000e+05 4.74961148e-21
4.71100000e+05 4.74878788e-21
4.71200000e+05 4.74796458e-21
4.71300000e+05 4.74714161e-21
4.71400000e+05 4.74631895e-21
4.71500000e+05 4.74549660e-21
4.71600000e+05 4.74467457e-21
4.71700000e+05 4.74385285e-21
4.71800000e+05 4.74303145e-21
4.71900000e+05 4.74221036e-21
4.72000000e+05 4.74138959e-21
4.72100000e+05 4.74056913e-21
4.72200000e+05 4.73974899e-21
4.72300000e+05 4.73892916e-21
4.72400000e+05 4.73810964e-21
4.72500000e+05 4.73729043e-21
4.72600000e+05 4.73647154e-21
4.72700000e+05 4.73565296e-21
4.72800000e+05 4.73483469e-21
4.72900000e+05 4.73401674e-21
4.73000000e+05 4.73319910e-21
4.73100000e+05 4.73238177e-21
4.73200000e+05 4.73156475e-21
4.73300000e+05 4.73074805e-21
4.73400000e+05 4.72993165e-21
4.73500000e+05 4.72911557e-21
4.73600000e+05 4.72829980e-21
4.73700000e+05 4.72748434e-21
4.73800000e+05 4.72666919e-21
4.73900000e+05 4.72585435e-21
4.74000000e+05 4.72503982e-21
4.74100000e+05 4.72422560e-21
4.74200000e+05 4.72341169e-21
4.74300000e+05 4.72259809e-21
4.74400000e+05 4.72178481e-21
4.74500000e+05 4.72097183e-21
4.74600000e+05 4.72015916e-21
4.74700000e+05 4.71934680e-21
4.74800000e+05 4.71853475e-21
4.74900000e+05 4.71772300e-21
4.75000000e+05 4.71691157e-21
4.75100000e+05 4.71610044e-21
4.75200000e+05 4.71528963e-21
4.75300000e+05 4.71447912e-21
4.75400000e+05 4.71366892e-21
4.75500000e+05 4.71285902e-21
4.75600000e+05 4.71204944e-21
4.75700000e+05 4.71124016e-21
4.75800000e+05 4.71043119e-21
4.75900000e+05 4.70962252e-21
4.76000000e+05 4.70881417e-21
4.76100000e+05 4.70800612e-21
4.76200000e+05 4.70719837e-21
4.76300000e+05 4.70639093e-21
4.76400000e+05 4.70558380e-21
4.76500000e+05 4.70477698e-21
4.76600000e+05 4.70397045e-21
4.76700000e+05 4.70316424e-21
4.76800000e+05 4.70235833e-21
4.76900000e+05 4.70155273e-21
4.77000000e+05 4.70074743e-21
4.77100000e+05 4.69994243e-21
4.77200000e+05 4.69913774e-21
4.77300000e+05 4.69833336e-21
4.77400000e+05 4.69752928e-21
4.77500000e+05 4.69672550e-21
4.77600000e+05 4.69592203e-21
4.77700000e+05 4.69511886e-21
4.77800000e+05 4.69431600e-21
4.77900000e+05 4.69351343e-21
4.78000000e+05 4.69271118e-21
4.78100000e+05 4.69190922e-21
4.78200000e+05 4.69110757e-21
4.78300000e+05 4.69030622e-21
4.78400000e+05 4.68950517e-21
4.78500000e+05 4.68870443e-21
4.78600000e+05 4.68790398e-21
4.78700000e+05 4.68710384e-21
4.78800000e+05 4.68630400e-21
4.78900000e+05 4.68550447e-21
4.79000000e+05 4.68470523e-21
4.79100000e+05 4.68390630e-21
4.79200000e+05 4.68310766e-21
4.79300000e+05 4.68230933e-21
4.79400000e+05 4.68151130e-21
4.79500000e+05 4.68071357e-21
4.79600000e+05 4.67991614e-21
4.79700000e+05 4.67911901e-21
4.79800000e+05 4.67832218e-21
4.79900000e+05 4.67752565e-21
4.80000000e+05 4.67672942e-21
4.80100000e+05 4.67593349e-21
4.80200000e+05 4.67513785e-21
4.80300000e+05 4.67434252e-21
4.80400000e+05 4.67354749e-21
4.80500000e+05 4.67275275e-21
4.80600000e+05 4.67195832e-21
4.80700000e+05 4.67116418e-21
4.80800000e+05 4.67037034e-21
4.80900000e+05 4.66957680e-21
4.81000000e+05 4.66878356e-21
4.81100000e+05 4.66799061e-21
4.81200000e+05 4.66719797e-21
4.81300000e+05 4.66640562e-21
4.81400000e+05 4.66561356e-21
4.81500000e+05 4.66482181e-21
4.81600000e+05 4.66403035e-21
4.81700000e+05 4.66323919e-21
4.81800000e+05 4.66244832e-21
4.81900000e+05 4.66165775e-21
4.82000000e+05 4.66086748e-21
4.82100000e+05 4.66007750e-21
4.82200000e+05 4.65928782e-21
4.82300000e+05 4.65849844e-21
4.82400000e+05 4.65770935e-21
4.82500000e+05 4.65692056e-21
4.82600000e+05 4.65613206e-21
4.82700000e+05 4.65534385e-21
4.82800000e+05 4.65455594e-21
4.82900000e+05 4.65376833e-21
4.83000000e+05 4.65298101e-21
4.83100000e+05 4.65219399e-21
4.83200000e+05 4.65140725e-21
4.83300000e+05 4.65062082e-21
4.83400000e+05 4.64983467e-21
4.83500000e+05 4.64904883e-21
4.83600000e+05 4.64826327e-21
4.83700000e+05 4.64747801e-21
4.83800000e+05 4.64669304e-21
4.83900000e+05 4.64590836e-21
4.84000000e+05 4.64512398e-21
4.84100000e+05 4.64433989e-21
4.84200000e+05 4.64355609e-21
4.84300000e+05 4.64277258e-21
4.84400000e+05 4.64198937e-21
4.84500000e+05 4.64120645e-21
4.84600000e+05 4.64042382e-21
4.84700000e+05 4.63964148e-21
4.84800000e+05 4.63885943e-21
4.84900000e+05 4.63807768e-21
4.85000000e+05 4.63729621e-21
4.85100000e+05 4.63651504e-21
4.85200000e+05 4.63573416e-21
4.85300000e+05 4.63495356e-21
4.85400000e+05 4.63417326e-21
4.85500000e+05 4.63339325e-21
4.85600000e+05 4.63261353e-21
4.85700000e+05 4.63183410e-21
4.85800000e+05 4.63105496e-21
4.85900000e+05 4.63027611e-21
4.86000000e+05 4.62949754e-21
4.86100000e+05 4.62871927e-21
4.86200000e+05 4.62794129e-21
4.86300000e+05 4.62716359e-21
4.86400000e+05 4.62638619e-21
4.86500000e+05 4.62560907e-21
4.86600000e+05 4.62483224e-21
4.86700000e+05 4.62405570e-21
4.86800000e+05 4.62327945e-21
4.86900000e+05 4.62250348e-21
4.87000000e+05 4.62172781e-21
4.87100000e+05 4.62095242e-21
4.87200000e+05 4.62017732e-21
4.87300000e+05 4.61940250e-21
4.87400000e+05 4.61862797e-21
4.87500000e+05 4.61785373e-21
4.87600000e+05 4.61707978e-21
4.87700000e+05 4.61630611e-21
4.87800000e+05 4.61553273e-21
4.87900000e+05 4.61475964e-21
4.88000000e+05 4.61398683e-21
4.88100000e+05 4.61321431e-21
4.88200000e+05 4.61244208e-21
4.88300000e+05 4.61167012e-21
4.88400000e+05 4.61089846e-21
4.88500000e+05 4.61012708e-21
4.88600000e+05 4.60935599e-21
4.88700000e+05 4.60858518e-21
4.88800000e+05 4.60781465e-21
4.88900000e+05 4.60704441e-21
4.89000000e+05 4.60627446e-21
4.89100000e+05 4.60550479e-21
4.89200000e+05 4.60473540e-21
4.89300000e+05 4.60396630e-21
4.89400000e+05 4.60319748e-21
4.89500000e+05 4.60242895e-21
4.89600000e+05 4.60166069e-21
4.89700000e+05 4.60089273e-21
4.89800000e+05 4.60012504e-21
4.89900000e+05 4.59935764e-21
4.90000000e+05 4.59859052e-21
4.90100000e+05 4.59782368e-21
4.90200000e+05 4.59705713e-21
4.90300000e+05 4.59629086e-21
4.90400000e+05 4.59552487e-21
4.90500000e+05 4.59475916e-21
4.90600000e+05 4.59399374e-21
4.90700000e+05 4.59322860e-21
4.90800000e+05 4.59246374e-21
4.90900000e+05 4.59169916e-21
4.91000000e+05 4.59093486e-21
4.91100000e+05 4.59017084e-21
4.91200000e+05 4.58940710e-21
4.91300000e+05 4.58864365e-21
4.91400000e+05 4.58788047e-21
4.91500000e+05 4.58711758e-21
4.91600000e+05 4.58635496e-21
4.91700000e+05 4.58559263e-21
4.91800000e+05 4.58483057e-21
4.91900000e+05 4.58406880e-21
4.92000000e+05 4.58330731e-21
4.92100000e+05 4.58254609e-21
4.92200000e+05 4.58178515e-21
4.92300000e+05 4.58102450e-21
4.92400000e+05 4.58026412e-21
4.92500000e+05 4.57950402e-21
4.92600000e+05 4.57874420e-21
4.92700000e+05 4.57798466e-21
4.92800000e+05 4.57722540e-21
4.92900000e+05 4.57646641e-21
4.93000000e+05 4.57570771e-21
4.93100000e+05 4.57494928e-21
4.93200000e+05 4.57419113e-21
4.93300000e+05 4.57343325e-21
4.93400000e+05 4.57267566e-21
4.93500000e+05 4.57191834e-21
4.93600000e+05 4.57116130e-21
4.93700000e+05 4.57040453e-21
4.93800000e+05 4.56964805e-21
4.93900000e+05 4.56889184e-21
4.94000000e+05 4.56813590e-21
4.94100000e+05 4.56738024e-21
4.94200000e+05 4.56662486e-21
4.94300000e+05 4.56586976e-21
4.94400000e+05 4.56511493e-21
4.94500000e+05 4.56436037e-21
4.94600000e+05 4.56360610e-21
4.94700000e+05 4.56285209e-21
4.94800000e+05 4.56209836e-21
4.94900000e+05 4.56134491e-21
4.95000000e+05 4.56059173e-21
4.95100000e+05 4.55983883e-21
4.95200000e+05 4.55908620e-21
4.95300000e+05 4.55833385e-21
4.95400000e+05 4.55758177e-21
4.95500000e+05 4.55682997e-21
4.95600000e+05 4.55607843e-21
4.95700000e+05 4.55532718e-21
4.95800000e+05 4.55457619e-21
4.95900000e+05 4.55382548e-21
4.96000000e+05 4.55307505e-21
4.96100000e+05 4.55232488e-21
4.96200000e+05 4.55157499e-21
4.96300000e+05 4.55082538e-21
4.96400000e+05 4.55007603e-21
4.96500000e+05 4.54932696e-21
4.96600000e+05 4.54857816e-21
4.96700000e+05 4.54782963e-21
4.96800000e+05 4.54708138e-21
4.96900000e+05 4.54633340e-21
4.97000000e+05 4.54558569e-21
4.97100000e+05 4.54483825e-21
4.97200000e+05 4.54409108e-21
4.97300000e+05 4.54334418e-21
4.97400000e+05 4.54259756e-21
4.97500000e+05 4.54185120e-21
4.97600000e+05 4.54110512e-21
4.97700000e+05 4.54035931e-21
4.97800000e+05 4.53961377e-21
4.97900000e+05 4.53886850e-21
4.98000000e+05 4.53812350e-21
4.98100000e+05 4.53737877e-21
4.98200000e+05 4.53663431e-21
4.98300000e+05 4.53589012e-21
4.98400000e+05 4.53514619e-21
4.98500000e+05 4.53440254e-21
4.98600000e+05 4.53365916e-21
4.98700000e+05 4.53291605e-21
4.98800000e+05 4.53217321e-21
4.98900000e+05 4.53143063e-21
4.99000000e+05 4.53068833e-21
4.99100000e+05 4.52994629e-21
4.99200000e+05 4.52920452e-21
4.99300000e+05 4.52846302e-21
4.99400000e+05 4.52772179e-21
4.99500000e+05 4.52698083e-21
4.99600000e+05 4.52624013e-21
4.99700000e+05 4.52549970e-21
4.99800000e+05 4.52475954e-21
4.99900000e+05 4.52401965e-21
5.00000000e+05 4.52328002e-21
5.00100000e+05 4.52254067e-21
5.00200000e+05 4.52180157e-21
5.00300000e+05 4.52106275e-21
5.00400000e+05 4.52032419e-21
5.00500000e+05 4.51958590e-21
5.00600000e+05 4.51884788e-21
5.00700000e+05 4.51811012e-21
5.00800000e+05 4.51737263e-21
5.00900000e+05 4.51663540e-21
5.01000000e+05 4.51589844e-21
5.01100000e+05 4.51516174e-21
5.01200000e+05 4.51442531e-21
5.01300000e+05 4.51368915e-21
5.01400000e+05 4.51295325e-21
5.01500000e+05 4.51221762e-21
5.01600000e+05 4.51148225e-21
5.01700000e+05 4.51074715e-21
5.01800000e+05 4.51001231e-21
5.01900000e+05 4.50927773e-21
5.02000000e+05 4.50854342e-21
5.02100000e+05 4.50780937e-21
5.02200000e+05 4.50707559e-21
5.02300000e+05 4.50634207e-21
5.02400000e+05 4.50560882e-21
5.02500000e+05 4.50487583e-21
5.02600000e+05 4.50414310e-21
5.02700000e+05 4.50341064e-21
5.02800000e+05 4.50267844e-21
5.02900000e+05 4.50194650e-21
5.03000000e+05 4.50121482e-21
5.03100000e+05 4.50048341e-21
5.03200000e+05 4.49975226e-21
5.03300000e+05 4.49902137e-21
5.03400000e+05 4.49829075e-21
5.03500000e+05 4.49756039e-21
5.03600000e+05 4.49683029e-21
5.03700000e+05 4.49610045e-21
5.03800000e+05 4.49537087e-21
5.03900000e+05 4.49464155e-21
5.04000000e+05 4.49391250e-21
5.04100000e+05 4.49318371e-21
5.04200000e+05 4.49245518e-21
5.04300000e+05 4.49172690e-21
5.04400000e+05 4.49099889e-21
5.04500000e+05 4.49027115e-21
5.04600000e+05 4.48954366e-21
5.04700000e+05 4.48881643e-21
5.04800000e+05 4.48808946e-21
5.04900000e+05 4.48736275e-21
5.05000000e+05 4.48663630e-21
5.05100000e+05 4.48591012e-21
5.05200000e+05 4.48518419e-21
5.05300000e+05 4.48445852e-21
5.05400000e+05 4.48373311e-21
5.05500000e+05 4.48300796e-21
5.05600000e+05 4.48228307e-21
5.05700000e+05 4.48155843e-21
5.05800000e+05 4.48083406e-21
5.05900000e+05 4.48010995e-21
5.06000000e+05 4.47938609e-21
5.06100000e+05 4.47866249e-21
5.06200000e+05 4.47793915e-21
5.06300000e+05 4.47721607e-21
5.06400000e+05 4.47649325e-21
5.06500000e+05 4.47577068e-21
5.06600000e+05 4.47504837e-21
5.06700000e+05 4.47432632e-21
5.06800000e+05 4.47360453e-21
5.06900000e+05 4.47288299e-21
5.07000000e+05 4.47216171e-21
5.07100000e+05 4.47144069e-21
5.07200000e+05 4.47071993e-21
5.07300000e+05 4.46999942e-21
5.07400000e+05 4.46927917e-21
5.07500000e+05 4.46855917e-21
5.07600000e+05 4.46783943e-21
5.07700000e+05 4.46711995e-21
5.07800000e+05 4.46640072e-21
5.07900000e+05 4.46568175e-21
5.08000000e+05 4.46496304e-21
5.08100000e+05 4.46424458e-21
5.08200000e+05 4.46352637e-21
5.08300000e+05 4.46280842e-21
5.08400000e+05 4.46209073e-21
5.08500000e+05 4.46137329e-21
5.08600000e+05 4.46065610e-21
5.08700000e+05 4.45993917e-21
5.08800000e+05 4.45922250e-21
5.08900000e+05 4.45850608e-21
5.09000000e+05 4.45778991e-21
5.09100000e+05 4.45707400e-21
5.09200000e+05 4.45635834e-21
5.09300000e+05 4.45564294e-21
5.09400000e+05 4.45492779e-21
5.09500000e+05 4.45421289e-21
5.09600000e+05 4.45349824e-21
5.09700000e+05 4.45278385e-21
5.09800000e+05 4.45206972e-21
5.09900000e+05 4.45135583e-21
5.10000000e+05 4.45064220e-21
5.10100000e+05 4.44992882e-21
5.10200000e+05 4.44921570e-21
5.10300000e+05 4.44850282e-21
5.10400000e+05 4.44779020e-21
5.10500000e+05 4.44707783e-21
5.10600000e+05 4.44636572e-21
5.10700000e+05 4.44565385e-21
5.10800000e+05 4.44494224e-21
5.10900000e+05 4.44423088e-21
5.11000000e+05 4.44351977e-21
5.11100000e+05 4.44280891e-21
5.11200000e+05 4.44209830e-21
5.11300000e+05 4.44138794e-21
5.11400000e+05 4.44067784e-21
5.11500000e+05 4.43996798e-21
5.11600000e+05 4.43925838e-21
5.11700000e+05 4.43854903e-21
5.11800000e+05 4.43783992e-21
5.11900000e+05 4.43713107e-21
5.12000000e+05 4.43642247e-21
5.12100000e+05 4.43571411e-21
5.12200000e+05 4.43500601e-21
5.12300000e+05 4.43429816e-21
5.12400000e+05 4.43359055e-21
5.12500000e+05 4.43288320e-21
5.12600000e+05 4.43217610e-21
5.12700000e+05 4.43146924e-21
5.12800000e+05 4.43076263e-21
5.12900000e+05 4.43005628e-21
5.13000000e+05 4.42935017e-21
5.13100000e+05 4.42864431e-21
5.13200000e+05 4.42793869e-21
5.13300000e+05 4.42723333e-21
5.13400000e+05 4.42652822e-21
5.13500000e+05 4.42582335e-21
5.13600000e+05 4.42511873e-21
5.13700000e+05 4.42441436e-21
5.13800000e+05 4.42371023e-21
5.13900000e+05 4.42300636e-21
5.14000000e+05 4.42230273e-21
5.14100000e+05 4.42159935e-21
5.14200000e+05 4.42089621e-21
5.14300000e+05 4.42019333e-21
5.14400000e+05 4.41949069e-21
5.14500000e+05 4.41878829e-21
5.14600000e+05 4.41808614e-21
5.14700000e+05 4.41738424e-21
5.14800000e+05 4.41668259e-21
5.14900000e+05 4.41598118e-21
5.15000000e+05 4.41528002e-21
5.15100000e+05 4.41457910e-21
5.15200000e+05 4.41387843e-21
5.15300000e+05 4.41317801e-21
5.15400000e+05 4.41247783e-21
5.15500000e+05 4.41177789e-21
5.15600000e+05 4.41107821e-21
5.15700000e+05 4.41037876e-21
5.15800000e+05 4.40967956e-21
5.15900000e+05 4.40898061e-21
5.16000000e+05 4.40828190e-21
5.16100000e+05 4.40758344e-21
5.16200000e+05 4.40688522e-21
5.16300000e+05 4.40618724e-21
5.16400000e+05 4.40548951e-21
5.16500000e+05 4.40479202e-21
5.16600000e+05 4.40409478e-21
5.16700000e+05 4.40339778e-21
5.16800000e+05 4.40270102e-21
5.16900000e+05 4.40200451e-21
5.17000000e+05 4.40130824e-21
5.17100000e+05 4.40061222e-21
5.17200000e+05 4.39991644e-21
5.17300000e+05 4.39922090e-21
5.17400000e+05 4.39852560e-21
5.17500000e+05 4.39783054e-21
5.17600000e+05 4.39713573e-21
5.17700000e+05 4.39644116e-21
5.17800000e+05 4.39574684e-21
5.17900000e+05 4.39505275e-21
5.18000000e+05 4.39435891e-21
5.18100000e+05 4.39366531e-21
5.18200000e+05 4.39297195e-21
5.18300000e+05 4.39227884e-21
5.18400000e+05 4.39158596e-21
5.18500000e+05 4.39089333e-21
5.18600000e+05 4.39020094e-21
5.18700000e+05 4.38950878e-21
5.18800000e+05 4.38881687e-21
5.18900000e+05 4.38812520e-21
5.19000000e+05 4.38743378e-21
5.19100000e+05 4.38674259e-21
5.19200000e+05 4.38605164e-21
5.19300000e+05 4.38536093e-21
5.19400000e+05 4.38467047e-21
5.19500000e+05 4.38398024e-21
5.19600000e+05 4.38329025e-21
5.19700000e+05 4.38260051e-21
5.19800000e+05 4.38191100e-21
5.19900000e+05 4.38122173e-21
5.20000000e+05 4.38053271e-21
5.20100000e+05 4.37984392e-21
5.20200000e+05 4.37915537e-21
5.20300000e+05 4.37846706e-21
5.20400000e+05 4.37777899e-21
5.20500000e+05 4.37709115e-21
5.20600000e+05 4.37640356e-21
5.20700000e+05 4.37571621e-21
5.20800000e+05 4.37502909e-21
5.20900000e+05 4.37434221e-21
5.21000000e+05 4.37365557e-21
5.21100000e+05 4.37296917e-21
5.21200000e+05 4.37228300e-21
5.21300000e+05 4.37159708e-21
5.21400000e+05 4.37091139e-21
5.21500000e+05 4.37022594e-21
5.21600000e+05 4.36954072e-21
5.21700000e+05 4.36885575e-21
5.21800000e+05 4.36817101e-21
5.21900000e+05 4.36748651e-21
5.22000000e+05 4.36680224e-21
5.22100000e+05 4.36611821e-21
5.22200000e+05 4.36543442e-21
5.22300000e+05 4.36475087e-21
5.22400000e+05 4.36406755e-21
5.22500000e+05 4.36338447e-21
5.22600000e+05 4.36270162e-21
5.22700000e+05 4.36201901e-21
5.22800000e+05 4.36133663e-21
5.22900000e+05 4.36065450e-21
5.23000000e+05 4.35997259e-21
5.23100000e+05 4.35929093e-21
5.23200000e+05 4.35860949e-21
5.23300000e+05 4.35792830e-21
5.23400000e+05 4.35724734e-21
5.23500000e+05 4.35656661e-21
5.23600000e+05 4.35588612e-21
5.23700000e+05 4.35520586e-21
5.23800000e+05 4.35452584e-21
5.23900000e+05 4.35384605e-21
5.24000000e+05 4.35316650e-21
5.24100000e+05 4.35248718e-21
5.24200000e+05 4.35180809e-21
5.24300000e+05 4.35112924e-21
5.24400000e+05 4.35045062e-21
5.24500000e+05 4.34977224e-21
5.24600000e+05 4.34909409e-21
5.24700000e+05 4.34841618e-21
5.24800000e+05 4.34773849e-21
5.24900000e+05 4.34706104e-21
5.25000000e+05 4.34638383e-21
5.25100000e+05 4.34570684e-21
5.25200000e+05 4.34503009e-21
5.25300000e+05 4.34435358e-21
5.25400000e+05 4.34367729e-21
5.25500000e+05 4.34300124e-21
5.25600000e+05 4.34232542e-21
5.25700000e+05 4.34164983e-21
5.25800000e+05 4.34097447e-21
5.25900000e+05 4.34029935e-21
5.26000000e+05 4.33962446e-21
5.26100000e+05 4.33894980e-21
5.26200000e+05 4.33827537e-21
5.26300000e+05 4.33760117e-21
5.26400000e+05 4.33692721e-21
5.26500000e+05 4.33625347e-21
5.26600000e+05 4.33557997e-21
5.26700000e+05 4.33490670e-21
5.26800000e+05 4.33423366e-21
5.26900000e+05 4.33356085e-21
5.27000000e+05 4.33288827e-21
5.27100000e+05 4.33221592e-21
5.27200000e+05 4.33154380e-21
5.27300000e+05 4.33087191e-21
5.27400000e+05 4.33020025e-21
5.27500000e+05 4.32952883e-21
5.27600000e+05 4.32885763e-21
5.27700000e+05 4.32818666e-21
5.27800000e+05 4.32751592e-21
5.27900000e+05 4.32684541e-21
5.28000000e+05 4.32617513e-21
5.28100000e+05 4.32550508e-21
5.28200000e+05 4.32483526e-21
5.28300000e+05 4.32416567e-21
5.28400000e+05 4.32349631e-21
5.28500000e+05 4.32282717e-21
5.28600000e+05 4.32215827e-21
5.28700000e+05 4.32148959e-21
5.28800000e+05 4.32082114e-21
5.28900000e+05 4.32015292e-21
5.29000000e+05 4.31948493e-21
5.29100000e+05 4.31881717e-21
5.29200000e+05 4.31814963e-21
5.29300000e+05 4.31748232e-21
5.29400000e+05 4.31681524e-21
5.29500000e+05 4.31614839e-21
5.29600000e+05 4.31548176e-21
5.29700000e+05 4.31481537e-21
5.29800000e+05 4.31414920e-21
5.29900000e+05 4.31348325e-21
5.30000000e+05 4.31281754e-21
5.30100000e+05 4.31215205e-21
5.30200000e+05 4.31148679e-21
5.30300000e+05 4.31082175e-21
5.30400000e+05 4.31015694e-21
5.30500000e+05 4.30949236e-21
5.30600000e+05 4.30882800e-21
5.30700000e+05 4.30816387e-21
5.30800000e+05 4.30749997e-21
5.30900000e+05 4.30683629e-21
5.31000000e+05 4.30617284e-21
5.31100000e+05 4.30550961e-21
5.31200000e+05 4.30484661e-21
5.31300000e+05 4.30418383e-21
5.31400000e+05 4.30352128e-21
5.31500000e+05 4.30285896e-21
5.31600000e+05 4.30219686e-21
5.31700000e+05 4.30153498e-21
5.31800000e+05 4.30087333e-21
5.31900000e+05 4.30021191e-21
5.32000000e+05 4.29955070e-21
5.32100000e+05 4.29888973e-21
5.32200000e+05 4.29822898e-21
5.32300000e+05 4.29756845e-21
5.32400000e+05 4.29690815e-21
5.32500000e+05 4.29624807e-21
5.32600000e+05 4.29558821e-21
5.32700000e+05 4.29492858e-21
5.32800000e+05 4.29426917e-21
5.32900000e+05 4.29360999e-21
5.33000000e+05 4.29295103e-21
5.33100000e+05 4.29229229e-21
5.33200000e+05 4.29163377e-21
5.33300000e+05 4.29097548e-21
5.33400000e+05 4.29031741e-21
5.33500000e+05 4.28965957e-21
5.33600000e+05 4.28900195e-21
5.33700000e+05 4.28834455e-21
5.33800000e+05 4.28768737e-21
5.33900000e+05 4.28703041e-21
5.34000000e+05 4.28637368e-21
5.34100000e+05 4.28571717e-21
5.34200000e+05 4.28506088e-21
5.34300000e+05 4.28440482e-21
5.34400000e+05 4.28374897e-21
5.34500000e+05 4.28309335e-21
5.34600000e+05 4.28243795e-21
5.34700000e+05 4.28178277e-21
5.34800000e+05 4.28112781e-21
5.34900000e+05 4.28047307e-21
5.35000000e+05 4.27981855e-21
5.35100000e+05 4.27916426e-21
5.35200000e+05 4.27851018e-21
5.35300000e+05 4.27785633e-21
5.35400000e+05 4.27720270e-21
5.35500000e+05 4.27654928e-21
5.35600000e+05 4.27589609e-21
5.35700000e+05 4.27524312e-21
5.35800000e+05 4.27459037e-21
5.35900000e+05 4.27393784e-21
5.36000000e+05 4.27328553e-21
5.36100000e+05 4.27263343e-21
5.36200000e+05 4.27198156e-21
5.36300000e+05 4.27132991e-21
5.36400000e+05 4.27067848e-21
5.36500000e+05 4.27002726e-21
5.36600000e+05 4.26937627e-21
5.36700000e+05 4.26872550e-21
5.36800000e+05 4.26807494e-21
5.36900000e+05 4.26742460e-21
5.37000000e+05 4.26677448e-21
5.37100000e+05 4.26612459e-21
5.37200000e+05 4.26547490e-21
5.37300000e+05 4.26482544e-21
5.37400000e+05 4.26417620e-21
5.37500000e+05 4.26352717e-21
5.37600000e+05 4.26287837e-21
5.37700000e+05 4.26222978e-21
5.37800000e+05 4.26158140e-21
5.37900000e+05 4.26093325e-21
5.38000000e+05 4.26028531e-21
5.38100000e+05 4.25963760e-21
5.38200000e+05 4.25899009e-21
5.38300000e+05 4.25834281e-21
5.38400000e+05 4.25769574e-21
5.38500000e+05 4.25704889e-21
5.38600000e+05 4.25640226e-21
5.38700000e+05 4.25575585e-21
5.38800000e+05 4.25510965e-21
5.38900000e+05 4.25446367e-21
5.39000000e+05 4.25381790e-21
5.39100000e+05 4.25317235e-21
5.39200000e+05 4.25252702e-21
5.39300000e+05 4.25188190e-21
5.39400000e+05 4.25123700e-21
5.39500000e+05 4.25059232e-21
5.39600000e+05 4.24994785e-21
5.39700000e+05 4.24930359e-21
5.39800000e+05 4.24865956e-21
5.39900000e+05 4.24801574e-21
5.40000000e+05 4.24737213e-21
5.40100000e+05 4.24672874e-21
5.40200000e+05 4.24608556e-21
5.40300000e+05 4.24544260e-21
5.40400000e+05 4.24479986e-21
5.40500000e+05 4.24415733e-21
5.40600000e+05 4.24351501e-21
5.40700000e+05 4.24287291e-21
5.40800000e+05 4.24223102e-21
5.40900000e+05 4.24158935e-21
5.41000000e+05 4.24094789e-21
5.41100000e+05 4.24030665e-21
5.41200000e+05 4.23966562e-21
5.41300000e+05 4.23902480e-21
5.41400000e+05 4.23838420e-21
5.41500000e+05 4.23774381e-21
5.41600000e+05 4.23710364e-21
5.41700000e+05 4.23646368e-21
5.41800000e+05 4.23582393e-21
5.41900000e+05 4.23518439e-21
5.42000000e+05 4.23454507e-21
5.42100000e+05 4.23390596e-21
5.42200000e+05 4.23326707e-21
5.42300000e+05 4.23262839e-21
5.42400000e+05 4.23198992e-21
5.42500000e+05 4.23135166e-21
5.42600000e+05 4.23071362e-21
5.42700000e+05 4.23007579e-21
5.42800000e+05 4.22943817e-21
5.42900000e+05 4.22880076e-21
5.43000000e+05 4.22816356e-21
5.43100000e+05 4.22752658e-21
5.43200000e+05 4.22688981e-21
5.43300000e+05 4.22625325e-21
5.43400000e+05 4.22561690e-21
5.43500000e+05 4.22498077e-21
5.43600000e+05 4.22434484e-21
5.43700000e+05 4.22370913e-21
5.43800000e+05 4.22307363e-21
5.43900000e+05 4.22243833e-21
5.44000000e+05 4.22180325e-21
5.44100000e+05 4.22116839e-21
5.44200000e+05 4.22053373e-21
5.44300000e+05 4.21989928e-21
5.44400000e+05 4.21926504e-21
5.44500000e+05 4.21863102e-21
5.44600000e+05 4.21799720e-21
5.44700000e+05 4.21736359e-21
5.44800000e+05 4.21673020e-21
5.44900000e+05 4.21609701e-21
5.45000000e+05 4.21546404e-21
5.45100000e+05 4.21483127e-21
5.45200000e+05 4.21419871e-21
5.45300000e+05 4.21356637e-21
5.45400000e+05 4.21293423e-21
5.45500000e+05 4.21230230e-21
5.45600000e+05 4.21167058e-21
5.45700000e+05 4.21103907e-21
5.45800000e+05 4.21040777e-21
5.45900000e+05 4.20977668e-21
5.46000000e+05 4.20914580e-21
5.46100000e+05 4.20851513e-21
5.46200000e+05 4.20788466e-21
5.46300000e+05 4.20725440e-21
5.46400000e+05 4.20662435e-21
5.46500000e+05 4.20599452e-21
5.46600000e+05 4.20536488e-21
5.46700000e+05 4.20473546e-21
5.46800000e+05 4.20410624e-21
5.46900000e+05 4.20347724e-21
5.47000000e+05 4.20284844e-21
5.47100000e+05 4.20221984e-21
5.47200000e+05 4.20159146e-21
5.47300000e+05 4.20096328e-21
5.47400000e+05 4.20033531e-21
5.47500000e+05 4.19970755e-21
5.47600000e+05 4.19907999e-21
5.47700000e+05 4.19845265e-21
5.47800000e+05 4.19782550e-21
5.47900000e+05 4.19719857e-21
5.48000000e+05 4.19657184e-21
5.48100000e+05 4.19594532e-21
5.48200000e+05 4.19531901e-21
5.48300000e+05 4.19469290e-21
5.48400000e+05 4.19406699e-21
5.48500000e+05 4.19344130e-21
5.48600000e+05 4.19281581e-21
5.48700000e+05 4.19219053e-21
5.48800000e+05 4.19156545e-21
5.48900000e+05 4.19094057e-21
5.49000000e+05 4.19031591e-21
5.49100000e+05 4.18969145e-21
5.49200000e+05 4.18906719e-21
5.49300000e+05 4.18844314e-21
5.49400000e+05 4.18781930e-21
5.49500000e+05 4.18719566e-21
5.49600000e+05 4.18657222e-21
5.49700000e+05 4.18594899e-21
5.49800000e+05 4.18532597e-21
5.49900000e+05 4.18470315e-21
5.50000000e+05 4.18408053e-21
5.50100000e+05 4.18345812e-21
5.50200000e+05 4.18283591e-21
5.50300000e+05 4.18221391e-21
5.50400000e+05 4.18159211e-21
5.50500000e+05 4.18097052e-21
5.50600000e+05 4.18034913e-21
5.50700000e+05 4.17972794e-21
5.50800000e+05 4.17910696e-21
5.50900000e+05 4.17848618e-21
5.51000000e+05 4.17786561e-21
5.51100000e+05 4.17724523e-21
5.51200000e+05 4.17662507e-21
5.51300000e+05 4.17600510e-21
5.51400000e+05 4.17538534e-21
5.51500000e+05 4.17476578e-21
5.51600000e+05 4.17414642e-21
5.51700000e+05 4.17352727e-21
5.51800000e+05 4.17290832e-21
5.51900000e+05 4.17228957e-21
5.52000000e+05 4.17167103e-21
5.52100000e+05 4.17105268e-21
5.52200000e+05 4.17043454e-21
5.52300000e+05 4.16981661e-21
5.52400000e+05 4.16919887e-21
5.52500000e+05 4.16858134e-21
5.52600000e+05 4.16796400e-21
5.52700000e+05 4.16734687e-21
5.52800000e+05 4.16672994e-21
5.52900000e+05 4.16611322e-21
5.53000000e+05 4.16549669e-21
5.53100000e+05 4.16488037e-21
5.53200000e+05 4.16426425e-21
5.53300000e+05 4.16364832e-21
5.53400000e+05 4.16303260e-21
5.53500000e+05 4.16241708e-21
5.53600000e+05 4.16180177e-21
5.53700000e+05 4.16118665e-21
5.53800000e+05 4.16057173e-21
5.53900000e+05 4.15995702e-21
5.54000000e+05 4.15934250e-21
5.54100000e+05 4.15872818e-21
5.54200000e+05 4.15811407e-21
5.54300000e+05 4.15750015e-21
5.54400000e+05 4.15688644e-21
5.54500000e+05 4.15627292e-21
5.54600000e+05 4.15565961e-21
5.54700000e+05 4.15504649e-21
5.54800000e+05 4.15443358e-21
5.54900000e+05 4.15382086e-21
5.55000000e+05 4.15320835e-21
5.55100000e+05 4.15259603e-21
5.55200000e+05 4.15198391e-21
5.55300000e+05 4.15137199e-21
5.55400000e+05 4.15076027e-21
5.55500000e+05 4.15014875e-21
5.55600000e+05 4.14953743e-21
5.55700000e+05 4.14892631e-21
5.55800000e+05 4.14831539e-21
5.55900000e+05 4.14770466e-21
5.56000000e+05 4.14709413e-21
5.56100000e+05 4.14648380e-21
5.56200000e+05 4.14587367e-21
5.56300000e+05 4.14526374e-21
5.56400000e+05 4.14465401e-21
5.56500000e+05 4.14404447e-21
5.56600000e+05 4.14343513e-21
5.56700000e+05 4.14282599e-21
5.56800000e+05 4.14221705e-21
5.56900000e+05 4.14160830e-21
5.57000000e+05 4.14099976e-21
5.57100000e+05 4.14039141e-21
5.57200000e+05 4.13978325e-21
5.57300000e+05 4.13917530e-21
5.57400000e+05 4.13856754e-21
5.57500000e+05 4.13795998e-21
5.57600000e+05 4.13735261e-21
5.57700000e+05 4.13674544e-21
5.57800000e+05 4.13613847e-21
5.57900000e+05 4.13553170e-21
5.58000000e+05 4.13492512e-21
5.58100000e+05 4.13431874e-21
5.58200000e+05 4.13371255e-21
5.58300000e+05 4.13310656e-21
5.58400000e+05 4.13250077e-21
5.58500000e+05 4.13189517e-21
5.58600000e+05 4.13128977e-21
5.58700000e+05 4.13068456e-21
5.58800000e+05 4.13007955e-21
5.58900000e+05 4.12947474e-21
5.59000000e+05 4.12887012e-21
5.59100000e+05 4.12826570e-21
5.59200000e+05 4.12766147e-21
5.59300000e+05 4.12705744e-21
5.59400000e+05 4.12645360e-21
5.59500000e+05 4.12584996e-21
5.59600000e+05 4.12524651e-21
5.59700000e+05 4.12464326e-21
5.59800000e+05 4.12404020e-21
5.59900000e+05 4.12343733e-21
5.60000000e+05 4.12283466e-21
5.60100000e+05 4.12223219e-21
5.60200000e+05 4.12162991e-21
5.60300000e+05 4.12102782e-21
5.60400000e+05 4.12042593e-21
5.60500000e+05 4.11982423e-21
5.60600000e+05 4.11922273e-21
5.60700000e+05 4.11862142e-21
5.60800000e+05 4.11802030e-21
5.60900000e+05 4.11741938e-21
5.61000000e+05 4.11681865e-21
5.61100000e+05 4.11621812e-21
5.61200000e+05 4.11561777e-21
5.61300000e+05 4.11501762e-21
5.61400000e+05 4.11441767e-21
5.61500000e+05 4.11381791e-21
5.61600000e+05 4.11321834e-21
5.61700000e+05 4.11261896e-21
5.61800000e+05 4.11201977e-21
5.61900000e+05 4.11142078e-21
5.62000000e+05 4.11082198e-21
5.62100000e+05 4.11022338e-21
5.62200000e+05 4.10962496e-21
5.62300000e+05 4.10902674e-21
5.62400000e+05 4.10842871e-21
5.62500000e+05 4.10783087e-21
5.62600000e+05 4.10723323e-21
5.62700000e+05 4.10663578e-21
5.62800000e+05 4.10603851e-21
5.62900000e+05 4.10544144e-21
5.63000000e+05 4.10484457e-21
5.63100000e+05 4.10424788e-21
5.63200000e+05 4.10365138e-21
5.63300000e+05 4.10305508e-21
5.63400000e+05 4.10245897e-21
5.63500000e+05 4.10186305e-21
5.63600000e+05 4.10126732e-21
5.63700000e+05 4.10067178e-21
5.63800000e+05 4.10007643e-21
5.63900000e+05 4.09948127e-21
5.64000000e+05 4.09888630e-21
5.64100000e+05 4.09829153e-21
5.64200000e+05 4.09769694e-21
5.64300000e+05 4.09710254e-21
5.64400000e+05 4.09650834e-21
5.64500000e+05 4.09591432e-21
5.64600000e+05 4.09532050e-21
5.64700000e+05 4.09472686e-21
5.64800000e+05 4.09413342e-21
5.64900000e+05 4.09354016e-21
5.65000000e+05 4.09294710e-21
5.65100000e+05 4.09235422e-21
5.65200000e+05 4.09176154e-21
5.65300000e+05 4.09116904e-21
5.65400000e+05 4.09057673e-21
5.65500000e+05 4.08998461e-21
5.65600000e+05 4.08939268e-21
5.65700000e+05 4.08880094e-21
5.65800000e+05 4.08820939e-21
5.65900000e+05 4.08761803e-21
5.66000000e+05 4.08702686e-21
5.66100000e+05 4.08643587e-21
5.66200000e+05 4.08584508e-21
5.66300000e+05 4.08525447e-21
5.66400000e+05 4.08466405e-21
5.66500000e+05 4.08407382e-21
5.66600000e+05 4.08348378e-21
5.66700000e+05 4.08289392e-21
5.66800000e+05 4.08230426e-21
5.66900000e+05 4.08171478e-21
5.67000000e+05 4.08112549e-21
5.67100000e+05 4.08053638e-21
5.67200000e+05 4.07994747e-21
5.67300000e+05 4.07935874e-21
5.67400000e+05 4.07877020e-21
5.67500000e+05 4.07818185e-21
5.67600000e+05 4.07759368e-21
5.67700000e+05 4.07700571e-21
5.67800000e+05 4.07641791e-21
5.67900000e+05 4.07583031e-21
5.68000000e+05 4.07524289e-21
5.68100000e+05 4.07465566e-21
5.68200000e+05 4.07406862e-21
5.68300000e+05 4.07348176e-21
5.68400000e+05 4.07289509e-21
5.68500000e+05 4.07230861e-21
5.68600000e+05 4.07172231e-21
5.68700000e+05 4.07113620e-21
5.68800000e+05 4.07055028e-21
5.68900000e+05 4.06996454e-21
5.69000000e+05 4.06937899e-21
5.69100000e+05 4.06879362e-21
5.69200000e+05 4.06820844e-21
5.69300000e+05 4.06762344e-21
5.69400000e+05 4.06703863e-21
5.69500000e+05 4.06645401e-21
5.69600000e+05 4.06586957e-21
5.69700000e+05 4.06528532e-21
5.69800000e+05 4.06470125e-21
5.69900000e+05 4.06411737e-21
5.70000000e+05 4.06353367e-21
5.70100000e+05 4.06295016e-21
5.70200000e+05 4.06236683e-21
5.70300000e+05 4.06178369e-21
5.70400000e+05 4.06120073e-21
5.70500000e+05 4.06061796e-21
5.70600000e+05 4.06003537e-21
5.70700000e+05 4.05945296e-21
5.70800000e+05 4.05887074e-21
5.70900000e+05 4.05828871e-21
5.71000000e+05 4.05770686e-21
5.71100000e+05 4.05712519e-21
5.71200000e+05 4.05654371e-21
5.71300000e+05 4.05596241e-21
5.71400000e+05 4.05538129e-21
5.71500000e+05 4.05480036e-21
5.71600000e+05 4.05421961e-21
5.71700000e+05 4.05363905e-21
5.71800000e+05 4.05305866e-21
5.71900000e+05 4.05247847e-21
5.72000000e+05 4.05189845e-21
5.72100000e+05 4.05131862e-21
5.72200000e+05 4.05073897e-21
5.72300000e+05 4.05015951e-21
5.72400000e+05 4.04958023e-21
5.72500000e+05 4.04900113e-21
5.72600000e+05 4.04842221e-21
5.72700000e+05 4.04784348e-21
5.72800000e+05 4.04726492e-21
5.72900000e+05 4.04668656e-21
5.73000000e+05 4.04610837e-21
5.73100000e+05 4.04553037e-21
5.73200000e+05 4.04495254e-21
5.73300000e+05 4.04437490e-21
5.73400000e+05 4.04379745e-21
5.73500000e+05 4.04322017e-21
5.73600000e+05 4.04264308e-21
5.73700000e+05 4.04206616e-21
5.73800000e+05 4.04148943e-21
5.73900000e+05 4.04091288e-21
5.74000000e+05 4.04033652e-21
5.74100000e+05 4.03976033e-21
5.74200000e+05 4.03918433e-21
5.74300000e+05 4.03860850e-21
5.74400000e+05 4.03803286e-21
5.74500000e+05 4.03745740e-21
5.74600000e+05 4.03688212e-21
5.74700000e+05 4.03630702e-21
5.74800000e+05 4.03573210e-21
5.74900000e+05 4.03515736e-21
5.75000000e+05 4.03458281e-21
5.75100000e+05 4.03400843e-21
5.75200000e+05 4.03343423e-21
5.75300000e+05 4.03286022e-21
5.75400000e+05 4.03228638e-21
5.75500000e+05 4.03171273e-21
5.75600000e+05 4.03113925e-21
5.75700000e+05 4.03056596e-21
5.75800000e+05 4.02999284e-21
5.75900000e+05 4.02941990e-21
5.76000000e+05 4.02884715e-21
5.76100000e+05 4.02827457e-21
5.76200000e+05 4.02770218e-21
5.76300000e+05 4.02712996e-21
5.76400000e+05 4.02655792e-21
5.76500000e+05 4.02598606e-21
5.76600000e+05 4.02541438e-21
5.76700000e+05 4.02484288e-21
5.76800000e+05 4.02427156e-21
5.76900000e+05 4.02370042e-21
5.77000000e+05 4.02312946e-21
5.77100000e+05 4.02255867e-21
5.77200000e+05 4.02198807e-21
5.77300000e+05 4.02141764e-21
5.77400000e+05 4.02084739e-21
5.77500000e+05 4.02027732e-21
5.77600000e+05 4.01970743e-21
5.77700000e+05 4.01913772e-21
5.77800000e+05 4.01856818e-21
5.77900000e+05 4.01799882e-21
5.78000000e+05 4.01742964e-21
5.78100000e+05 4.01686064e-21
5.78200000e+05 4.01629182e-21
5.78300000e+05 4.01572317e-21
5.78400000e+05 4.01515470e-21
5.78500000e+05 4.01458641e-21
5.78600000e+05 4.01401830e-21
5.78700000e+05 4.01345037e-21
5.78800000e+05 4.01288261e-21
5.78900000e+05 4.01231503e-21
5.79000000e+05 4.01174762e-21
5.79100000e+05 4.01118040e-21
5.79200000e+05 4.01061335e-21
5.79300000e+05 4.01004647e-21
5.79400000e+05 4.00947978e-21
5.79500000e+05 4.00891326e-21
5.79600000e+05 4.00834691e-21
5.79700000e+05 4.00778075e-21
5.79800000e+05 4.00721476e-21
5.79900000e+05 4.00664894e-21
5.80000000e+05 4.00608331e-21
5.80100000e+05 4.00551784e-21
5.80200000e+05 4.00495256e-21
5.80300000e+05 4.00438745e-21
5.80400000e+05 4.00382252e-21
5.80500000e+05 4.00325776e-21
5.80600000e+05 4.00269318e-21
5.80700000e+05 4.00212877e-21
5.80800000e+05 4.00156454e-21
5.80900000e+05 4.00100049e-21
5.81000000e+05 4.00043661e-21
5.81100000e+05 3.99987291e-21
5.81200000e+05 3.99930938e-21
5.81300000e+05 3.99874602e-21
5.81400000e+05 3.99818285e-21
5.81500000e+05 3.99761984e-21
5.81600000e+05 3.99705701e-21
5.81700000e+05 3.99649436e-21
5.81800000e+05 3.99593188e-21
5.81900000e+05 3.99536958e-21
5.82000000e+05 3.99480745e-21
5.82100000e+05 3.99424549e-21
5.82200000e+05 3.99368371e-21
5.82300000e+05 3.99312211e-21
5.82400000e+05 3.99256068e-21
5.82500000e+05 3.99199942e-21
5.82600000e+05 3.99143833e-21
5.82700000e+05 3.99087742e-21
5.82800000e+05 3.99031669e-21
5.82900000e+05 3.98975613e-21
5.83000000e+05 3.98919574e-21
5.83100000e+05 3.98863552e-21
5.83200000e+05 3.98807548e-21
5.83300000e+05 3.98751562e-21
5.83400000e+05 3.98695592e-21
5.83500000e+05 3.98639640e-21
5.83600000e+05 3.98583705e-21
5.83700000e+05 3.98527788e-21
5.83800000e+05 3.98471888e-21
5.83900000e+05 3.98416005e-21
5.84000000e+05 3.98360140e-21
5.84100000e+05 3.98304291e-21
5.84200000e+05 3.98248460e-21
5.84300000e+05 3.98192647e-21
5.84400000e+05 3.98136850e-21
5.84500000e+05 3.98081071e-21
5.84600000e+05 3.98025309e-21
5.84700000e+05 3.97969564e-21
5.84800000e+05 3.97913837e-21
5.84900000e+05 3.97858127e-21
5.85000000e+05 3.97802434e-21
5.85100000e+05 3.97746758e-21
5.85200000e+05 3.97691099e-21
5.85300000e+05 3.97635458e-21
5.85400000e+05 3.97579833e-21
5.85500000e+05 3.97524226e-21
5.85600000e+05 3.97468636e-21
5.85700000e+05 3.97413063e-21
5.85800000e+05 3.97357508e-21
5.85900000e+05 3.97301969e-21
5.86000000e+05 3.97246448e-21
5.86100000e+05 3.97190943e-21
5.86200000e+05 3.97135456e-21
5.86300000e+05 3.97079986e-21
5.86400000e+05 3.97024533e-21
5.86500000e+05 3.96969097e-21
5.86600000e+05 3.96913678e-21
5.86700000e+05 3.96858277e-21
5.86800000e+05 3.96802892e-21
5.86900000e+05 3.96747524e-21
5.87000000e+05 3.96692174e-21
5.87100000e+05 3.96636840e-21
5.87200000e+05 3.96581524e-21
5.87300000e+05 3.96526224e-21
5.87400000e+05 3.96470942e-21
5.87500000e+05 3.96415676e-21
5.87600000e+05 3.96360428e-21
5.87700000e+05 3.96305196e-21
5.87800000e+05 3.96249981e-21
5.87900000e+05 3.96194784e-21
5.88000000e+05 3.96139603e-21
5.88100000e+05 3.96084440e-21
5.88200000e+05 3.96029293e-21
5.88300000e+05 3.95974163e-21
5.88400000e+05 3.95919050e-21
5.88500000e+05 3.95863954e-21
5.88600000e+05 3.95808875e-21
5.88700000e+05 3.95753813e-21
5.88800000e+05 3.95698768e-21
5.88900000e+05 3.95643740e-21
5.89000000e+05 3.95588728e-21
5.89100000e+05 3.95533734e-21
5.89200000e+05 3.95478756e-21
5.89300000e+05 3.95423795e-21
5.89400000e+05 3.95368851e-21
5.89500000e+05 3.95313924e-21
5.89600000e+05 3.95259014e-21
5.89700000e+05 3.95204121e-21
5.89800000e+05 3.95149244e-21
5.89900000e+05 3.95094384e-21
5.90000000e+05 3.95039541e-21
5.90100000e+05 3.94984715e-21
5.90200000e+05 3.94929905e-21
5.90300000e+05 3.94875113e-21
5.90400000e+05 3.94820337e-21
5.90500000e+05 3.94765578e-21
5.90600000e+05 3.94710835e-21
5.90700000e+05 3.94656110e-21
5.90800000e+05 3.94601401e-21
5.90900000e+05 3.94546709e-21
5.91000000e+05 3.94492033e-21
5.91100000e+05 3.94437375e-21
5.91200000e+05 3.94382733e-21
5.91300000e+05 3.94328107e-21
5.91400000e+05 3.94273499e-21
5.91500000e+05 3.94218907e-21
5.91600000e+05 3.94164331e-21
5.91700000e+05 3.94109773e-21
5.91800000e+05 3.94055231e-21
5.91900000e+05 3.94000706e-21
5.92000000e+05 3.93946197e-21
5.92100000e+05 3.93891705e-21
5.92200000e+05 3.93837230e-21
5.92300000e+05 3.93782771e-21
5.92400000e+05 3.93728329e-21
5.92500000e+05 3.93673903e-21
5.92600000e+05 3.93619494e-21
5.92700000e+05 3.93565102e-21
5.92800000e+05 3.93510726e-21
5.92900000e+05 3.93456367e-21
5.93000000e+05 3.93402024e-21
5.93100000e+05 3.93347698e-21
5.93200000e+05 3.93293389e-21
5.93300000e+05 3.93239096e-21
5.93400000e+05 3.93184819e-21
5.93500000e+05 3.93130559e-21
5.93600000e+05 3.93076316e-21
5.93700000e+05 3.93022089e-21
5.93800000e+05 3.92967879e-21
5.93900000e+05 3.92913685e-21
5.94000000e+05 3.92859507e-21
5.94100000e+05 3.92805346e-21
5.94200000e+05 3.92751202e-21
5.94300000e+05 3.92697074e-21
5.94400000e+05 3.92642962e-21
5.94500000e+05 3.92588867e-21
5.94600000e+05 3.92534789e-21
5.94700000e+05 3.92480726e-21
5.94800000e+05 3.92426681e-21
5.94900000e+05 3.92372651e-21
5.95000000e+05 3.92318638e-21
5.95100000e+05 3.92264642e-21
5.95200000e+05 3.92210661e-21
5.95300000e+05 3.92156698e-21
5.95400000e+05 3.92102750e-21
5.95500000e+05 3.92048819e-21
5.95600000e+05 3.91994905e-21
5.95700000e+05 3.91941006e-21
5.95800000e+05 3.91887124e-21
5.95900000e+05 3.91833259e-21
5.96000000e+05 3.91779409e-21
5.96100000e+05 3.91725576e-21
5.96200000e+05 3.91671760e-21
5.96300000e+05 3.91617959e-21
5.96400000e+05 3.91564175e-21
5.96500000e+05 3.91510408e-21
5.96600000e+05 3.91456656e-21
5.96700000e+05 3.91402921e-21
5.96800000e+05 3.91349202e-21
5.96900000e+05 3.91295499e-21
5.97000000e+05 3.91241813e-21
5.97100000e+05 3.91188143e-21
5.97200000e+05 3.91134489e-21
5.97300000e+05 3.91080851e-21
5.97400000e+05 3.91027230e-21
5.97500000e+05 3.90973625e-21
5.97600000e+05 3.90920035e-21
5.97700000e+05 3.90866463e-21
5.97800000e+05 3.90812906e-21
5.97900000e+05 3.90759366e-21
5.98000000e+05 3.90705841e-21
5.98100000e+05 3.90652333e-21
5.98200000e+05 3.90598841e-21
5.98300000e+05 3.90545366e-21
5.98400000e+05 3.90491906e-21
5.98500000e+05 3.90438462e-21
5.98600000e+05 3.90385035e-21
5.98700000e+05 3.90331624e-21
5.98800000e+05 3.90278229e-21
5.98900000e+05 3.90224850e-21
5.99000000e+05 3.90171487e-21
5.99100000e+05 3.90118140e-21
5.99200000e+05 3.90064809e-21
5.99300000e+05 3.90011495e-21
5.99400000e+05 3.89958196e-21
5.99500000e+05 3.89904914e-21
5.99600000e+05 3.89851647e-21
5.99700000e+05 3.89798397e-21
5.99800000e+05 3.89745163e-21
5.99900000e+05 3.89691944e-21
6.00000000e+05 3.89638742e-21
6.00100000e+05 3.89585556e-21
6.00200000e+05 3.89532386e-21
6.00300000e+05 3.89479231e-21
6.00400000e+05 3.89426093e-21
6.00500000e+05 3.89372971e-21
6.00600000e+05 3.89319865e-21
6.00700000e+05 3.89266774e-21
6.00800000e+05 3.89213700e-21
6.00900000e+05 3.89160642e-21
6.01000000e+05 3.89107599e-21
6.01100000e+05 3.89054573e-21
6.01200000e+05 3.89001562e-21
6.01300000e+05 3.88948568e-21
6.01400000e+05 3.88895589e-21
6.01500000e+05 3.88842627e-21
6.01600000e+05 3.88789680e-21
6.01700000e+05 3.88736749e-21
6.01800000e+05 3.88683834e-21
6.01900000e+05 3.88630935e-21
6.02000000e+05 3.88578051e-21
6.02100000e+05 3.88525184e-21
6.02200000e+05 3.88472332e-21
6.02300000e+05 3.88419497e-21
6.02400000e+05 3.88366677e-21
6.02500000e+05 3.88313873e-21
6.02600000e+05 3.88261085e-21
6.02700000e+05 3.88208313e-21
6.02800000e+05 3.88155556e-21
6.02900000e+05 3.88102815e-21
6.03000000e+05 3.88050090e-21
6.03100000e+05 3.87997381e-21
6.03200000e+05 3.87944688e-21
6.03300000e+05 3.87892011e-21
6.03400000e+05 3.87839349e-21
6.03500000e+05 3.87786703e-21
6.03600000e+05 3.87734073e-21
6.03700000e+05 3.87681458e-21
6.03800000e+05 3.87628860e-21
6.03900000e+05 3.87576277e-21
6.04000000e+05 3.87523709e-21
6.04100000e+05 3.87471158e-21
6.04200000e+05 3.87418622e-21
6.04300000e+05 3.87366102e-21
6.04400000e+05 3.87313598e-21
6.04500000e+05 3.87261109e-21
6.04600000e+05 3.87208636e-21
6.04700000e+05 3.87156179e-21
6.04800000e+05 3.87103737e-21
6.04900000e+05 3.87051311e-21
6.05000000e+05 3.86998901e-21
6.05100000e+05 3.86946506e-21
6.05200000e+05 3.86894127e-21
6.05300000e+05 3.86841764e-21
6.05400000e+05 3.86789416e-21
6.05500000e+05 3.86737084e-21
6.05600000e+05 3.86684768e-21
6.05700000e+05 3.86632467e-21
6.05800000e+05 3.86580181e-21
6.05900000e+05 3.86527912e-21
6.06000000e+05 3.86475658e-21
6.06100000e+05 3.86423419e-21
6.06200000e+05 3.86371196e-21
6.06300000e+05 3.86318989e-21
6.06400000e+05 3.86266797e-21
6.06500000e+05 3.86214621e-21
6.06600000e+05 3.86162460e-21
6.06700000e+05 3.86110315e-21
6.06800000e+05 3.86058185e-21
6.06900000e+05 3.86006071e-21
6.07000000e+05 3.85953972e-21
6.07100000e+05 3.85901889e-21
6.07200000e+05 3.85849822e-21
6.07300000e+05 3.85797769e-21
6.07400000e+05 3.85745733e-21
6.07500000e+05 3.85693712e-21
6.07600000e+05 3.85641706e-21
6.07700000e+05 3.85589716e-21
6.07800000e+05 3.85537741e-21
6.07900000e+05 3.85485782e-21
6.08000000e+05 3.85433838e-21
6.08100000e+05 3.85381909e-21
6.08200000e+05 3.85329996e-21
6.08300000e+05 3.85278099e-21
6.08400000e+05 3.85226217e-21
6.08500000e+05 3.85174350e-21
6.08600000e+05 3.85122498e-21
6.08700000e+05 3.85070662e-21
6.08800000e+05 3.85018842e-21
6.08900000e+05 3.84967037e-21
6.09000000e+05 3.84915247e-21
6.09100000e+05 3.84863472e-21
6.09200000e+05 3.84811713e-21
6.09300000e+05 3.84759970e-21
6.09400000e+05 3.84708241e-21
6.09500000e+05 3.84656528e-21
6.09600000e+05 3.84604830e-21
6.09700000e+05 3.84553148e-21
6.09800000e+05 3.84501481e-21
6.09900000e+05 3.84449829e-21
6.10000000e+05 3.84398193e-21
6.10100000e+05 3.84346571e-21
6.10200000e+05 3.84294965e-21
6.10300000e+05 3.84243375e-21
6.10400000e+05 3.84191799e-21
6.10500000e+05 3.84140239e-21
6.10600000e+05 3.84088694e-21
6.10700000e+05 3.84037165e-21
6.10800000e+05 3.83985651e-21
6.10900000e+05 3.83934151e-21
6.11000000e+05 3.83882668e-21
6.11100000e+05 3.83831199e-21
6.11200000e+05 3.83779746e-21
6.11300000e+05 3.83728307e-21
6.11400000e+05 3.83676884e-21
6.11500000e+05 3.83625477e-21
6.11600000e+05 3.83574084e-21
6.11700000e+05 3.83522707e-21
6.11800000e+05 3.83471344e-21
6.11900000e+05 3.83419997e-21
6.12000000e+05 3.83368665e-21
6.12100000e+05 3.83317348e-21
6.12200000e+05 3.83266047e-21
6.12300000e+05 3.83214760e-21
6.12400000e+05 3.83163489e-21
6.12500000e+05 3.83112233e-21
6.12600000e+05 3.83060992e-21
6.12700000e+05 3.83009766e-21
6.12800000e+05 3.82958555e-21
6.12900000e+05 3.82907359e-21
6.13000000e+05 3.82856178e-21
6.13100000e+05 3.82805013e-21
6.13200000e+05 3.82753862e-21
6.13300000e+05 3.82702727e-21
6.13400000e+05 3.82651606e-21
6.13500000e+05 3.82600501e-21
6.13600000e+05 3.82549411e-21
6.13700000e+05 3.82498335e-21
6.13800000e+05 3.82447275e-21
6.13900000e+05 3.82396230e-21
6.14000000e+05 3.82345200e-21
6.14100000e+05 3.82294185e-21
6.14200000e+05 3.82243185e-21
6.14300000e+05 3.82192200e-21
6.14400000e+05 3.82141229e-21
6.14500000e+05 3.82090274e-21
6.14600000e+05 3.82039334e-21
6.14700000e+05 3.81988409e-21
6.14800000e+05 3.81937499e-21
6.14900000e+05 3.81886604e-21
6.15000000e+05 3.81835723e-21
6.15100000e+05 3.81784858e-21
6.15200000e+05 3.81734008e-21
6.15300000e+05 3.81683172e-21
6.15400000e+05 3.81632352e-21
6.15500000e+05 3.81581546e-21
6.15600000e+05 3.81530755e-21
6.15700000e+05 3.81479979e-21
6.15800000e+05 3.81429219e-21
6.15900000e+05 3.81378473e-21
6.16000000e+05 3.81327741e-21
6.16100000e+05 3.81277025e-21
6.16200000e+05 3.81226324e-21
6.16300000e+05 3.81175637e-21
6.16400000e+05 3.81124966e-21
6.16500000e+05 3.81074309e-21
6.16600000e+05 3.81023667e-21
6.16700000e+05 3.80973040e-21
6.16800000e+05 3.80922428e-21
6.16900000e+05 3.80871830e-21
6.17000000e+05 3.80821248e-21
6.17100000e+05 3.80770680e-21
6.17200000e+05 3.80720127e-21
6.17300000e+05 3.80669589e-21
6.17400000e+05 3.80619065e-21
6.17500000e+05 3.80568557e-21
6.17600000e+05 3.80518063e-21
6.17700000e+05 3.80467584e-21
6.17800000e+05 3.80417119e-21
6.17900000e+05 3.80366670e-21
6.18000000e+05 3.80316235e-21
6.18100000e+05 3.80265815e-21
6.18200000e+05 3.80215410e-21
6.18300000e+05 3.80165019e-21
6.18400000e+05 3.80114643e-21
6.18500000e+05 3.80064282e-21
6.18600000e+05 3.80013936e-21
6.18700000e+05 3.79963604e-21
6.18800000e+05 3.79913287e-21
6.18900000e+05 3.79862985e-21
6.19000000e+05 3.79812697e-21
6.19100000e+05 3.79762424e-21
6.19200000e+05 3.79712166e-21
6.19300000e+05 3.79661922e-21
6.19400000e+05 3.79611693e-21
6.19500000e+05 3.79561479e-21
6.19600000e+05 3.79511279e-21
6.19700000e+05 3.79461094e-21
6.19800000e+05 3.79410924e-21
6.19900000e+05 3.79360768e-21
6.20000000e+05 3.79310627e-21
6.20100000e+05 3.79260500e-21
6.20200000e+05 3.79210388e-21
6.20300000e+05 3.79160291e-21
6.20400000e+05 3.79110208e-21
6.20500000e+05 3.79060140e-21
6.20600000e+05 3.79010087e-21
6.20700000e+05 3.78960048e-21
6.20800000e+05 3.78910023e-21
6.20900000e+05 3.78860013e-21
6.21000000e+05 3.78810018e-21
6.21100000e+05 3.78760037e-21
6.21200000e+05 3.78710071e-21
6.21300000e+05 3.78660119e-21
6.21400000e+05 3.78610182e-21
6.21500000e+05 3.78560260e-21
6.21600000e+05 3.78510351e-21
6.21700000e+05 3.78460458e-21
6.21800000e+05 3.78410579e-21
6.21900000e+05 3.78360714e-21
6.22000000e+05 3.78310864e-21
6.22100000e+05 3.78261028e-21
6.22200000e+05 3.78211207e-21
6.22300000e+05 3.78161400e-21
6.22400000e+05 3.78111608e-21
6.22500000e+05 3.78061830e-21
6.22600000e+05 3.78012067e-21
6.22700000e+05 3.77962318e-21
6.22800000e+05 3.77912583e-21
6.22900000e+05 3.77862863e-21
6.23000000e+05 3.77813158e-21
6.23100000e+05 3.77763467e-21
6.23200000e+05 3.77713790e-21
6.23300000e+05 3.77664127e-21
6.23400000e+05 3.77614479e-21
6.23500000e+05 3.77564846e-21
6.23600000e+05 3.77515226e-21
6.23700000e+05 3.77465622e-21
6.23800000e+05 3.77416031e-21
6.23900000e+05 3.77366455e-21
6.24000000e+05 3.77316893e-21
6.24100000e+05 3.77267346e-21
6.24200000e+05 3.77217813e-21
6.24300000e+05 3.77168294e-21
6.24400000e+05 3.77118790e-21
6.24500000e+05 3.77069300e-21
6.24600000e+05 3.77019824e-21
6.24700000e+05 3.76970362e-21
6.24800000e+05 3.76920915e-21
6.24900000e+05 3.76871482e-21
6.25000000e+05 3.76822064e-21
6.25100000e+05 3.76772660e-21
6.25200000e+05 3.76723270e-21
6.25300000e+05 3.76673894e-21
6.25400000e+05 3.76624532e-21
6.25500000e+05 3.76575185e-21
6.25600000e+05 3.76525852e-21
6.25700000e+05 3.76476534e-21
6.25800000e+05 3.76427229e-21
6.25900000e+05 3.76377939e-21
6.26000000e+05 3.76328663e-21
6.26100000e+05 3.76279401e-21
6.26200000e+05 3.76230154e-21
6.26300000e+05 3.76180920e-21
6.26400000e+05 3.76131701e-21
6.26500000e+05 3.76082496e-21
6.26600000e+05 3.76033306e-21
6.26700000e+05 3.75984129e-21
6.26800000e+05 3.75934967e-21
6.26900000e+05 3.75885819e-21
6.27000000e+05 3.75836685e-21
6.27100000e+05 3.75787565e-21
6.27200000e+05 3.75738459e-21
6.27300000e+05 3.75689367e-21
6.27400000e+05 3.75640290e-21
6.27500000e+05 3.75591227e-21
6.27600000e+05 3.75542178e-21
6.27700000e+05 3.75493143e-21
6.27800000e+05 3.75444122e-21
6.27900000e+05 3.75395115e-21
6.28000000e+05 3.75346122e-21
6.28100000e+05 3.75297143e-21
6.28200000e+05 3.75248179e-21
6.28300000e+05 3.75199228e-21
6.28400000e+05 3.75150292e-21
6.28500000e+05 3.75101370e-21
6.28600000e+05 3.75052462e-21
6.28700000e+05 3.75003567e-21
6.28800000e+05 3.74954687e-21
6.28900000e+05 3.74905821e-21
6.29000000e+05 3.74856969e-21
6.29100000e+05 3.74808131e-21
6.29200000e+05 3.74759307e-21
6.29300000e+05 3.74710497e-21
6.29400000e+05 3.74661701e-21
6.29500000e+05 3.74612919e-21
6.29600000e+05 3.74564151e-21
6.29700000e+05 3.74515397e-21
6.29800000e+05 3.74466657e-21
6.29900000e+05 3.74417931e-21
6.30000000e+05 3.74369219e-21
6.30100000e+05 3.74320521e-21
6.30200000e+05 3.74271837e-21
6.30300000e+05 3.74223167e-21
6.30400000e+05 3.74174511e-21
6.30500000e+05 3.74125869e-21
6.30600000e+05 3.74077241e-21
6.30700000e+05 3.74028626e-21
6.30800000e+05 3.73980026e-21
6.30900000e+05 3.73931439e-21
6.31000000e+05 3.73882867e-21
6.31100000e+05 3.73834308e-21
6.31200000e+05 3.73785763e-21
6.31300000e+05 3.73737233e-21
6.31400000e+05 3.73688716e-21
6.31500000e+05 3.73640213e-21
6.31600000e+05 3.73591723e-21
6.31700000e+05 3.73543248e-21
6.31800000e+05 3.73494787e-21
6.31900000e+05 3.73446339e-21
6.32000000e+05 3.73397905e-21
6.32100000e+05 3.73349485e-21
6.32200000e+05 3.73301079e-21
6.32300000e+05 3.73252687e-21
6.32400000e+05 3.73204309e-21
6.32500000e+05 3.73155944e-21
6.32600000e+05 3.73107593e-21
6.32700000e+05 3.73059256e-21
6.32800000e+05 3.73010933e-21
6.32900000e+05 3.72962624e-21
6.33000000e+05 3.72914328e-21
6.33100000e+05 3.72866046e-21
6.33200000e+05 3.72817778e-21
6.33300000e+05 3.72769524e-21
6.33400000e+05 3.72721284e-21
6.33500000e+05 3.72673057e-21
6.33600000e+05 3.72624844e-21
6.33700000e+05 3.72576645e-21
6.33800000e+05 3.72528459e-21
6.33900000e+05 3.72480288e-21
6.34000000e+05 3.72432130e-21
6.34100000e+05 3.72383985e-21
6.34200000e+05 3.72335855e-21
6.34300000e+05 3.72287738e-21
6.34400000e+05 3.72239635e-21
6.34500000e+05 3.72191546e-21
6.34600000e+05 3.72143470e-21
6.34700000e+05 3.72095408e-21
6.34800000e+05 3.72047359e-21
6.34900000e+05 3.71999325e-21
6.35000000e+05 3.71951304e-21
6.35100000e+05 3.71903296e-21
6.35200000e+05 3.71855303e-21
6.35300000e+05 3.71807323e-21
6.35400000e+05 3.71759356e-21
6.35500000e+05 3.71711404e-21
6.35600000e+05 3.71663464e-21
6.35700000e+05 3.71615539e-21
6.35800000e+05 3.71567627e-21
6.35900000e+05 3.71519729e-21
6.36000000e+05 3.71471844e-21
6.36100000e+05 3.71423973e-21
6.36200000e+05 3.71376116e-21
6.36300000e+05 3.71328272e-21
6.36400000e+05 3.71280442e-21
6.36500000e+05 3.71232625e-21
6.36600000e+05 3.71184822e-21
6.36700000e+05 3.71137032e-21
6.36800000e+05 3.71089256e-21
6.36900000e+05 3.71041494e-21
6.37000000e+05 3.70993745e-21
6.37100000e+05 3.70946010e-21
6.37200000e+05 3.70898288e-21
6.37300000e+05 3.70850580e-21
6.37400000e+05 3.70802885e-21
6.37500000e+05 3.70755204e-21
6.37600000e+05 3.70707536e-21
6.37700000e+05 3.70659882e-21
6.37800000e+05 3.70612241e-21
6.37900000e+05 3.70564614e-21
6.38000000e+05 3.70517000e-21
6.38100000e+05 3.70469400e-21
6.38200000e+05 3.70421813e-21
6.38300000e+05 3.70374240e-21
6.38400000e+05 3.70326680e-21
6.38500000e+05 3.70279134e-21
6.38600000e+05 3.70231601e-21
6.38700000e+05 3.70184082e-21
6.38800000e+05 3.70136576e-21
6.38900000e+05 3.70089083e-21
6.39000000e+05 3.70041604e-21
6.39100000e+05 3.69994138e-21
6.39200000e+05 3.69946686e-21
6.39300000e+05 3.69899247e-21
6.39400000e+05 3.69851822e-21
6.39500000e+05 3.69804410e-21
6.39600000e+05 3.69757011e-21
6.39700000e+05 3.69709626e-21
6.39800000e+05 3.69662254e-21
6.39900000e+05 3.69614895e-21
6.40000000e+05 3.69567550e-21
6.40100000e+05 3.69520219e-21
6.40200000e+05 3.69472900e-21
6.40300000e+05 3.69425595e-21
6.40400000e+05 3.69378303e-21
6.40500000e+05 3.69331025e-21
6.40600000e+05 3.69283760e-21
6.40700000e+05 3.69236508e-21
6.40800000e+05 3.69189270e-21
6.40900000e+05 3.69142045e-21
6.41000000e+05 3.69094833e-21
6.41100000e+05 3.69047635e-21
6.41200000e+05 3.69000450e-21
6.41300000e+05 3.68953278e-21
6.41400000e+05 3.68906119e-21
6.41500000e+05 3.68858974e-21
6.41600000e+05 3.68811842e-21
6.41700000e+05 3.68764723e-21
6.41800000e+05 3.68717618e-21
6.41900000e+05 3.68670526e-21
6.42000000e+05 3.68623447e-21
6.42100000e+05 3.68576381e-21
6.42200000e+05 3.68529329e-21
6.42300000e+05 3.68482290e-21
6.42400000e+05 3.68435264e-21
6.42500000e+05 3.68388251e-21
6.42600000e+05 3.68341252e-21
6.42700000e+05 3.68294265e-21
6.42800000e+05 3.68247292e-21
6.42900000e+05 3.68200332e-21
6.43000000e+05 3.68153386e-21
6.43100000e+05 3.68106452e-21
6.43200000e+05 3.68059532e-21
6.43300000e+05 3.68012625e-21
6.43400000e+05 3.67965731e-21
6.43500000e+05 3.67918850e-21
6.43600000e+05 3.67871983e-21
6.43700000e+05 3.67825128e-21
6.43800000e+05 3.67778287e-21
6.43900000e+05 3.67731459e-21
6.44000000e+05 3.67684644e-21
6.44100000e+05 3.67637842e-21
6.44200000e+05 3.67591053e-21
6.44300000e+05 3.67544277e-21
6.44400000e+05 3.67497515e-21
6.44500000e+05 3.67450766e-21
6.44600000e+05 3.67404029e-21
6.44700000e+05 3.67357306e-21
6.44800000e+05 3.67310596e-21
6.44900000e+05 3.67263899e-21
6.45000000e+05 3.67217215e-21
6.45100000e+05 3.67170544e-21
6.45200000e+05 3.67123887e-21
6.45300000e+05 3.67077242e-21
6.45400000e+05 3.67030610e-21
6.45500000e+05 3.66983992e-21
6.45600000e+05 3.66937386e-21
6.45700000e+05 3.66890794e-21
6.45800000e+05 3.66844214e-21
6.45900000e+05 3.66797648e-21
6.46000000e+05 3.66751094e-21
6.46100000e+05 3.66704554e-21
6.46200000e+05 3.66658027e-21
6.46300000e+05 3.66611512e-21
6.46400000e+05 3.66565011e-21
6.46500000e+05 3.66518523e-21
6.46600000e+05 3.66472047e-21
6.46700000e+05 3.66425585e-21
6.46800000e+05 3.66379136e-21
6.46900000e+05 3.66332699e-21
6.47000000e+05 3.66286276e-21
6.47100000e+05 3.66239865e-21
6.47200000e+05 3.66193468e-21
6.47300000e+05 3.66147083e-21
6.47400000e+05 3.66100712e-21
6.47500000e+05 3.66054353e-21
6.47600000e+05 3.66008007e-21
6.47700000e+05 3.65961674e-21
6.47800000e+05 3.65915355e-21
6.47900000e+05 3.65869048e-21
6.48000000e+05 3.65822754e-21
6.48100000e+05 3.65776472e-21
6.48200000e+05 3.65730204e-21
6.48300000e+05 3.65683949e-21
6.48400000e+05 3.65637706e-21
6.48500000e+05 3.65591477e-21
6.48600000e+05 3.65545260e-21
6.48700000e+05 3.65499056e-21
6.48800000e+05 3.65452866e-21
6.48900000e+05 3.65406687e-21
6.49000000e+05 3.65360522e-21
6.49100000e+05 3.65314370e-21
6.49200000e+05 3.65268230e-21
6.49300000e+05 3.65222104e-21
6.49400000e+05 3.65175990e-21
6.49500000e+05 3.65129889e-21
6.49600000e+05 3.65083801e-21
6.49700000e+05 3.65037725e-21
6.49800000e+05 3.64991663e-21
6.49900000e+05 3.64945613e-21
6.50000000e+05 3.64899576e-21
6.50100000e+05 3.64853552e-21
6.50200000e+05 3.64807541e-21
6.50300000e+05 3.64761542e-21
6.50400000e+05 3.64715556e-21
6.50500000e+05 3.64669583e-21
6.50600000e+05 3.64623623e-21
6.50700000e+05 3.64577676e-21
6.50800000e+05 3.64531741e-21
6.50900000e+05 3.64485819e-21
6.51000000e+05 3.64439910e-21
6.51100000e+05 3.64394013e-21
6.51200000e+05 3.64348130e-21
6.51300000e+05 3.64302259e-21
6.51400000e+05 3.64256401e-21
6.51500000e+05 3.64210555e-21
6.51600000e+05 3.64164722e-21
6.51700000e+05 3.64118902e-21
6.51800000e+05 3.64073095e-21
6.51900000e+05 3.64027300e-21
6.52000000e+05 3.63981518e-21
6.52100000e+05 3.63935749e-21
6.52200000e+05 3.63889992e-21
6.52300000e+05 3.63844248e-21
6.52400000e+05 3.63798517e-21
6.52500000e+05 3.63752798e-21
6.52600000e+05 3.63707092e-21
6.52700000e+05 3.63661399e-21
6.52800000e+05 3.63615718e-21
6.52900000e+05 3.63570050e-21
6.53000000e+05 3.63524395e-21
6.53100000e+05 3.63478752e-21
6.53200000e+05 3.63433122e-21
6.53300000e+05 3.63387504e-21
6.53400000e+05 3.63341899e-21
6.53500000e+05 3.63296307e-21
6.53600000e+05 3.63250727e-21
6.53700000e+05 3.63205160e-21
6.53800000e+05 3.63159606e-21
6.53900000e+05 3.63114064e-21
6.54000000e+05 3.63068535e-21
6.54100000e+05 3.63023018e-21
6.54200000e+05 3.62977514e-21
6.54300000e+05 3.62932022e-21
6.54400000e+05 3.62886543e-21
6.54500000e+05 3.62841077e-21
6.54600000e+05 3.62795623e-21
6.54700000e+05 3.62750181e-21
6.54800000e+05 3.62704753e-21
6.54900000e+05 3.62659336e-21
6.55000000e+05 3.62613932e-21
6.55100000e+05 3.62568541e-21
6.55200000e+05 3.62523163e-21
6.55300000e+05 3.62477796e-21
6.55400000e+05 3.62432443e-21
6.55500000e+05 3.62387101e-21
6.55600000e+05 3.62341773e-21
6.55700000e+05 3.62296457e-21
6.55800000e+05 3.62251153e-21
6.55900000e+05 3.62205862e-21
6.56000000e+05 3.62160583e-21
6.56100000e+05 3.62115317e-21
6.56200000e+05 3.62070063e-21
6.56300000e+05 3.62024821e-21
6.56400000e+05 3.61979593e-21
6.56500000e+05 3.61934376e-21
6.56600000e+05 3.61889172e-21
6.56700000e+05 3.61843981e-21
6.56800000e+05 3.61798801e-21
6.56900000e+05 3.61753635e-21
6.57000000e+05 3.61708480e-21
6.57100000e+05 3.61663339e-21
6.57200000e+05 3.61618209e-21
6.57300000e+05 3.61573092e-21
6.57400000e+05 3.61527987e-21
6.57500000e+05 3.61482895e-21
6.57600000e+05 3.61437815e-21
6.57700000e+05 3.61392748e-21
6.57800000e+05 3.61347693e-21
6.57900000e+05 3.61302650e-21
6.58000000e+05 3.61257620e-21
6.58100000e+05 3.61212602e-21
6.58200000e+05 3.61167596e-21
6.58300000e+05 3.61122603e-21
6.58400000e+05 3.61077622e-21
6.58500000e+05 3.61032654e-21
6.58600000e+05 3.60987697e-21
6.58700000e+05 3.60942753e-21
6.58800000e+05 3.60897822e-21
6.58900000e+05 3.60852903e-21
6.59000000e+05 3.60807996e-21
6.59100000e+05 3.60763101e-21
6.59200000e+05 3.60718219e-21
6.59300000e+05 3.60673349e-21
6.59400000e+05 3.60628491e-21
6.59500000e+05 3.60583646e-21
6.59600000e+05 3.60538813e-21
6.59700000e+05 3.60493992e-21
6.59800000e+05 3.60449183e-21
6.59900000e+05 3.60404387e-21
6.60000000e+05 3.60359603e-21
6.60100000e+05 3.60314831e-21
6.60200000e+05 3.60270072e-21
6.60300000e+05 3.60225325e-21
6.60400000e+05 3.60180590e-21
6.60500000e+05 3.60135867e-21
6.60600000e+05 3.60091156e-21
6.60700000e+05 3.60046458e-21
6.60800000e+05 3.60001772e-21
6.60900000e+05 3.59957098e-21
6.61000000e+05 3.59912436e-21
6.61100000e+05 3.59867787e-21
6.61200000e+05 3.59823150e-21
6.61300000e+05 3.59778525e-21
6.61400000e+05 3.59733912e-21
6.61500000e+05 3.59689311e-21
6.61600000e+05 3.59644723e-21
6.61700000e+05 3.59600146e-21
6.61800000e+05 3.59555582e-21
6.61900000e+05 3.59511030e-21
6.62000000e+05 3.59466490e-21
6.62100000e+05 3.59421963e-21
6.62200000e+05 3.59377447e-21
6.62300000e+05 3.59332944e-21
6.62400000e+05 3.59288453e-21
6.62500000e+05 3.59243974e-21
6.62600000e+05 3.59199507e-21
6.62700000e+05 3.59155052e-21
6.62800000e+05 3.59110609e-21
6.62900000e+05 3.59066179e-21
6.63000000e+05 3.59021760e-21
6.63100000e+05 3.58977354e-21
6.63200000e+05 3.58932960e-21
6.63300000e+05 3.58888578e-21
6.63400000e+05 3.58844207e-21
6.63500000e+05 3.58799849e-21
6.63600000e+05 3.58755504e-21
6.63700000e+05 3.58711170e-21
6.63800000e+05 3.58666848e-21
6.63900000e+05 3.58622538e-21
6.64000000e+05 3.58578241e-21
6.64100000e+05 3.58533955e-21
6.64200000e+05 3.58489682e-21
6.64300000e+05 3.58445420e-21
6.64400000e+05 3.58401171e-21
6.64500000e+05 3.58356933e-21
6.64600000e+05 3.58312708e-21
6.64700000e+05 3.58268494e-21
6.64800000e+05 3.58224293e-21
6.64900000e+05 3.58180104e-21
6.65000000e+05 3.58135926e-21
6.65100000e+05 3.58091761e-21
6.65200000e+05 3.58047608e-21
6.65300000e+05 3.58003467e-21
6.65400000e+05 3.57959337e-21
6.65500000e+05 3.57915220e-21
6.65600000e+05 3.57871114e-21
6.65700000e+05 3.57827021e-21
6.65800000e+05 3.57782940e-21
6.65900000e+05 3.57738870e-21
6.66000000e+05 3.57694813e-21
6.66100000e+05 3.57650767e-21
6.66200000e+05 3.57606733e-21
6.66300000e+05 3.57562712e-21
6.66400000e+05 3.57518702e-21
6.66500000e+05 3.57474704e-21
6.66600000e+05 3.57430718e-21
6.66700000e+05 3.57386744e-21
6.66800000e+05 3.57342782e-21
6.66900000e+05 3.57298832e-21
6.67000000e+05 3.57254894e-21
6.67100000e+05 3.57210968e-21
6.67200000e+05 3.57167053e-21
6.67300000e+05 3.57123151e-21
6.67400000e+05 3.57079260e-21
6.67500000e+05 3.57035382e-21
6.67600000e+05 3.56991515e-21
6.67700000e+05 3.56947660e-21
6.67800000e+05 3.56903817e-21
6.67900000e+05 3.56859985e-21
6.68000000e+05 3.56816166e-21
6.68100000e+05 3.56772358e-21
6.68200000e+05 3.56728563e-21
6.68300000e+05 3.56684779e-21
6.68400000e+05 3.56641007e-21
6.68500000e+05 3.56597247e-21
6.68600000e+05 3.56553498e-21
6.68700000e+05 3.56509762e-21
6.68800000e+05 3.56466037e-21
6.68900000e+05 3.56422324e-21
6.69000000e+05 3.56378623e-21
6.69100000e+05 3.56334934e-21
6.69200000e+05 3.56291256e-21
6.69300000e+05 3.56247590e-21
6.69400000e+05 3.56203937e-21
6.69500000e+05 3.56160294e-21
6.69600000e+05 3.56116664e-21
6.69700000e+05 3.56073045e-21
6.69800000e+05 3.56029439e-21
6.69900000e+05 3.55985844e-21
6.70000000e+05 3.55942260e-21
6.70100000e+05 3.55898689e-21
6.70200000e+05 3.55855129e-21
6.70300000e+05 3.55811581e-21
6.70400000e+05 3.55768045e-21
6.70500000e+05 3.55724520e-21
6.70600000e+05 3.55681007e-21
6.70700000e+05 3.55637506e-21
6.70800000e+05 3.55594017e-21
6.70900000e+05 3.55550539e-21
6.71000000e+05 3.55507073e-21
6.71100000e+05 3.55463619e-21
6.71200000e+05 3.55420176e-21
6.71300000e+05 3.55376745e-21
6.71400000e+05 3.55333326e-21
6.71500000e+05 3.55289919e-21
6.71600000e+05 3.55246523e-21
6.71700000e+05 3.55203139e-21
6.71800000e+05 3.55159766e-21
6.71900000e+05 3.55116405e-21
6.72000000e+05 3.55073056e-21
6.72100000e+05 3.55029719e-21
6.72200000e+05 3.54986393e-21
6.72300000e+05 3.54943079e-21
6.72400000e+05 3.54899776e-21
6.72500000e+05 3.54856485e-21
6.72600000e+05 3.54813206e-21
6.72700000e+05 3.54769938e-21
6.72800000e+05 3.54726682e-21
6.72900000e+05 3.54683438e-21
6.73000000e+05 3.54640205e-21
6.73100000e+05 3.54596984e-21
6.73200000e+05 3.54553774e-21
6.73300000e+05 3.54510576e-21
6.73400000e+05 3.54467390e-21
6.73500000e+05 3.54424215e-21
6.73600000e+05 3.54381052e-21
6.73700000e+05 3.54337900e-21
6.73800000e+05 3.54294760e-21
6.73900000e+05 3.54251632e-21
6.74000000e+05 3.54208515e-21
6.74100000e+05 3.54165409e-21
6.74200000e+05 3.54122315e-21
6.74300000e+05 3.54079233e-21
6.74400000e+05 3.54036162e-21
6.74500000e+05 3.53993103e-21
6.74600000e+05 3.53950055e-21
6.74700000e+05 3.53907019e-21
6.74800000e+05 3.53863995e-21
6.74900000e+05 3.53820982e-21
6.75000000e+05 3.53777980e-21
6.75100000e+05 3.53734990e-21
6.75200000e+05 3.53692011e-21
6.75300000e+05 3.53649044e-21
6.75400000e+05 3.53606089e-21
6.75500000e+05 3.53563145e-21
6.75600000e+05 3.53520212e-21
6.75700000e+05 3.53477291e-21
6.75800000e+05 3.53434381e-21
6.75900000e+05 3.53391483e-21
6.76000000e+05 3.53348597e-21
6.76100000e+05 3.53305721e-21
6.76200000e+05 3.53262858e-21
6.76300000e+05 3.53220005e-21
6.76400000e+05 3.53177164e-21
6.76500000e+05 3.53134335e-21
6.76600000e+05 3.53091517e-21
6.76700000e+05 3.53048710e-21
6.76800000e+05 3.53005915e-21
6.76900000e+05 3.52963132e-21
6.77000000e+05 3.52920359e-21
6.77100000e+05 3.52877599e-21
6.77200000e+05 3.52834849e-21
6.77300000e+05 3.52792111e-21
6.77400000e+05 3.52749384e-21
6.77500000e+05 3.52706669e-21
6.77600000e+05 3.52663965e-21
6.77700000e+05 3.52621273e-21
6.77800000e+05 3.52578592e-21
6.77900000e+05 3.52535922e-21
6.78000000e+05 3.52493264e-21
6.78100000e+05 3.52450617e-21
6.78200000e+05 3.52407981e-21
6.78300000e+05 3.52365357e-21
6.78400000e+05 3.52322744e-21
6.78500000e+05 3.52280143e-21
6.78600000e+05 3.52237553e-21
6.78700000e+05 3.52194974e-21
6.78800000e+05 3.52152406e-21
6.78900000e+05 3.52109850e-21
6.79000000e+05 3.52067305e-21
6.79100000e+05 3.52024772e-21
6.79200000e+05 3.51982249e-21
6.79300000e+05 3.51939739e-21
6.79400000e+05 3.51897239e-21
6.79500000e+05 3.51854751e-21
6.79600000e+05 3.51812274e-21
6.79700000e+05 3.51769808e-21
6.79800000e+05 3.51727354e-21
6.79900000e+05 3.51684911e-21
6.80000000e+05 3.51642479e-21
6.80100000e+05 3.51600058e-21
6.80200000e+05 3.51557649e-21
6.80300000e+05 3.51515251e-21
6.80400000e+05 3.51472864e-21
6.80500000e+05 3.51430489e-21
6.80600000e+05 3.51388124e-21
6.80700000e+05 3.51345771e-21
6.80800000e+05 3.51303430e-21
6.80900000e+05 3.51261099e-21
6.81000000e+05 3.51218780e-21
6.81100000e+05 3.51176472e-21
6.81200000e+05 3.51134175e-21
6.81300000e+05 3.51091889e-21
6.81400000e+05 3.51049615e-21
6.81500000e+05 3.51007352e-21
6.81600000e+05 3.50965100e-21
6.81700000e+05 3.50922859e-21
6.81800000e+05 3.50880629e-21
6.81900000e+05 3.50838411e-21
6.82000000e+05 3.50796204e-21
6.82100000e+05 3.50754008e-21
6.82200000e+05 3.50711823e-21
6.82300000e+05 3.50669649e-21
6.82400000e+05 3.50627486e-21
6.82500000e+05 3.50585335e-21
6.82600000e+05 3.50543195e-21
6.82700000e+05 3.50501066e-21
6.82800000e+05 3.50458948e-21
6.82900000e+05 3.50416841e-21
6.83000000e+05 3.50374746e-21
6.83100000e+05 3.50332661e-21
6.83200000e+05 3.50290588e-21
6.83300000e+05 3.50248526e-21
6.83400000e+05 3.50206475e-21
6.83500000e+05 3.50164435e-21
6.83600000e+05 3.50122406e-21
6.83700000e+05 3.50080388e-21
6.83800000e+05 3.50038381e-21
6.83900000e+05 3.49996386e-21
6.84000000e+05 3.49954401e-21
6.84100000e+05 3.49912428e-21
6.84200000e+05 3.49870466e-21
6.84300000e+05 3.49828515e-21
6.84400000e+05 3.49786575e-21
6.84500000e+05 3.49744646e-21
6.84600000e+05 3.49702728e-21
6.84700000e+05 3.49660821e-21
6.84800000e+05 3.49618925e-21
6.84900000e+05 3.49577040e-21
6.85000000e+05 3.49535166e-21
6.85100000e+05 3.49493304e-21
6.85200000e+05 3.49451452e-21
6.85300000e+05 3.49409611e-21
6.85400000e+05 3.49367782e-21
6.85500000e+05 3.49325963e-21
6.85600000e+05 3.49284156e-21
6.85700000e+05 3.49242359e-21
6.85800000e+05 3.49200574e-21
6.85900000e+05 3.49158799e-21
6.86000000e+05 3.49117036e-21
6.86100000e+05 3.49075283e-21
6.86200000e+05 3.49033542e-21
6.86300000e+05 3.48991811e-21
6.86400000e+05 3.48950092e-21
6.86500000e+05 3.48908383e-21
6.86600000e+05 3.48866686e-21
6.86700000e+05 3.48824999e-21
6.86800000e+05 3.48783323e-21
6.86900000e+05 3.48741659e-21
6.87000000e+05 3.48700005e-21
6.87100000e+05 3.48658362e-21
6.87200000e+05 3.48616731e-21
6.87300000e+05 3.48575110e-21
6.87400000e+05 3.48533500e-21
6.87500000e+05 3.48491901e-21
6.87600000e+05 3.48450313e-21
6.87700000e+05 3.48408736e-21
6.87800000e+05 3.48367170e-21
6.87900000e+05 3.48325614e-21
6.88000000e+05 3.48284070e-21
6.88100000e+05 3.48242537e-21
6.88200000e+05 3.48201014e-21
6.88300000e+05 3.48159503e-21
6.88400000e+05 3.48118002e-21
6.88500000e+05 3.48076512e-21
6.88600000e+05 3.48035033e-21
6.88700000e+05 3.47993565e-21
6.88800000e+05 3.47952108e-21
6.88900000e+05 3.47910662e-21
6.89000000e+05 3.47869226e-21
6.89100000e+05 3.47827802e-21
6.89200000e+05 3.47786388e-21
6.89300000e+05 3.47744985e-21
6.89400000e+05 3.47703593e-21
6.89500000e+05 3.47662212e-21
6.89600000e+05 3.47620842e-21
6.89700000e+05 3.47579482e-21
6.89800000e+05 3.47538134e-21
6.89900000e+05 3.47496796e-21
6.90000000e+05 3.47455469e-21
6.90100000e+05 3.47414153e-21
6.90200000e+05 3.47372848e-21
6.90300000e+05 3.47331553e-21
6.90400000e+05 3.47290269e-21
6.90500000e+05 3.47248996e-21
6.90600000e+05 3.47207734e-21
6.90700000e+05 3.47166483e-21
6.90800000e+05 3.47125243e-21
6.90900000e+05 3.47084013e-21
6.91000000e+05 3.47042794e-21
6.91100000e+05 3.47001586e-21
6.91200000e+05 3.46960388e-21
6.91300000e+05 3.46919202e-21
6.91400000e+05 3.46878026e-21
6.91500000e+05 3.46836861e-21
6.91600000e+05 3.46795707e-21
6.91700000e+05 3.46754563e-21
6.91800000e+05 3.46713430e-21
6.91900000e+05 3.46672308e-21
6.92000000e+05 3.46631197e-21
6.92100000e+05 3.46590096e-21
6.92200000e+05 3.46549006e-21
6.92300000e+05 3.46507927e-21
6.92400000e+05 3.46466859e-21
6.92500000e+05 3.46425801e-21
6.92600000e+05 3.46384754e-21
6.92700000e+05 3.46343718e-21
6.92800000e+05 3.46302692e-21
6.92900000e+05 3.46261677e-21
6.93000000e+05 3.46220673e-21
6.93100000e+05 3.46179680e-21
6.93200000e+05 3.46138697e-21
6.93300000e+05 3.46097725e-21
6.93400000e+05 3.46056763e-21
6.93500000e+05 3.46015812e-21
6.93600000e+05 3.45974872e-21
6.93700000e+05 3.45933943e-21
6.93800000e+05 3.45893024e-21
6.93900000e+05 3.45852116e-21
6.94000000e+05 3.45811219e-21
6.94100000e+05 3.45770332e-21
6.94200000e+05 3.45729456e-21
6.94300000e+05 3.45688590e-21
6.94400000e+05 3.45647735e-21
6.94500000e+05 3.45606891e-21
6.94600000e+05 3.45566057e-21
6.94700000e+05 3.45525234e-21
6.94800000e+05 3.45484422e-21
6.94900000e+05 3.45443620e-21
6.95000000e+05 3.45402829e-21
6.95100000e+05 3.45362048e-21
6.95200000e+05 3.45321278e-21
6.95300000e+05 3.45280519e-21
6.95400000e+05 3.45239770e-21
6.95500000e+05 3.45199032e-21
6.95600000e+05 3.45158304e-21
6.95700000e+05 3.45117587e-21
6.95800000e+05 3.45076881e-21
6.95900000e+05 3.45036185e-21
6.96000000e+05 3.44995500e-21
6.96100000e+05 3.44954825e-21
6.96200000e+05 3.44914161e-21
6.96300000e+05 3.44873507e-21
6.96400000e+05 3.44832864e-21
6.96500000e+05 3.44792231e-21
6.96600000e+05 3.44751609e-21
6.96700000e+05 3.44710998e-21
6.96800000e+05 3.44670397e-21
6.96900000e+05 3.44629806e-21
6.97000000e+05 3.44589227e-21
6.97100000e+05 3.44548657e-21
6.97200000e+05 3.44508098e-21
6.97300000e+05 3.44467550e-21
6.97400000e+05 3.44427012e-21
6.97500000e+05 3.44386485e-21
6.97600000e+05 3.44345968e-21
6.97700000e+05 3.44305462e-21
6.97800000e+05 3.44264966e-21
6.97900000e+05 3.44224480e-21
6.98000000e+05 3.44184006e-21
6.98100000e+05 3.44143541e-21
6.98200000e+05 3.44103087e-21
6.98300000e+05 3.44062644e-21
6.98400000e+05 3.44022211e-21
6.98500000e+05 3.43981788e-21
6.98600000e+05 3.43941376e-21
6.98700000e+05 3.43900975e-21
6.98800000e+05 3.43860583e-21
6.98900000e+05 3.43820203e-21
6.99000000e+05 3.43779832e-21
6.99100000e+05 3.43739473e-21
6.99200000e+05 3.43699123e-21
6.99300000e+05 3.43658784e-21
6.99400000e+05 3.43618456e-21
6.99500000e+05 3.43578137e-21
6.99600000e+05 3.43537830e-21
6.99700000e+05 3.43497532e-21
6.99800000e+05 3.43457245e-21
6.99900000e+05 3.43416969e-21
7.00000000e+05 3.43376703e-21
7.00100000e+05 3.43336447e-21
7.00200000e+05 3.43296202e-21
7.00300000e+05 3.43255967e-21
7.00400000e+05 3.43215742e-21
7.00500000e+05 3.43175528e-21
7.00600000e+05 3.43135324e-21
7.00700000e+05 3.43095131e-21
7.00800000e+05 3.43054948e-21
7.00900000e+05 3.43014775e-21
7.01000000e+05 3.42974613e-21
7.01100000e+05 3.42934461e-21
7.01200000e+05 3.42894319e-21
7.01300000e+05 3.42854188e-21
7.01400000e+05 3.42814067e-21
7.01500000e+05 3.42773956e-21
7.01600000e+05 3.42733856e-21
7.01700000e+05 3.42693766e-21
7.01800000e+05 3.42653686e-21
7.01900000e+05 3.42613617e-21
7.02000000e+05 3.42573558e-21
7.02100000e+05 3.42533509e-21
7.02200000e+05 3.42493470e-21
7.02300000e+05 3.42453442e-21
7.02400000e+05 3.42413424e-21
7.02500000e+05 3.42373417e-21
7.02600000e+05 3.42333420e-21
7.02700000e+05 3.42293433e-21
7.02800000e+05 3.42253456e-21
7.02900000e+05 3.42213490e-21
7.03000000e+05 3.42173534e-21
7.03100000e+05 3.42133588e-21
7.03200000e+05 3.42093652e-21
7.03300000e+05 3.42053727e-21
7.03400000e+05 3.42013812e-21
7.03500000e+05 3.41973907e-21
7.03600000e+05 3.41934013e-21
7.03700000e+05 3.41894128e-21
7.03800000e+05 3.41854254e-21
7.03900000e+05 3.41814390e-21
7.04000000e+05 3.41774537e-21
7.04100000e+05 3.41734693e-21
7.04200000e+05 3.41694860e-21
7.04300000e+05 3.41655037e-21
7.04400000e+05 3.41615225e-21
7.04500000e+05 3.41575422e-21
7.04600000e+05 3.41535630e-21
7.04700000e+05 3.41495848e-21
7.04800000e+05 3.41456076e-21
7.04900000e+05 3.41416314e-21
7.05000000e+05 3.41376563e-21
7.05100000e+05 3.41336821e-21
7.05200000e+05 3.41297090e-21
7.05300000e+05 3.41257369e-21
7.05400000e+05 3.41217659e-21
7.05500000e+05 3.41177958e-21
7.05600000e+05 3.41138268e-21
7.05700000e+05 3.41098587e-21
7.05800000e+05 3.41058917e-21
7.05900000e+05 3.41019257e-21
7.06000000e+05 3.40979608e-21
7.06100000e+05 3.40939968e-21
7.06200000e+05 3.40900338e-21
7.06300000e+05 3.40860719e-21
7.06400000e+05 3.40821110e-21
7.06500000e+05 3.40781511e-21
7.06600000e+05 3.40741922e-21
7.06700000e+05 3.40702343e-21
7.06800000e+05 3.40662774e-21
7.06900000e+05 3.40623216e-21
7.07000000e+05 3.40583667e-21
7.07100000e+05 3.40544129e-21
7.07200000e+05 3.40504601e-21
7.07300000e+05 3.40465082e-21
7.07400000e+05 3.40425574e-21
7.07500000e+05 3.40386076e-21
7.07600000e+05 3.40346588e-21
7.07700000e+05 3.40307111e-21
7.07800000e+05 3.40267643e-21
7.07900000e+05 3.40228185e-21
7.08000000e+05 3.40188738e-21
7.08100000e+05 3.40149300e-21
7.08200000e+05 3.40109873e-21
7.08300000e+05 3.40070455e-21
7.08400000e+05 3.40031048e-21
7.08500000e+05 3.39991651e-21
7.08600000e+05 3.39952263e-21
7.08700000e+05 3.39912886e-21
7.08800000e+05 3.39873519e-21
7.08900000e+05 3.39834162e-21
7.09000000e+05 3.39794815e-21
7.09100000e+05 3.39755478e-21
7.09200000e+05 3.39716151e-21
7.09300000e+05 3.39676834e-21
7.09400000e+05 3.39637527e-21
7.09500000e+05 3.39598230e-21
7.09600000e+05 3.39558943e-21
7.09700000e+05 3.39519666e-21
7.09800000e+05 3.39480399e-21
7.09900000e+05 3.39441142e-21
7.10000000e+05 3.39401895e-21
7.10100000e+05 3.39362658e-21
7.10200000e+05 3.39323431e-21
7.10300000e+05 3.39284214e-21
7.10400000e+05 3.39245007e-21
7.10500000e+05 3.39205809e-21
7.10600000e+05 3.39166622e-21
7.10700000e+05 3.39127445e-21
7.10800000e+05 3.39088278e-21
7.10900000e+05 3.39049121e-21
7.11000000e+05 3.39009973e-21
7.11100000e+05 3.38970836e-21
7.11200000e+05 3.38931709e-21
7.11300000e+05 3.38892591e-21
7.11400000e+05 3.38853484e-21
7.11500000e+05 3.38814386e-21
7.11600000e+05 3.38775298e-21
7.11700000e+05 3.38736221e-21
7.11800000e+05 3.38697153e-21
7.11900000e+05 3.38658095e-21
7.12000000e+05 3.38619047e-21
7.12100000e+05 3.38580009e-21
7.12200000e+05 3.38540981e-21
7.12300000e+05 3.38501963e-21
7.12400000e+05 3.38462954e-21
7.12500000e+05 3.38423956e-21
7.12600000e+05 3.38384967e-21
7.12700000e+05 3.38345988e-21
7.12800000e+05 3.38307020e-21
7.12900000e+05 3.38268061e-21
7.13000000e+05 3.38229112e-21
7.13100000e+05 3.38190173e-21
7.13200000e+05 3.38151243e-21
7.13300000e+05 3.38112324e-21
7.13400000e+05 3.38073414e-21
7.13500000e+05 3.38034514e-21
7.13600000e+05 3.37995625e-21
7.13700000e+05 3.37956744e-21
7.13800000e+05 3.37917874e-21
7.13900000e+05 3.37879014e-21
7.14000000e+05 3.37840163e-21
7.14100000e+05 3.37801323e-21
7.14200000e+05 3.37762492e-21
7.14300000e+05 3.37723671e-21
7.14400000e+05 3.37684860e-21
7.14500000e+05 3.37646058e-21
7.14600000e+05 3.37607267e-21
7.14700000e+05 3.37568485e-21
7.14800000e+05 3.37529713e-21
7.14900000e+05 3.37490951e-21
7.15000000e+05 3.37452198e-21
7.15100000e+05 3.37413456e-21
7.15200000e+05 3.37374723e-21
7.15300000e+05 3.37336000e-21
7.15400000e+05 3.37297287e-21
7.15500000e+05 3.37258583e-21
7.15600000e+05 3.37219890e-21
7.15700000e+05 3.37181206e-21
7.15800000e+05 3.37142531e-21
7.15900000e+05 3.37103867e-21
7.16000000e+05 3.37065212e-21
7.16100000e+05 3.37026568e-21
7.16200000e+05 3.36987933e-21
7.16300000e+05 3.36949307e-21
7.16400000e+05 3.36910692e-21
7.16500000e+05 3.36872086e-21
7.16600000e+05 3.36833490e-21
7.16700000e+05 3.36794903e-21
7.16800000e+05 3.36756326e-21
7.16900000e+05 3.36717759e-21
7.17000000e+05 3.36679202e-21
7.17100000e+05 3.36640655e-21
7.17200000e+05 3.36602117e-21
7.17300000e+05 3.36563589e-21
7.17400000e+05 3.36525070e-21
7.17500000e+05 3.36486562e-21
7.17600000e+05 3.36448063e-21
7.17700000e+05 3.36409573e-21
7.17800000e+05 3.36371094e-21
7.17900000e+05 3.36332624e-21
7.18000000e+05 3.36294164e-21
7.18100000e+05 3.36255713e-21
7.18200000e+05 3.36217272e-21
7.18300000e+05 3.36178841e-21
7.18400000e+05 3.36140419e-21
7.18500000e+05 3.36102008e-21
7.18600000e+05 3.36063605e-21
7.18700000e+05 3.36025213e-21
7.18800000e+05 3.35986830e-21
7.18900000e+05 3.35948457e-21
7.19000000e+05 3.35910093e-21
7.19100000e+05 3.35871739e-21
7.19200000e+05 3.35833395e-21
7.19300000e+05 3.35795060e-21
7.19400000e+05 3.35756735e-21
7.19500000e+05 3.35718419e-21
7.19600000e+05 3.35680114e-21
7.19700000e+05 3.35641817e-21
7.19800000e+05 3.35603531e-21
7.19900000e+05 3.35565254e-21
7.20000000e+05 3.35526986e-21
7.20100000e+05 3.35488729e-21
7.20200000e+05 3.35450480e-21
7.20300000e+05 3.35412242e-21
7.20400000e+05 3.35374013e-21
7.20500000e+05 3.35335793e-21
7.20600000e+05 3.35297584e-21
7.20700000e+05 3.35259383e-21
7.20800000e+05 3.35221193e-21
7.20900000e+05 3.35183012e-21
7.21000000e+05 3.35144840e-21
7.21100000e+05 3.35106678e-21
7.21200000e+05 3.35068526e-21
7.21300000e+05 3.35030383e-21
7.21400000e+05 3.34992250e-21
7.21500000e+05 3.34954126e-21
7.21600000e+05 3.34916012e-21
7.21700000e+05 3.34877907e-21
7.21800000e+05 3.34839812e-21
7.21900000e+05 3.34801727e-21
7.22000000e+05 3.34763651e-21
7.22100000e+05 3.34725584e-21
7.22200000e+05 3.34687527e-21
7.22300000e+05 3.34649480e-21
7.22400000e+05 3.34611442e-21
7.22500000e+05 3.34573413e-21
7.22600000e+05 3.34535395e-21
7.22700000e+05 3.34497385e-21
7.22800000e+05 3.34459385e-21
7.22900000e+05 3.34421395e-21
7.23000000e+05 3.34383414e-21
7.23100000e+05 3.34345443e-21
7.23200000e+05 3.34307481e-21
7.23300000e+05 3.34269528e-21
7.23400000e+05 3.34231585e-21
7.23500000e+05 3.34193652e-21
7.23600000e+05 3.34155728e-21
7.23700000e+05 3.34117813e-21
7.23800000e+05 3.34079908e-21
7.23900000e+05 3.34042013e-21
7.24000000e+05 3.34004127e-21
7.24100000e+05 3.33966250e-21
7.24200000e+05 3.33928383e-21
7.24300000e+05 3.33890525e-21
7.24400000e+05 3.33852677e-21
7.24500000e+05 3.33814838e-21
7.24600000e+05 3.33777008e-21
7.24700000e+05 3.33739188e-21
7.24800000e+05 3.33701378e-21
7.24900000e+05 3.33663577e-21
7.25000000e+05 3.33625785e-21
7.25100000e+05 3.33588002e-21
7.25200000e+05 3.33550230e-21
7.25300000e+05 3.33512466e-21
7.25400000e+05 3.33474712e-21
7.25500000e+05 3.33436967e-21
7.25600000e+05 3.33399232e-21
7.25700000e+05 3.33361506e-21
7.25800000e+05 3.33323790e-21
7.25900000e+05 3.33286083e-21
7.26000000e+05 3.33248385e-21
7.26100000e+05 3.33210697e-21
7.26200000e+05 3.33173018e-21
7.26300000e+05 3.33135348e-21
7.26400000e+05 3.33097688e-21
7.26500000e+05 3.33060037e-21
7.26600000e+05 3.33022395e-21
7.26700000e+05 3.32984763e-21
7.26800000e+05 3.32947141e-21
7.26900000e+05 3.32909527e-21
7.27000000e+05 3.32871923e-21
7.27100000e+05 3.32834328e-21
7.27200000e+05 3.32796743e-21
7.27300000e+05 3.32759167e-21
7.27400000e+05 3.32721600e-21
7.27500000e+05 3.32684043e-21
7.27600000e+05 3.32646495e-21
7.27700000e+05 3.32608956e-21
7.27800000e+05 3.32571427e-21
7.27900000e+05 3.32533907e-21
7.28000000e+05 3.32496396e-21
7.28100000e+05 3.32458895e-21
7.28200000e+05 3.32421403e-21
7.28300000e+05 3.32383920e-21
7.28400000e+05 3.32346446e-21
7.28500000e+05 3.32308982e-21
7.28600000e+05 3.32271527e-21
7.28700000e+05 3.32234081e-21
7.28800000e+05 3.32196645e-21
7.28900000e+05 3.32159218e-21
7.29000000e+05 3.32121800e-21
7.29100000e+05 3.32084392e-21
7.29200000e+05 3.32046992e-21
7.29300000e+05 3.32009602e-21
7.29400000e+05 3.31972222e-21
7.29500000e+05 3.31934850e-21
7.29600000e+05 3.31897488e-21
7.29700000e+05 3.31860135e-21
7.29800000e+05 3.31822791e-21
7.29900000e+05 3.31785457e-21
7.30000000e+05 3.31748132e-21
7.30100000e+05 3.31710816e-21
7.30200000e+05 3.31673509e-21
7.30300000e+05 3.31636211e-21
7.30400000e+05 3.31598923e-21
7.30500000e+05 3.31561644e-21
7.30600000e+05 3.31524374e-21
7.30700000e+05 3.31487113e-21
7.30800000e+05 3.31449862e-21
7.30900000e+05 3.31412620e-21
7.31000000e+05 3.31375387e-21
7.31100000e+05 3.31338163e-21
7.31200000e+05 3.31300948e-21
7.31300000e+05 3.31263743e-21
7.31400000e+05 3.31226547e-21
7.31500000e+05 3.31189360e-21
7.31600000e+05 3.31152182e-21
7.31700000e+05 3.31115013e-21
7.31800000e+05 3.31077854e-21
7.31900000e+05 3.31040704e-21
7.32000000e+05 3.31003563e-21
7.32100000e+05 3.30966431e-21
7.32200000e+05 3.30929308e-21
7.32300000e+05 3.30892194e-21
7.32400000e+05 3.30855090e-21
7.32500000e+05 3.30817994e-21
7.32600000e+05 3.30780908e-21
7.32700000e+05 3.30743831e-21
7.32800000e+05 3.30706763e-21
7.32900000e+05 3.30669705e-21
7.33000000e+05 3.30632655e-21
7.33100000e+05 3.30595615e-21
7.33200000e+05 3.30558583e-21
7.33300000e+05 3.30521561e-21
7.33400000e+05 3.30484548e-21
7.33500000e+05 3.30447544e-21
7.33600000e+05 3.30410549e-21
7.33700000e+05 3.30373564e-21
7.33800000e+05 3.30336587e-21
7.33900000e+05 3.30299619e-21
7.34000000e+05 3.30262661e-21
7.34100000e+05 3.30225712e-21
7.34200000e+05 3.30188771e-21
7.34300000e+05 3.30151840e-21
7.34400000e+05 3.30114918e-21
7.34500000e+05 3.30078005e-21
7.34600000e+05 3.30041101e-21
7.34700000e+05 3.30004207e-21
7.34800000e+05 3.29967321e-21
7.34900000e+05 3.29930444e-21
7.35000000e+05 3.29893577e-21
7.35100000e+05 3.29856718e-21
7.35200000e+05 3.29819869e-21
7.35300000e+05 3.29783028e-21
7.35400000e+05 3.29746197e-21
7.35500000e+05 3.29709375e-21
7.35600000e+05 3.29672561e-21
7.35700000e+05 3.29635757e-21
7.35800000e+05 3.29598962e-21
7.35900000e+05 3.29562176e-21
7.36000000e+05 3.29525399e-21
7.36100000e+05 3.29488631e-21
7.36200000e+05 3.29451872e-21
7.36300000e+05 3.29415122e-21
7.36400000e+05 3.29378381e-21
7.36500000e+05 3.29341649e-21
7.36600000e+05 3.29304926e-21
7.36700000e+05 3.29268212e-21
7.36800000e+05 3.29231507e-21
7.36900000e+05 3.29194811e-21
7.37000000e+05 3.29158124e-21
7.37100000e+05 3.29121446e-21
7.37200000e+05 3.29084777e-21
7.37300000e+05 3.29048117e-21
7.37400000e+05 3.29011466e-21
7.37500000e+05 3.28974824e-21
7.37600000e+05 3.28938191e-21
7.37700000e+05 3.28901567e-21
7.37800000e+05 3.28864951e-21
7.37900000e+05 3.28828345e-21
7.38000000e+05 3.28791748e-21
7.38100000e+05 3.28755160e-21
7.38200000e+05 3.28718581e-21
7.38300000e+05 3.28682010e-21
7.38400000e+05 3.28645449e-21
7.38500000e+05 3.28608897e-21
7.38600000e+05 3.28572353e-21
7.38700000e+05 3.28535819e-21
7.38800000e+05 3.28499293e-21
7.38900000e+05 3.28462776e-21
7.39000000e+05 3.28426269e-21
7.39100000e+05 3.28389770e-21
7.39200000e+05 3.28353280e-21
7.39300000e+05 3.28316799e-21
7.39400000e+05 3.28280327e-21
7.39500000e+05 3.28243864e-21
7.39600000e+05 3.28207410e-21
7.39700000e+05 3.28170964e-21
7.39800000e+05 3.28134528e-21
7.39900000e+05 3.28098100e-21
7.40000000e+05 3.28061682e-21
7.40100000e+05 3.28025272e-21
7.40200000e+05 3.27988871e-21
7.40300000e+05 3.27952479e-21
7.40400000e+05 3.27916096e-21
7.40500000e+05 3.27879722e-21
7.40600000e+05 3.27843357e-21
7.40700000e+05 3.27807000e-21
7.40800000e+05 3.27770653e-21
7.40900000e+05 3.27734314e-21
7.41000000e+05 3.27697984e-21
7.41100000e+05 3.27661663e-21
7.41200000e+05 3.27625351e-21
7.41300000e+05 3.27589048e-21
7.41400000e+05 3.27552753e-21
7.41500000e+05 3.27516468e-21
7.41600000e+05 3.27480191e-21
7.41700000e+05 3.27443923e-21
7.41800000e+05 3.27407664e-21
7.41900000e+05 3.27371414e-21
7.42000000e+05 3.27335173e-21
7.42100000e+05 3.27298940e-21
7.42200000e+05 3.27262716e-21
7.42300000e+05 3.27226501e-21
7.42400000e+05 3.27190295e-21
7.42500000e+05 3.27154098e-21
7.42600000e+05 3.27117910e-21
7.42700000e+05 3.27081730e-21
7.42800000e+05 3.27045559e-21
7.42900000e+05 3.27009397e-21
7.43000000e+05 3.26973244e-21
7.43100000e+05 3.26937099e-21
7.43200000e+05 3.26900963e-21
7.43300000e+05 3.26864836e-21
7.43400000e+05 3.26828718e-21
7.43500000e+05 3.26792609e-21
7.43600000e+05 3.26756508e-21
7.43700000e+05 3.26720417e-21
7.43800000e+05 3.26684334e-21
7.43900000e+05 3.26648259e-21
7.44000000e+05 3.26612194e-21
7.44100000e+05 3.26576137e-21
7.44200000e+05 3.26540089e-21
7.44300000e+05 3.26504050e-21
7.44400000e+05 3.26468019e-21
7.44500000e+05 3.26431998e-21
7.44600000e+05 3.26395985e-21
7.44700000e+05 3.26359980e-21
7.44800000e+05 3.26323985e-21
7.44900000e+05 3.26287998e-21
7.45000000e+05 3.26252020e-21
7.45100000e+05 3.26216051e-21
7.45200000e+05 3.26180090e-21
7.45300000e+05 3.26144138e-21
7.45400000e+05 3.26108195e-21
7.45500000e+05 3.26072260e-21
7.45600000e+05 3.26036335e-21
7.45700000e+05 3.26000418e-21
7.45800000e+05 3.25964509e-21
7.45900000e+05 3.25928610e-21
7.46000000e+05 3.25892719e-21
7.46100000e+05 3.25856836e-21
7.46200000e+05 3.25820963e-21
7.46300000e+05 3.25785098e-21
7.46400000e+05 3.25749242e-21
7.46500000e+05 3.25713394e-21
7.46600000e+05 3.25677555e-21
7.46700000e+05 3.25641725e-21
7.46800000e+05 3.25605904e-21
7.46900000e+05 3.25570091e-21
7.47000000e+05 3.25534287e-21
7.47100000e+05 3.25498491e-21
7.47200000e+05 3.25462704e-21
7.47300000e+05 3.25426926e-21
7.47400000e+05 3.25391157e-21
7.47500000e+05 3.25355396e-21
7.47600000e+05 3.25319643e-21
7.47700000e+05 3.25283900e-21
7.47800000e+05 3.25248165e-21
7.47900000e+05 3.25212439e-21
7.48000000e+05 3.25176721e-21
7.48100000e+05 3.25141012e-21
7.48200000e+05 3.25105311e-21
7.48300000e+05 3.25069620e-21
7.48400000e+05 3.25033936e-21
7.48500000e+05 3.24998262e-21
7.48600000e+05 3.24962596e-21
7.48700000e+05 3.24926938e-21
7.48800000e+05 3.24891290e-21
7.48900000e+05 3.24855649e-21
7.49000000e+05 3.24820018e-21
7.49100000e+05 3.24784395e-21
7.49200000e+05 3.24748781e-21
7.49300000e+05 3.24713175e-21
7.49400000e+05 3.24677578e-21
7.49500000e+05 3.24641989e-21
7.49600000e+05 3.24606409e-21
7.49700000e+05 3.24570837e-21
7.49800000e+05 3.24535275e-21
7.49900000e+05 3.24499720e-21
7.50000000e+05 3.24464175e-21
7.50100000e+05 3.24428637e-21
7.50200000e+05 3.24393109e-21
7.50300000e+05 3.24357589e-21
7.50400000e+05 3.24322077e-21
7.50500000e+05 3.24286574e-21
7.50600000e+05 3.24251080e-21
7.50700000e+05 3.24215594e-21
7.50800000e+05 3.24180117e-21
7.50900000e+05 3.24144648e-21
7.51000000e+05 3.24109188e-21
7.51100000e+05 3.24073736e-21
7.51200000e+05 3.24038293e-21
7.51300000e+05 3.24002858e-21
7.51400000e+05 3.23967432e-21
7.51500000e+05 3.23932014e-21
7.51600000e+05 3.23896605e-21
7.51700000e+05 3.23861205e-21
7.51800000e+05 3.23825812e-21
7.51900000e+05 3.23790429e-21
7.52000000e+05 3.23755054e-21
7.52100000e+05 3.23719687e-21
7.52200000e+05 3.23684329e-21
7.52300000e+05 3.23648980e-21
7.52400000e+05 3.23613638e-21
7.52500000e+05 3.23578306e-21
7.52600000e+05 3.23542982e-21
7.52700000e+05 3.23507666e-21
7.52800000e+05 3.23472359e-21
7.52900000e+05 3.23437060e-21
7.53000000e+05 3.23401770e-21
7.53100000e+05 3.23366488e-21
7.53200000e+05 3.23331215e-21
7.53300000e+05 3.23295950e-21
7.53400000e+05 3.23260694e-21
7.53500000e+05 3.23225446e-21
7.53600000e+05 3.23190206e-21
7.53700000e+05 3.23154975e-21
7.53800000e+05 3.23119753e-21
7.53900000e+05 3.23084539e-21
7.54000000e+05 3.23049333e-21
7.54100000e+05 3.23014136e-21
7.54200000e+05 3.22978947e-21
7.54300000e+05 3.22943767e-21
7.54400000e+05 3.22908595e-21
7.54500000e+05 3.22873431e-21
7.54600000e+05 3.22838276e-21
7.54700000e+05 3.22803130e-21
7.54800000e+05 3.22767991e-21
7.54900000e+05 3.22732861e-21
7.55000000e+05 3.22697740e-21
7.55100000e+05 3.22662627e-21
7.55200000e+05 3.22627522e-21
7.55300000e+05 3.22592426e-21
7.55400000e+05 3.22557338e-21
7.55500000e+05 3.22522259e-21
7.55600000e+05 3.22487188e-21
7.55700000e+05 3.22452125e-21
7.55800000e+05 3.22417071e-21
7.55900000e+05 3.22382025e-21
7.56000000e+05 3.22346987e-21
7.56100000e+05 3.22311958e-21
7.56200000e+05 3.22276937e-21
7.56300000e+05 3.22241925e-21
7.56400000e+05 3.22206921e-21
7.56500000e+05 3.22171925e-21
7.56600000e+05 3.22136938e-21
7.56700000e+05 3.22101959e-21
7.56800000e+05 3.22066988e-21
7.56900000e+05 3.22032026e-21
7.57000000e+05 3.21997072e-21
7.57100000e+05 3.21962127e-21
7.57200000e+05 3.21927189e-21
7.57300000e+05 3.21892261e-21
7.57400000e+05 3.21857340e-21
7.57500000e+05 3.21822428e-21
7.57600000e+05 3.21787524e-21
7.57700000e+05 3.21752628e-21
7.57800000e+05 3.21717741e-21
7.57900000e+05 3.21682862e-21
7.58000000e+05 3.21647991e-21
7.58100000e+05 3.21613129e-21
7.58200000e+05 3.21578275e-21
7.58300000e+05 3.21543429e-21
7.58400000e+05 3.21508592e-21
7.58500000e+05 3.21473763e-21
7.58600000e+05 3.21438942e-21
7.58700000e+05 3.21404130e-21
7.58800000e+05 3.21369325e-21
7.58900000e+05 3.21334530e-21
7.59000000e+05 3.21299742e-21
7.59100000e+05 3.21264963e-21
7.59200000e+05 3.21230191e-21
7.59300000e+05 3.21195429e-21
7.59400000e+05 3.21160674e-21
7.59500000e+05 3.21125928e-21
7.59600000e+05 3.21091190e-21
7.59700000e+05 3.21056460e-21
7.59800000e+05 3.21021739e-21
7.59900000e+05 3.20987026e-21
7.60000000e+05 3.20952321e-21
7.60100000e+05 3.20917624e-21
7.60200000e+05 3.20882935e-21
7.60300000e+05 3.20848255e-21
7.60400000e+05 3.20813583e-21
7.60500000e+05 3.20778920e-21
7.60600000e+05 3.20744264e-21
7.60700000e+05 3.20709617e-21
7.60800000e+05 3.20674978e-21
7.60900000e+05 3.20640347e-21
7.61000000e+05 3.20605724e-21
7.61100000e+05 3.20571110e-21
7.61200000e+05 3.20536504e-21
7.61300000e+05 3.20501906e-21
7.61400000e+05 3.20467316e-21
7.61500000e+05 3.20432735e-21
7.61600000e+05 3.20398162e-21
7.61700000e+05 3.20363596e-21
7.61800000e+05 3.20329040e-21
7.61900000e+05 3.20294491e-21
7.62000000e+05 3.20259950e-21
7.62100000e+05 3.20225418e-21
7.62200000e+05 3.20190894e-21
7.62300000e+05 3.20156378e-21
7.62400000e+05 3.20121870e-21
7.62500000e+05 3.20087371e-21
7.62600000e+05 3.20052879e-21
7.62700000e+05 3.20018396e-21
7.62800000e+05 3.19983921e-21
7.62900000e+05 3.19949454e-21
7.63000000e+05 3.19914995e-21
7.63100000e+05 3.19880545e-21
7.63200000e+05 3.19846102e-21
7.63300000e+05 3.19811668e-21
7.63400000e+05 3.19777242e-21
7.63500000e+05 3.19742824e-21
7.63600000e+05 3.19708414e-21
7.63700000e+05 3.19674013e-21
7.63800000e+05 3.19639619e-21
7.63900000e+05 3.19605234e-21
7.64000000e+05 3.19570856e-21
7.64100000e+05 3.19536487e-21
7.64200000e+05 3.19502126e-21
7.64300000e+05 3.19467773e-21
7.64400000e+05 3.19433429e-21
7.64500000e+05 3.19399092e-21
7.64600000e+05 3.19364764e-21
7.64700000e+05 3.19330443e-21
7.64800000e+05 3.19296131e-21
7.64900000e+05 3.19261827e-21
7.65000000e+05 3.19227531e-21
7.65100000e+05 3.19193243e-21
7.65200000e+05 3.19158963e-21
7.65300000e+05 3.19124691e-21
7.65400000e+05 3.19090427e-21
7.65500000e+05 3.19056172e-21
7.65600000e+05 3.19021924e-21
7.65700000e+05 3.18987685e-21
7.65800000e+05 3.18953453e-21
7.65900000e+05 3.18919230e-21
7.66000000e+05 3.18885015e-21
7.66100000e+05 3.18850808e-21
7.66200000e+05 3.18816609e-21
7.66300000e+05 3.18782418e-21
7.66400000e+05 3.18748235e-21
7.66500000e+05 3.18714060e-21
7.66600000e+05 3.18679893e-21
7.66700000e+05 3.18645734e-21
7.66800000e+05 3.18611584e-21
7.66900000e+05 3.18577441e-21
7.67000000e+05 3.18543306e-21
7.67100000e+05 3.18509180e-21
7.67200000e+05 3.18475061e-21
7.67300000e+05 3.18440951e-21
7.67400000e+05 3.18406848e-21
7.67500000e+05 3.18372754e-21
7.67600000e+05 3.18338667e-21
7.67700000e+05 3.18304589e-21
7.67800000e+05 3.18270519e-21
7.67900000e+05 3.18236456e-21
7.68000000e+05 3.18202402e-21
7.68100000e+05 3.18168356e-21
7.68200000e+05 3.18134317e-21
7.68300000e+05 3.18100287e-21
7.68400000e+05 3.18066265e-21
7.68500000e+05 3.18032250e-21
7.68600000e+05 3.17998244e-21
7.68700000e+05 3.17964246e-21
7.68800000e+05 3.17930255e-21
7.68900000e+05 3.17896273e-21
7.69000000e+05 3.17862299e-21
7.69100000e+05 3.17828332e-21
7.69200000e+05 3.17794374e-21
7.69300000e+05 3.17760424e-21
7.69400000e+05 3.17726481e-21
7.69500000e+05 3.17692547e-21
7.69600000e+05 3.17658620e-21
7.69700000e+05 3.17624702e-21
7.69800000e+05 3.17590791e-21
7.69900000e+05 3.17556889e-21
7.70000000e+05 3.17522994e-21
7.70100000e+05 3.17489107e-21
7.70200000e+05 3.17455228e-21
7.70300000e+05 3.17421358e-21
7.70400000e+05 3.17387495e-21
7.70500000e+05 3.17353640e-21
7.70600000e+05 3.17319793e-21
7.70700000e+05 3.17285954e-21
7.70800000e+05 3.17252123e-21
7.70900000e+05 3.17218300e-21
7.71000000e+05 3.17184484e-21
7.71100000e+05 3.17150677e-21
7.71200000e+05 3.17116878e-21
7.71300000e+05 3.17083086e-21
7.71400000e+05 3.17049303e-21
7.71500000e+05 3.17015527e-21
7.71600000e+05 3.16981759e-21
7.71700000e+05 3.16948000e-21
7.71800000e+05 3.16914248e-21
7.71900000e+05 3.16880504e-21
7.72000000e+05 3.16846768e-21
7.72100000e+05 3.16813039e-21
7.72200000e+05 3.16779319e-21
7.72300000e+05 3.16745607e-21
7.72400000e+05 3.16711902e-21
7.72500000e+05 3.16678205e-21
7.72600000e+05 3.16644517e-21
7.72700000e+05 3.16610836e-21
7.72800000e+05 3.16577163e-21
7.72900000e+05 3.16543498e-21
7.73000000e+05 3.16509840e-21
7.73100000e+05 3.16476191e-21
7.73200000e+05 3.16442549e-21
7.73300000e+05 3.16408916e-21
7.73400000e+05 3.16375290e-21
7.73500000e+05 3.16341672e-21
7.73600000e+05 3.16308062e-21
7.73700000e+05 3.16274460e-21
7.73800000e+05 3.16240865e-21
7.73900000e+05 3.16207279e-21
7.74000000e+05 3.16173700e-21
7.74100000e+05 3.16140129e-21
7.74200000e+05 3.16106566e-21
7.74300000e+05 3.16073011e-21
7.74400000e+05 3.16039463e-21
7.74500000e+05 3.16005924e-21
7.74600000e+05 3.15972392e-21
7.74700000e+05 3.15938868e-21
7.74800000e+05 3.15905352e-21
7.74900000e+05 3.15871844e-21
7.75000000e+05 3.15838343e-21
7.75100000e+05 3.15804851e-21
7.75200000e+05 3.15771366e-21
7.75300000e+05 3.15737889e-21
7.75400000e+05 3.15704420e-21
7.75500000e+05 3.15670958e-21
7.75600000e+05 3.15637505e-21
7.75700000e+05 3.15604059e-21
7.75800000e+05 3.15570621e-21
7.75900000e+05 3.15537190e-21
7.76000000e+05 3.15503768e-21
7.76100000e+05 3.15470353e-21
7.76200000e+05 3.15436946e-21
7.76300000e+05 3.15403547e-21
7.76400000e+05 3.15370156e-21
7.76500000e+05 3.15336772e-21
7.76600000e+05 3.15303396e-21
7.76700000e+05 3.15270028e-21
7.76800000e+05 3.15236668e-21
7.76900000e+05 3.15203316e-21
7.77000000e+05 3.15169971e-21
7.77100000e+05 3.15136634e-21
7.77200000e+05 3.15103304e-21
7.77300000e+05 3.15069983e-21
7.77400000e+05 3.15036669e-21
7.77500000e+05 3.15003363e-21
7.77600000e+05 3.14970065e-21
7.77700000e+05 3.14936774e-21
7.77800000e+05 3.14903492e-21
7.77900000e+05 3.14870216e-21
7.78000000e+05 3.14836949e-21
7.78100000e+05 3.14803689e-21
7.78200000e+05 3.14770438e-21
7.78300000e+05 3.14737193e-21
7.78400000e+05 3.14703957e-21
7.78500000e+05 3.14670728e-21
7.78600000e+05 3.14637507e-21
7.78700000e+05 3.14604294e-21
7.78800000e+05 3.14571088e-21
7.78900000e+05 3.14537890e-21
7.79000000e+05 3.14504700e-21
7.79100000e+05 3.14471518e-21
7.79200000e+05 3.14438343e-21
7.79300000e+05 3.14405176e-21
7.79400000e+05 3.14372016e-21
7.79500000e+05 3.14338864e-21
7.79600000e+05 3.14305720e-21
7.79700000e+05 3.14272584e-21
7.79800000e+05 3.14239455e-21
7.79900000e+05 3.14206334e-21
7.80000000e+05 3.14173221e-21
7.80100000e+05 3.14140115e-21
7.80200000e+05 3.14107017e-21
7.80300000e+05 3.14073927e-21
7.80400000e+05 3.14040844e-21
7.80500000e+05 3.14007769e-21
7.80600000e+05 3.13974702e-21
7.80700000e+05 3.13941642e-21
7.80800000e+05 3.13908590e-21
7.80900000e+05 3.13875546e-21
7.81000000e+05 3.13842509e-21
7.81100000e+05 3.13809480e-21
7.81200000e+05 3.13776458e-21
7.81300000e+05 3.13743445e-21
7.81400000e+05 3.13710438e-21
7.81500000e+05 3.13677440e-21
7.81600000e+05 3.13644449e-21
7.81700000e+05 3.13611466e-21
7.81800000e+05 3.13578490e-21
7.81900000e+05 3.13545522e-21
7.82000000e+05 3.13512561e-21
7.82100000e+05 3.13479609e-21
7.82200000e+05 3.13446663e-21
7.82300000e+05 3.13413726e-21
7.82400000e+05 3.13380796e-21
7.82500000e+05 3.13347873e-21
7.82600000e+05 3.13314959e-21
7.82700000e+05 3.13282051e-21
7.82800000e+05 3.13249152e-21
7.82900000e+05 3.13216260e-21
7.83000000e+05 3.13183375e-21
7.83100000e+05 3.13150499e-21
7.83200000e+05 3.13117629e-21
7.83300000e+05 3.13084768e-21
7.83400000e+05 3.13051914e-21
7.83500000e+05 3.13019067e-21
7.83600000e+05 3.12986228e-21
7.83700000e+05 3.12953397e-21
7.83800000e+05 3.12920573e-21
7.83900000e+05 3.12887757e-21
7.84000000e+05 3.12854948e-21
7.84100000e+05 3.12822147e-21
7.84200000e+05 3.12789354e-21
7.84300000e+05 3.12756568e-21
7.84400000e+05 3.12723789e-21
7.84500000e+05 3.12691019e-21
7.84600000e+05 3.12658255e-21
7.84700000e+05 3.12625500e-21
7.84800000e+05 3.12592751e-21
7.84900000e+05 3.12560011e-21
7.85000000e+05 3.12527278e-21
7.85100000e+05 3.12494552e-21
7.85200000e+05 3.12461834e-21
7.85300000e+05 3.12429123e-21
7.85400000e+05 3.12396420e-21
7.85500000e+05 3.12363725e-21
7.85600000e+05 3.12331037e-21
7.85700000e+05 3.12298356e-21
7.85800000e+05 3.12265684e-21
7.85900000e+05 3.12233018e-21
7.86000000e+05 3.12200360e-21
7.86100000e+05 3.12167710e-21
7.86200000e+05 3.12135067e-21
7.86300000e+05 3.12102432e-21
7.86400000e+05 3.12069804e-21
7.86500000e+05 3.12037183e-21
7.86600000e+05 3.12004570e-21
7.86700000e+05 3.11971965e-21
7.86800000e+05 3.11939367e-21
7.86900000e+05 3.11906777e-21
7.87000000e+05 3.11874194e-21
7.87100000e+05 3.11841618e-21
7.87200000e+05 3.11809050e-21
7.87300000e+05 3.11776490e-21
7.87400000e+05 3.11743937e-21
7.87500000e+05 3.11711391e-21
7.87600000e+05 3.11678853e-21
7.87700000e+05 3.11646322e-21
7.87800000e+05 3.11613799e-21
7.87900000e+05 3.11581283e-21
7.88000000e+05 3.11548775e-21
7.88100000e+05 3.11516274e-21
7.88200000e+05 3.11483781e-21
7.88300000e+05 3.11451295e-21
7.88400000e+05 3.11418817e-21
7.88500000e+05 3.11386346e-21
7.88600000e+05 3.11353882e-21
7.88700000e+05 3.11321426e-21
7.88800000e+05 3.11288977e-21
7.88900000e+05 3.11256536e-21
7.89000000e+05 3.11224102e-21
7.89100000e+05 3.11191676e-21
7.89200000e+05 3.11159257e-21
7.89300000e+05 3.11126845e-21
7.89400000e+05 3.11094441e-21
7.89500000e+05 3.11062045e-21
7.89600000e+05 3.11029655e-21
7.89700000e+05 3.10997273e-21
7.89800000e+05 3.10964899e-21
7.89900000e+05 3.10932532e-21
7.90000000e+05 3.10900172e-21
7.90100000e+05 3.10867820e-21
7.90200000e+05 3.10835475e-21
7.90300000e+05 3.10803138e-21
7.90400000e+05 3.10770807e-21
7.90500000e+05 3.10738485e-21
7.90600000e+05 3.10706169e-21
7.90700000e+05 3.10673862e-21
7.90800000e+05 3.10641561e-21
7.90900000e+05 3.10609268e-21
7.91000000e+05 3.10576982e-21
7.91100000e+05 3.10544704e-21
7.91200000e+05 3.10512433e-21
7.91300000e+05 3.10480169e-21
7.91400000e+05 3.10447913e-21
7.91500000e+05 3.10415664e-21
7.91600000e+05 3.10383422e-21
7.91700000e+05 3.10351188e-21
7.91800000e+05 3.10318961e-21
7.91900000e+05 3.10286742e-21
7.92000000e+05 3.10254530e-21
7.92100000e+05 3.10222325e-21
7.92200000e+05 3.10190128e-21
7.92300000e+05 3.10157938e-21
7.92400000e+05 3.10125755e-21
7.92500000e+05 3.10093579e-21
7.92600000e+05 3.10061411e-21
7.92700000e+05 3.10029251e-21
7.92800000e+05 3.09997097e-21
7.92900000e+05 3.09964951e-21
7.93000000e+05 3.09932812e-21
7.93100000e+05 3.09900681e-21
7.93200000e+05 3.09868557e-21
7.93300000e+05 3.09836440e-21
7.93400000e+05 3.09804331e-21
7.93500000e+05 3.09772228e-21
7.93600000e+05 3.09740134e-21
7.93700000e+05 3.09708046e-21
7.93800000e+05 3.09675966e-21
7.93900000e+05 3.09643893e-21
7.94000000e+05 3.09611827e-21
7.94100000e+05 3.09579769e-21
7.94200000e+05 3.09547718e-21
7.94300000e+05 3.09515674e-21
7.94400000e+05 3.09483638e-21
7.94500000e+05 3.09451609e-21
7.94600000e+05 3.09419587e-21
7.94700000e+05 3.09387572e-21
7.94800000e+05 3.09355565e-21
7.94900000e+05 3.09323565e-21
7.95000000e+05 3.09291572e-21
7.95100000e+05 3.09259586e-21
7.95200000e+05 3.09227608e-21
7.95300000e+05 3.09195637e-21
7.95400000e+05 3.09163674e-21
7.95500000e+05 3.09131717e-21
7.95600000e+05 3.09099768e-21
7.95700000e+05 3.09067826e-21
7.95800000e+05 3.09035891e-21
7.95900000e+05 3.09003964e-21
7.96000000e+05 3.08972044e-21
7.96100000e+05 3.08940131e-21
7.96200000e+05 3.08908225e-21
7.96300000e+05 3.08876327e-21
7.96400000e+05 3.08844436e-21
7.96500000e+05 3.08812552e-21
7.96600000e+05 3.08780675e-21
7.96700000e+05 3.08748805e-21
7.96800000e+05 3.08716943e-21
7.96900000e+05 3.08685088e-21
7.97000000e+05 3.08653240e-21
7.97100000e+05 3.08621400e-21
7.97200000e+05 3.08589566e-21
7.97300000e+05 3.08557740e-21
7.97400000e+05 3.08525921e-21
7.97500000e+05 3.08494110e-21
7.97600000e+05 3.08462305e-21
7.97700000e+05 3.08430508e-21
7.97800000e+05 3.08398718e-21
7.97900000e+05 3.08366935e-21
7.98000000e+05 3.08335159e-21
7.98100000e+05 3.08303390e-21
7.98200000e+05 3.08271629e-21
7.98300000e+05 3.08239875e-21
7.98400000e+05 3.08208128e-21
7.98500000e+05 3.08176388e-21
7.98600000e+05 3.08144656e-21
7.98700000e+05 3.08112930e-21
7.98800000e+05 3.08081212e-21
7.98900000e+05 3.08049501e-21
7.99000000e+05 3.08017797e-21
7.99100000e+05 3.07986100e-21
7.99200000e+05 3.07954411e-21
7.99300000e+05 3.07922728e-21
7.99400000e+05 3.07891053e-21
7.99500000e+05 3.07859385e-21
7.99600000e+05 3.07827724e-21
7.99700000e+05 3.07796071e-21
7.99800000e+05 3.07764424e-21
7.99900000e+05 3.07732785e-21
8.00000000e+05 3.07701152e-21
8.00100000e+05 3.07669527e-21
8.00200000e+05 3.07637909e-21
8.00300000e+05 3.07606298e-21
8.00400000e+05 3.07574695e-21
8.00500000e+05 3.07543098e-21
8.00600000e+05 3.07511508e-21
8.00700000e+05 3.07479926e-21
8.00800000e+05 3.07448351e-21
8.00900000e+05 3.07416783e-21
8.01000000e+05 3.07385222e-21
8.01100000e+05 3.07353668e-21
8.01200000e+05 3.07322121e-21
8.01300000e+05 3.07290582e-21
8.01400000e+05 3.07259049e-21
8.01500000e+05 3.07227524e-21
8.01600000e+05 3.07196006e-21
8.01700000e+05 3.07164495e-21
8.01800000e+05 3.07132990e-21
8.01900000e+05 3.07101493e-21
8.02000000e+05 3.07070004e-21
8.02100000e+05 3.07038521e-21
8.02200000e+05 3.07007045e-21
8.02300000e+05 3.06975577e-21
8.02400000e+05 3.06944115e-21
8.02500000e+05 3.06912661e-21
8.02600000e+05 3.06881213e-21
8.02700000e+05 3.06849773e-21
8.02800000e+05 3.06818340e-21
8.02900000e+05 3.06786914e-21
8.03000000e+05 3.06755495e-21
8.03100000e+05 3.06724083e-21
8.03200000e+05 3.06692678e-21
8.03300000e+05 3.06661280e-21
8.03400000e+05 3.06629889e-21
8.03500000e+05 3.06598506e-21
8.03600000e+05 3.06567129e-21
8.03700000e+05 3.06535760e-21
8.03800000e+05 3.06504397e-21
8.03900000e+05 3.06473042e-21
8.04000000e+05 3.06441693e-21
8.04100000e+05 3.06410352e-21
8.04200000e+05 3.06379017e-21
8.04300000e+05 3.06347690e-21
8.04400000e+05 3.06316370e-21
8.04500000e+05 3.06285057e-21
8.04600000e+05 3.06253750e-21
8.04700000e+05 3.06222451e-21
8.04800000e+05 3.06191159e-21
8.04900000e+05 3.06159874e-21
8.05000000e+05 3.06128596e-21
8.05100000e+05 3.06097325e-21
8.05200000e+05 3.06066061e-21
8.05300000e+05 3.06034804e-21
8.05400000e+05 3.06003554e-21
8.05500000e+05 3.05972311e-21
8.05600000e+05 3.05941075e-21
8.05700000e+05 3.05909846e-21
8.05800000e+05 3.05878624e-21
8.05900000e+05 3.05847409e-21
8.06000000e+05 3.05816201e-21
8.06100000e+05 3.05785000e-21
8.06200000e+05 3.05753806e-21
8.06300000e+05 3.05722619e-21
8.06400000e+05 3.05691439e-21
8.06500000e+05 3.05660266e-21
8.06600000e+05 3.05629100e-21
8.06700000e+05 3.05597941e-21
8.06800000e+05 3.05566789e-21
8.06900000e+05 3.05535644e-21
8.07000000e+05 3.05504506e-21
8.07100000e+05 3.05473374e-21
8.07200000e+05 3.05442250e-21
8.07300000e+05 3.05411133e-21
8.07400000e+05 3.05380023e-21
8.07500000e+05 3.05348919e-21
8.07600000e+05 3.05317823e-21
8.07700000e+05 3.05286734e-21
8.07800000e+05 3.05255651e-21
8.07900000e+05 3.05224576e-21
8.08000000e+05 3.05193507e-21
8.08100000e+05 3.05162446e-21
8.08200000e+05 3.05131391e-21
8.08300000e+05 3.05100344e-21
8.08400000e+05 3.05069303e-21
8.08500000e+05 3.05038269e-21
8.08600000e+05 3.05007242e-21
8.08700000e+05 3.04976222e-21
8.08800000e+05 3.04945209e-21
8.08900000e+05 3.04914203e-21
8.09000000e+05 3.04883204e-21
8.09100000e+05 3.04852212e-21
8.09200000e+05 3.04821227e-21
8.09300000e+05 3.04790248e-21
8.09400000e+05 3.04759277e-21
8.09500000e+05 3.04728312e-21
8.09600000e+05 3.04697355e-21
8.09700000e+05 3.04666404e-21
8.09800000e+05 3.04635460e-21
8.09900000e+05 3.04604523e-21
8.10000000e+05 3.04573593e-21
8.10100000e+05 3.04542670e-21
8.10200000e+05 3.04511754e-21
8.10300000e+05 3.04480845e-21
8.10400000e+05 3.04449942e-21
8.10500000e+05 3.04419047e-21
8.10600000e+05 3.04388158e-21
8.10700000e+05 3.04357276e-21
8.10800000e+05 3.04326402e-21
8.10900000e+05 3.04295534e-21
8.11000000e+05 3.04264672e-21
8.11100000e+05 3.04233818e-21
8.11200000e+05 3.04202971e-21
8.11300000e+05 3.04172130e-21
8.11400000e+05 3.04141297e-21
8.11500000e+05 3.04110470e-21
8.11600000e+05 3.04079650e-21
8.11700000e+05 3.04048837e-21
8.11800000e+05 3.04018031e-21
8.11900000e+05 3.03987232e-21
8.12000000e+05 3.03956439e-21
8.12100000e+05 3.03925654e-21
8.12200000e+05 3.03894875e-21
8.12300000e+05 3.03864103e-21
8.12400000e+05 3.03833338e-21
8.12500000e+05 3.03802580e-21
8.12600000e+05 3.03771828e-21
8.12700000e+05 3.03741084e-21
8.12800000e+05 3.03710346e-21
8.12900000e+05 3.03679615e-21
8.13000000e+05 3.03648891e-21
8.13100000e+05 3.03618174e-21
8.13200000e+05 3.03587464e-21
8.13300000e+05 3.03556760e-21
8.13400000e+05 3.03526064e-21
8.13500000e+05 3.03495374e-21
8.13600000e+05 3.03464691e-21
8.13700000e+05 3.03434014e-21
8.13800000e+05 3.03403345e-21
8.13900000e+05 3.03372682e-21
8.14000000e+05 3.03342026e-21
8.14100000e+05 3.03311377e-21
8.14200000e+05 3.03280735e-21
8.14300000e+05 3.03250100e-21
8.14400000e+05 3.03219471e-21
8.14500000e+05 3.03188849e-21
8.14600000e+05 3.03158234e-21
8.14700000e+05 3.03127626e-21
8.14800000e+05 3.03097025e-21
8.14900000e+05 3.03066430e-21
8.15000000e+05 3.03035842e-21
8.15100000e+05 3.03005261e-21
8.15200000e+05 3.02974687e-21
8.15300000e+05 3.02944119e-21
8.15400000e+05 3.02913558e-21
8.15500000e+05 3.02883004e-21
8.15600000e+05 3.02852457e-21
8.15700000e+05 3.02821917e-21
8.15800000e+05 3.02791383e-21
8.15900000e+05 3.02760856e-21
8.16000000e+05 3.02730336e-21
8.16100000e+05 3.02699822e-21
8.16200000e+05 3.02669316e-21
8.16300000e+05 3.02638816e-21
8.16400000e+05 3.02608323e-21
8.16500000e+05 3.02577836e-21
8.16600000e+05 3.02547357e-21
8.16700000e+05 3.02516884e-21
8.16800000e+05 3.02486418e-21
8.16900000e+05 3.02455958e-21
8.17000000e+05 3.02425505e-21
8.17100000e+05 3.02395059e-21
8.17200000e+05 3.02364620e-21
8.17300000e+05 3.02334188e-21
8.17400000e+05 3.02303762e-21
8.17500000e+05 3.02273343e-21
8.17600000e+05 3.02242931e-21
8.17700000e+05 3.02212525e-21
8.17800000e+05 3.02182126e-21
8.17900000e+05 3.02151734e-21
8.18000000e+05 3.02121349e-21
8.18100000e+05 3.02090970e-21
8.18200000e+05 3.02060598e-21
8.18300000e+05 3.02030233e-21
8.18400000e+05 3.01999874e-21
8.18500000e+05 3.01969522e-21
8.18600000e+05 3.01939177e-21
8.18700000e+05 3.01908838e-21
8.18800000e+05 3.01878507e-21
8.18900000e+05 3.01848182e-21
8.19000000e+05 3.01817863e-21
8.19100000e+05 3.01787551e-21
8.19200000e+05 3.01757246e-21
8.19300000e+05 3.01726948e-21
8.19400000e+05 3.01696656e-21
8.19500000e+05 3.01666371e-21
8.19600000e+05 3.01636093e-21
8.19700000e+05 3.01605821e-21
8.19800000e+05 3.01575556e-21
8.19900000e+05 3.01545298e-21
8.20000000e+05 3.01515047e-21
8.20100000e+05 3.01484802e-21
8.20200000e+05 3.01454563e-21
8.20300000e+05 3.01424332e-21
8.20400000e+05 3.01394107e-21
8.20500000e+05 3.01363888e-21
8.20600000e+05 3.01333677e-21
8.20700000e+05 3.01303472e-21
8.20800000e+05 3.01273273e-21
8.20900000e+05 3.01243082e-21
8.21000000e+05 3.01212897e-21
8.21100000e+05 3.01182718e-21
8.21200000e+05 3.01152546e-21
8.21300000e+05 3.01122381e-21
8.21400000e+05 3.01092223e-21
8.21500000e+05 3.01062071e-21
8.21600000e+05 3.01031926e-21
8.21700000e+05 3.01001787e-21
8.21800000e+05 3.00971655e-21
8.21900000e+05 3.00941530e-21
8.22000000e+05 3.00911411e-21
8.22100000e+05 3.00881299e-21
8.22200000e+05 3.00851194e-21
8.22300000e+05 3.00821095e-21
8.22400000e+05 3.00791002e-21
8.22500000e+05 3.00760917e-21
8.22600000e+05 3.00730838e-21
8.22700000e+05 3.00700765e-21
8.22800000e+05 3.00670700e-21
8.22900000e+05 3.00640640e-21
8.23000000e+05 3.00610588e-21
8.23100000e+05 3.00580542e-21
8.23200000e+05 3.00550502e-21
8.23300000e+05 3.00520470e-21
8.23400000e+05 3.00490443e-21
8.23500000e+05 3.00460424e-21
8.23600000e+05 3.00430411e-21
8.23700000e+05 3.00400404e-21
8.23800000e+05 3.00370404e-21
8.23900000e+05 3.00340411e-21
8.24000000e+05 3.00310424e-21
8.24100000e+05 3.00280444e-21
8.24200000e+05 3.00250471e-21
8.24300000e+05 3.00220504e-21
8.24400000e+05 3.00190543e-21
8.24500000e+05 3.00160589e-21
8.24600000e+05 3.00130642e-21
8.24700000e+05 3.00100701e-21
8.24800000e+05 3.00070767e-21
8.24900000e+05 3.00040840e-21
8.25000000e+05 3.00010918e-21
8.25100000e+05 2.99981004e-21
8.25200000e+05 2.99951096e-21
8.25300000e+05 2.99921195e-21
8.25400000e+05 2.99891300e-21
8.25500000e+05 2.99861411e-21
8.25600000e+05 2.99831530e-21
8.25700000e+05 2.99801654e-21
8.25800000e+05 2.99771786e-21
8.25900000e+05 2.99741924e-21
8.26000000e+05 2.99712068e-21
8.26100000e+05 2.99682219e-21
8.26200000e+05 2.99652376e-21
8.26300000e+05 2.99622540e-21
8.26400000e+05 2.99592711e-21
8.26500000e+05 2.99562888e-21
8.26600000e+05 2.99533071e-21
8.26700000e+05 2.99503261e-21
8.26800000e+05 2.99473458e-21
8.26900000e+05 2.99443661e-21
8.27000000e+05 2.99413871e-21
8.27100000e+05 2.99384087e-21
8.27200000e+05 2.99354309e-21
8.27300000e+05 2.99324539e-21
8.27400000e+05 2.99294774e-21
8.27500000e+05 2.99265016e-21
8.27600000e+05 2.99235265e-21
8.27700000e+05 2.99205520e-21
8.27800000e+05 2.99175782e-21
8.27900000e+05 2.99146050e-21
8.28000000e+05 2.99116324e-21
8.28100000e+05 2.99086605e-21
8.28200000e+05 2.99056893e-21
8.28300000e+05 2.99027187e-21
8.28400000e+05 2.98997488e-21
8.28500000e+05 2.98967795e-21
8.28600000e+05 2.98938108e-21
8.28700000e+05 2.98908428e-21
8.28800000e+05 2.98878755e-21
8.28900000e+05 2.98849087e-21
8.29000000e+05 2.98819427e-21
8.29100000e+05 2.98789773e-21
8.29200000e+05 2.98760125e-21
8.29300000e+05 2.98730484e-21
8.29400000e+05 2.98700849e-21
8.29500000e+05 2.98671221e-21
8.29600000e+05 2.98641599e-21
8.29700000e+05 2.98611983e-21
8.29800000e+05 2.98582374e-21
8.29900000e+05 2.98552772e-21
8.30000000e+05 2.98523176e-21
8.30100000e+05 2.98493586e-21
8.30200000e+05 2.98464003e-21
8.30300000e+05 2.98434426e-21
8.30400000e+05 2.98404856e-21
8.30500000e+05 2.98375292e-21
8.30600000e+05 2.98345735e-21
8.30700000e+05 2.98316184e-21
8.30800000e+05 2.98286639e-21
8.30900000e+05 2.98257101e-21
8.31000000e+05 2.98227569e-21
8.31100000e+05 2.98198044e-21
8.31200000e+05 2.98168525e-21
8.31300000e+05 2.98139012e-21
8.31400000e+05 2.98109506e-21
8.31500000e+05 2.98080007e-21
8.31600000e+05 2.98050514e-21
8.31700000e+05 2.98021027e-21
8.31800000e+05 2.97991546e-21
8.31900000e+05 2.97962072e-21
8.32000000e+05 2.97932605e-21
8.32100000e+05 2.97903143e-21
8.32200000e+05 2.97873689e-21
8.32300000e+05 2.97844240e-21
8.32400000e+05 2.97814798e-21
8.32500000e+05 2.97785363e-21
8.32600000e+05 2.97755933e-21
8.32700000e+05 2.97726510e-21
8.32800000e+05 2.97697094e-21
8.32900000e+05 2.97667684e-21
8.33000000e+05 2.97638280e-21
8.33100000e+05 2.97608883e-21
8.33200000e+05 2.97579492e-21
8.33300000e+05 2.97550107e-21
8.33400000e+05 2.97520729e-21
8.33500000e+05 2.97491357e-21
8.33600000e+05 2.97461992e-21
8.33700000e+05 2.97432633e-21
8.33800000e+05 2.97403280e-21
8.33900000e+05 2.97373934e-21
8.34000000e+05 2.97344594e-21
8.34100000e+05 2.97315260e-21
8.34200000e+05 2.97285933e-21
8.34300000e+05 2.97256612e-21
8.34400000e+05 2.97227297e-21
8.34500000e+05 2.97197989e-21
8.34600000e+05 2.97168687e-21
8.34700000e+05 2.97139392e-21
8.34800000e+05 2.97110102e-21
8.34900000e+05 2.97080819e-21
8.35000000e+05 2.97051543e-21
8.35100000e+05 2.97022273e-21
8.35200000e+05 2.96993009e-21
8.35300000e+05 2.96963751e-21
8.35400000e+05 2.96934500e-21
8.35500000e+05 2.96905255e-21
8.35600000e+05 2.96876017e-21
8.35700000e+05 2.96846785e-21
8.35800000e+05 2.96817559e-21
8.35900000e+05 2.96788339e-21
8.36000000e+05 2.96759126e-21
8.36100000e+05 2.96729919e-21
8.36200000e+05 2.96700718e-21
8.36300000e+05 2.96671524e-21
8.36400000e+05 2.96642336e-21
8.36500000e+05 2.96613154e-21
8.36600000e+05 2.96583979e-21
8.36700000e+05 2.96554810e-21
8.36800000e+05 2.96525647e-21
8.36900000e+05 2.96496490e-21
8.37000000e+05 2.96467340e-21
8.37100000e+05 2.96438196e-21
8.37200000e+05 2.96409059e-21
8.37300000e+05 2.96379927e-21
8.37400000e+05 2.96350802e-21
8.37500000e+05 2.96321683e-21
8.37600000e+05 2.96292571e-21
8.37700000e+05 2.96263465e-21
8.37800000e+05 2.96234365e-21
8.37900000e+05 2.96205271e-21
8.38000000e+05 2.96176184e-21
8.38100000e+05 2.96147103e-21
8.38200000e+05 2.96118028e-21
8.38300000e+05 2.96088959e-21
8.38400000e+05 2.96059897e-21
8.38500000e+05 2.96030841e-21
8.38600000e+05 2.96001791e-21
8.38700000e+05 2.95972748e-21
8.38800000e+05 2.95943710e-21
8.38900000e+05 2.95914679e-21
8.39000000e+05 2.95885655e-21
8.39100000e+05 2.95856636e-21
8.39200000e+05 2.95827624e-21
8.39300000e+05 2.95798618e-21
8.39400000e+05 2.95769618e-21
8.39500000e+05 2.95740625e-21
8.39600000e+05 2.95711637e-21
8.39700000e+05 2.95682656e-21
8.39800000e+05 2.95653682e-21
8.39900000e+05 2.95624713e-21
8.40000000e+05 2.95595751e-21
8.40100000e+05 2.95566795e-21
8.40200000e+05 2.95537845e-21
8.40300000e+05 2.95508901e-21
8.40400000e+05 2.95479964e-21
8.40500000e+05 2.95451033e-21
8.40600000e+05 2.95422108e-21
8.40700000e+05 2.95393189e-21
8.40800000e+05 2.95364276e-21
8.40900000e+05 2.95335370e-21
8.41000000e+05 2.95306470e-21
8.41100000e+05 2.95277576e-21
8.41200000e+05 2.95248688e-21
8.41300000e+05 2.95219807e-21
8.41400000e+05 2.95190932e-21
8.41500000e+05 2.95162063e-21
8.41600000e+05 2.95133200e-21
8.41700000e+05 2.95104343e-21
8.41800000e+05 2.95075492e-21
8.41900000e+05 2.95046648e-21
8.42000000e+05 2.95017810e-21
8.42100000e+05 2.94988978e-21
8.42200000e+05 2.94960152e-21
8.42300000e+05 2.94931333e-21
8.42400000e+05 2.94902520e-21
8.42500000e+05 2.94873712e-21
8.42600000e+05 2.94844911e-21
8.42700000e+05 2.94816117e-21
8.42800000e+05 2.94787328e-21
8.42900000e+05 2.94758545e-21
8.43000000e+05 2.94729769e-21
8.43100000e+05 2.94700999e-21
8.43200000e+05 2.94672235e-21
8.43300000e+05 2.94643477e-21
8.43400000e+05 2.94614726e-21
8.43500000e+05 2.94585980e-21
8.43600000e+05 2.94557241e-21
8.43700000e+05 2.94528508e-21
8.43800000e+05 2.94499781e-21
8.43900000e+05 2.94471060e-21
8.44000000e+05 2.94442345e-21
8.44100000e+05 2.94413637e-21
8.44200000e+05 2.94384934e-21
8.44300000e+05 2.94356238e-21
8.44400000e+05 2.94327548e-21
8.44500000e+05 2.94298864e-21
8.44600000e+05 2.94270186e-21
8.44700000e+05 2.94241514e-21
8.44800000e+05 2.94212849e-21
8.44900000e+05 2.94184189e-21
8.45000000e+05 2.94155536e-21
8.45100000e+05 2.94126889e-21
8.45200000e+05 2.94098248e-21
8.45300000e+05 2.94069613e-21
8.45400000e+05 2.94040984e-21
8.45500000e+05 2.94012361e-21
8.45600000e+05 2.93983745e-21
8.45700000e+05 2.93955134e-21
8.45800000e+05 2.93926530e-21
8.45900000e+05 2.93897932e-21
8.46000000e+05 2.93869340e-21
8.46100000e+05 2.93840754e-21
8.46200000e+05 2.93812174e-21
8.46300000e+05 2.93783600e-21
8.46400000e+05 2.93755032e-21
8.46500000e+05 2.93726471e-21
8.46600000e+05 2.93697915e-21
8.46700000e+05 2.93669366e-21
8.46800000e+05 2.93640822e-21
8.46900000e+05 2.93612285e-21
8.47000000e+05 2.93583754e-21
8.47100000e+05 2.93555229e-21
8.47200000e+05 2.93526710e-21
8.47300000e+05 2.93498197e-21
8.47400000e+05 2.93469690e-21
8.47500000e+05 2.93441190e-21
8.47600000e+05 2.93412695e-21
8.47700000e+05 2.93384206e-21
8.47800000e+05 2.93355724e-21
8.47900000e+05 2.93327247e-21
8.48000000e+05 2.93298777e-21
8.48100000e+05 2.93270313e-21
8.48200000e+05 2.93241855e-21
8.48300000e+05 2.93213402e-21
8.48400000e+05 2.93184956e-21
8.48500000e+05 2.93156516e-21
8.48600000e+05 2.93128082e-21
8.48700000e+05 2.93099654e-21
8.48800000e+05 2.93071232e-21
8.48900000e+05 2.93042817e-21
8.49000000e+05 2.93014407e-21
8.49100000e+05 2.92986003e-21
8.49200000e+05 2.92957605e-21
8.49300000e+05 2.92929214e-21
8.49400000e+05 2.92900828e-21
8.49500000e+05 2.92872449e-21
8.49600000e+05 2.92844075e-21
8.49700000e+05 2.92815708e-21
8.49800000e+05 2.92787346e-21
8.49900000e+05 2.92758991e-21
8.50000000e+05 2.92730641e-21
8.50100000e+05 2.92702298e-21
8.50200000e+05 2.92673961e-21
8.50300000e+05 2.92645629e-21
8.50400000e+05 2.92617304e-21
8.50500000e+05 2.92588985e-21
8.50600000e+05 2.92560672e-21
8.50700000e+05 2.92532364e-21
8.50800000e+05 2.92504063e-21
8.50900000e+05 2.92475768e-21
8.51000000e+05 2.92447479e-21
8.51100000e+05 2.92419195e-21
8.51200000e+05 2.92390918e-21
8.51300000e+05 2.92362647e-21
8.51400000e+05 2.92334382e-21
8.51500000e+05 2.92306123e-21
8.51600000e+05 2.92277869e-21
8.51700000e+05 2.92249622e-21
8.51800000e+05 2.92221381e-21
8.51900000e+05 2.92193146e-21
8.52000000e+05 2.92164917e-21
8.52100000e+05 2.92136693e-21
8.52200000e+05 2.92108476e-21
8.52300000e+05 2.92080265e-21
8.52400000e+05 2.92052060e-21
8.52500000e+05 2.92023860e-21
8.52600000e+05 2.91995667e-21
8.52700000e+05 2.91967480e-21
8.52800000e+05 2.91939298e-21
8.52900000e+05 2.91911123e-21
8.53000000e+05 2.91882953e-21
8.53100000e+05 2.91854790e-21
8.53200000e+05 2.91826632e-21
8.53300000e+05 2.91798481e-21
8.53400000e+05 2.91770335e-21
8.53500000e+05 2.91742196e-21
8.53600000e+05 2.91714062e-21
8.53700000e+05 2.91685934e-21
8.53800000e+05 2.91657813e-21
8.53900000e+05 2.91629697e-21
8.54000000e+05 2.91601587e-21
8.54100000e+05 2.91573483e-21
8.54200000e+05 2.91545385e-21
8.54300000e+05 2.91517293e-21
8.54400000e+05 2.91489207e-21
8.54500000e+05 2.91461127e-21
8.54600000e+05 2.91433053e-21
8.54700000e+05 2.91404984e-21
8.54800000e+05 2.91376922e-21
8.54900000e+05 2.91348866e-21
8.55000000e+05 2.91320815e-21
8.55100000e+05 2.91292771e-21
8.55200000e+05 2.91264732e-21
8.55300000e+05 2.91236700e-21
8.55400000e+05 2.91208673e-21
8.55500000e+05 2.91180652e-21
8.55600000e+05 2.91152637e-21
8.55700000e+05 2.91124628e-21
8.55800000e+05 2.91096625e-21
8.55900000e+05 2.91068628e-21
8.56000000e+05 2.91040637e-21
8.56100000e+05 2.91012651e-21
8.56200000e+05 2.90984672e-21
8.56300000e+05 2.90956698e-21
8.56400000e+05 2.90928731e-21
8.56500000e+05 2.90900769e-21
8.56600000e+05 2.90872813e-21
8.56700000e+05 2.90844863e-21
8.56800000e+05 2.90816919e-21
8.56900000e+05 2.90788981e-21
8.57000000e+05 2.90761049e-21
8.57100000e+05 2.90733122e-21
8.57200000e+05 2.90705202e-21
8.57300000e+05 2.90677287e-21
8.57400000e+05 2.90649379e-21
8.57500000e+05 2.90621476e-21
8.57600000e+05 2.90593579e-21
8.57700000e+05 2.90565688e-21
8.57800000e+05 2.90537803e-21
8.57900000e+05 2.90509924e-21
8.58000000e+05 2.90482050e-21
8.58100000e+05 2.90454183e-21
8.58200000e+05 2.90426321e-21
8.58300000e+05 2.90398465e-21
8.58400000e+05 2.90370615e-21
8.58500000e+05 2.90342771e-21
8.58600000e+05 2.90314933e-21
8.58700000e+05 2.90287100e-21
8.58800000e+05 2.90259274e-21
8.58900000e+05 2.90231453e-21
8.59000000e+05 2.90203638e-21
8.59100000e+05 2.90175829e-21
8.59200000e+05 2.90148026e-21
8.59300000e+05 2.90120229e-21
8.59400000e+05 2.90092438e-21
8.59500000e+05 2.90064652e-21
8.59600000e+05 2.90036872e-21
8.59700000e+05 2.90009099e-21
8.59800000e+05 2.89981330e-21
8.59900000e+05 2.89953568e-21
8.60000000e+05 2.89925812e-21
8.60100000e+05 2.89898061e-21
8.60200000e+05 2.89870317e-21
8.60300000e+05 2.89842578e-21
8.60400000e+05 2.89814845e-21
8.60500000e+05 2.89787117e-21
8.60600000e+05 2.89759396e-21
8.60700000e+05 2.89731681e-21
8.60800000e+05 2.89703971e-21
8.60900000e+05 2.89676267e-21
8.61000000e+05 2.89648569e-21
8.61100000e+05 2.89620876e-21
8.61200000e+05 2.89593190e-21
8.61300000e+05 2.89565509e-21
8.61400000e+05 2.89537834e-21
8.61500000e+05 2.89510165e-21
8.61600000e+05 2.89482502e-21
8.61700000e+05 2.89454844e-21
8.61800000e+05 2.89427193e-21
8.61900000e+05 2.89399547e-21
8.62000000e+05 2.89371907e-21
8.62100000e+05 2.89344273e-21
8.62200000e+05 2.89316644e-21
8.62300000e+05 2.89289021e-21
8.62400000e+05 2.89261404e-21
8.62500000e+05 2.89233793e-21
8.62600000e+05 2.89206188e-21
8.62700000e+05 2.89178588e-21
8.62800000e+05 2.89150995e-21
8.62900000e+05 2.89123407e-21
8.63000000e+05 2.89095824e-21
8.63100000e+05 2.89068248e-21
8.63200000e+05 2.89040677e-21
8.63300000e+05 2.89013112e-21
8.63400000e+05 2.88985553e-21
8.63500000e+05 2.88958000e-21
8.63600000e+05 2.88930452e-21
8.63700000e+05 2.88902910e-21
8.63800000e+05 2.88875374e-21
8.63900000e+05 2.88847844e-21
8.64000000e+05 2.88820320e-21
8.64100000e+05 2.88792801e-21
8.64200000e+05 2.88765288e-21
8.64300000e+05 2.88737780e-21
8.64400000e+05 2.88710279e-21
8.64500000e+05 2.88682783e-21
8.64600000e+05 2.88655293e-21
8.64700000e+05 2.88627809e-21
8.64800000e+05 2.88600330e-21
8.64900000e+05 2.88572858e-21
8.65000000e+05 2.88545390e-21
8.65100000e+05 2.88517929e-21
8.65200000e+05 2.88490474e-21
8.65300000e+05 2.88463024e-21
8.65400000e+05 2.88435580e-21
8.65500000e+05 2.88408141e-21
8.65600000e+05 2.88380709e-21
8.65700000e+05 2.88353282e-21
8.65800000e+05 2.88325860e-21
8.65900000e+05 2.88298445e-21
8.66000000e+05 2.88271035e-21
8.66100000e+05 2.88243631e-21
8.66200000e+05 2.88216233e-21
8.66300000e+05 2.88188840e-21
8.66400000e+05 2.88161453e-21
8.66500000e+05 2.88134072e-21
8.66600000e+05 2.88106697e-21
8.66700000e+05 2.88079327e-21
8.66800000e+05 2.88051963e-21
8.66900000e+05 2.88024605e-21
8.67000000e+05 2.87997252e-21
8.67100000e+05 2.87969905e-21
8.67200000e+05 2.87942564e-21
8.67300000e+05 2.87915228e-21
8.67400000e+05 2.87887898e-21
8.67500000e+05 2.87860574e-21
8.67600000e+05 2.87833256e-21
8.67700000e+05 2.87805943e-21
8.67800000e+05 2.87778636e-21
8.67900000e+05 2.87751335e-21
8.68000000e+05 2.87724039e-21
8.68100000e+05 2.87696749e-21
8.68200000e+05 2.87669465e-21
8.68300000e+05 2.87642186e-21
8.68400000e+05 2.87614913e-21
8.68500000e+05 2.87587646e-21
8.68600000e+05 2.87560384e-21
8.68700000e+05 2.87533128e-21
8.68800000e+05 2.87505878e-21
8.68900000e+05 2.87478633e-21
8.69000000e+05 2.87451394e-21
8.69100000e+05 2.87424161e-21
8.69200000e+05 2.87396933e-21
8.69300000e+05 2.87369711e-21
8.69400000e+05 2.87342495e-21
8.69500000e+05 2.87315284e-21
8.69600000e+05 2.87288079e-21
8.69700000e+05 2.87260880e-21
8.69800000e+05 2.87233686e-21
8.69900000e+05 2.87206498e-21
8.70000000e+05 2.87179316e-21
8.70100000e+05 2.87152139e-21
8.70200000e+05 2.87124968e-21
8.70300000e+05 2.87097803e-21
8.70400000e+05 2.87070643e-21
8.70500000e+05 2.87043489e-21
8.70600000e+05 2.87016340e-21
8.70700000e+05 2.86989197e-21
8.70800000e+05 2.86962060e-21
8.70900000e+05 2.86934928e-21
8.71000000e+05 2.86907802e-21
8.71100000e+05 2.86880682e-21
8.71200000e+05 2.86853567e-21
8.71300000e+05 2.86826458e-21
8.71400000e+05 2.86799354e-21
8.71500000e+05 2.86772256e-21
8.71600000e+05 2.86745164e-21
8.71700000e+05 2.86718078e-21
8.71800000e+05 2.86690997e-21
8.71900000e+05 2.86663921e-21
8.72000000e+05 2.86636851e-21
8.72100000e+05 2.86609787e-21
8.72200000e+05 2.86582729e-21
8.72300000e+05 2.86555676e-21
8.72400000e+05 2.86528628e-21
8.72500000e+05 2.86501586e-21
8.72600000e+05 2.86474550e-21
8.72700000e+05 2.86447520e-21
8.72800000e+05 2.86420495e-21
8.72900000e+05 2.86393475e-21
8.73000000e+05 2.86366461e-21
8.73100000e+05 2.86339453e-21
8.73200000e+05 2.86312451e-21
8.73300000e+05 2.86285454e-21
8.73400000e+05 2.86258462e-21
8.73500000e+05 2.86231476e-21
8.73600000e+05 2.86204496e-21
8.73700000e+05 2.86177521e-21
8.73800000e+05 2.86150552e-21
8.73900000e+05 2.86123589e-21
8.74000000e+05 2.86096631e-21
8.74100000e+05 2.86069679e-21
8.74200000e+05 2.86042732e-21
8.74300000e+05 2.86015790e-21
8.74400000e+05 2.85988855e-21
8.74500000e+05 2.85961925e-21
8.74600000e+05 2.85935000e-21
8.74700000e+05 2.85908081e-21
8.74800000e+05 2.85881168e-21
8.74900000e+05 2.85854260e-21
8.75000000e+05 2.85827358e-21
8.75100000e+05 2.85800461e-21
8.75200000e+05 2.85773570e-21
8.75300000e+05 2.85746684e-21
8.75400000e+05 2.85719804e-21
8.75500000e+05 2.85692930e-21
8.75600000e+05 2.85666061e-21
8.75700000e+05 2.85639197e-21
8.75800000e+05 2.85612339e-21
8.75900000e+05 2.85585487e-21
8.76000000e+05 2.85558640e-21
8.76100000e+05 2.85531799e-21
8.76200000e+05 2.85504963e-21
8.76300000e+05 2.85478133e-21
8.76400000e+05 2.85451308e-21
8.76500000e+05 2.85424489e-21
8.76600000e+05 2.85397676e-21
8.76700000e+05 2.85370868e-21
8.76800000e+05 2.85344065e-21
8.76900000e+05 2.85317268e-21
8.77000000e+05 2.85290477e-21
8.77100000e+05 2.85263691e-21
8.77200000e+05 2.85236910e-21
8.77300000e+05 2.85210135e-21
8.77400000e+05 2.85183366e-21
8.77500000e+05 2.85156602e-21
8.77600000e+05 2.85129843e-21
8.77700000e+05 2.85103091e-21
8.77800000e+05 2.85076343e-21
8.77900000e+05 2.85049601e-21
8.78000000e+05 2.85022865e-21
8.78100000e+05 2.84996134e-21
8.78200000e+05 2.84969409e-21
8.78300000e+05 2.84942689e-21
8.78400000e+05 2.84915974e-21
8.78500000e+05 2.84889266e-21
8.78600000e+05 2.84862562e-21
8.78700000e+05 2.84835864e-21
8.78800000e+05 2.84809172e-21
8.78900000e+05 2.84782485e-21
8.79000000e+05 2.84755804e-21
8.79100000e+05 2.84729128e-21
8.79200000e+05 2.84702457e-21
8.79300000e+05 2.84675792e-21
8.79400000e+05 2.84649133e-21
8.79500000e+05 2.84622479e-21
8.79600000e+05 2.84595830e-21
8.79700000e+05 2.84569187e-21
8.79800000e+05 2.84542550e-21
8.79900000e+05 2.84515918e-21
8.80000000e+05 2.84489291e-21
8.80100000e+05 2.84462670e-21
8.80200000e+05 2.84436054e-21
8.80300000e+05 2.84409444e-21
8.80400000e+05 2.84382839e-21
8.80500000e+05 2.84356240e-21
8.80600000e+05 2.84329646e-21
8.80700000e+05 2.84303058e-21
8.80800000e+05 2.84276475e-21
8.80900000e+05 2.84249897e-21
8.81000000e+05 2.84223325e-21
8.81100000e+05 2.84196759e-21
8.81200000e+05 2.84170197e-21
8.81300000e+05 2.84143642e-21
8.81400000e+05 2.84117091e-21
8.81500000e+05 2.84090547e-21
8.81600000e+05 2.84064007e-21
8.81700000e+05 2.84037473e-21
8.81800000e+05 2.84010945e-21
8.81900000e+05 2.83984422e-21
8.82000000e+05 2.83957904e-21
8.82100000e+05 2.83931392e-21
8.82200000e+05 2.83904885e-21
8.82300000e+05 2.83878384e-21
8.82400000e+05 2.83851888e-21
8.82500000e+05 2.83825398e-21
8.82600000e+05 2.83798913e-21
8.82700000e+05 2.83772433e-21
8.82800000e+05 2.83745959e-21
8.82900000e+05 2.83719490e-21
8.83000000e+05 2.83693027e-21
8.83100000e+05 2.83666569e-21
8.83200000e+05 2.83640116e-21
8.83300000e+05 2.83613669e-21
8.83400000e+05 2.83587228e-21
8.83500000e+05 2.83560791e-21
8.83600000e+05 2.83534361e-21
8.83700000e+05 2.83507935e-21
8.83800000e+05 2.83481515e-21
8.83900000e+05 2.83455100e-21
8.84000000e+05 2.83428691e-21
8.84100000e+05 2.83402287e-21
8.84200000e+05 2.83375889e-21
8.84300000e+05 2.83349496e-21
8.84400000e+05 2.83323108e-21
8.84500000e+05 2.83296726e-21
8.84600000e+05 2.83270349e-21
8.84700000e+05 2.83243977e-21
8.84800000e+05 2.83217611e-21
8.84900000e+05 2.83191251e-21
8.85000000e+05 2.83164895e-21
8.85100000e+05 2.83138545e-21
8.85200000e+05 2.83112201e-21
8.85300000e+05 2.83085862e-21
8.85400000e+05 2.83059528e-21
8.85500000e+05 2.83033199e-21
8.85600000e+05 2.83006876e-21
8.85700000e+05 2.82980558e-21
8.85800000e+05 2.82954246e-21
8.85900000e+05 2.82927939e-21
8.86000000e+05 2.82901638e-21
8.86100000e+05 2.82875341e-21
8.86200000e+05 2.82849050e-21
8.86300000e+05 2.82822765e-21
8.86400000e+05 2.82796485e-21
8.86500000e+05 2.82770210e-21
8.86600000e+05 2.82743941e-21
8.86700000e+05 2.82717677e-21
8.86800000e+05 2.82691418e-21
8.86900000e+05 2.82665164e-21
8.87000000e+05 2.82638916e-21
8.87100000e+05 2.82612674e-21
8.87200000e+05 2.82586436e-21
8.87300000e+05 2.82560204e-21
8.87400000e+05 2.82533978e-21
8.87500000e+05 2.82507756e-21
8.87600000e+05 2.82481540e-21
8.87700000e+05 2.82455330e-21
8.87800000e+05 2.82429125e-21
8.87900000e+05 2.82402925e-21
8.88000000e+05 2.82376730e-21
8.88100000e+05 2.82350541e-21
8.88200000e+05 2.82324357e-21
8.88300000e+05 2.82298178e-21
8.88400000e+05 2.82272005e-21
8.88500000e+05 2.82245837e-21
8.88600000e+05 2.82219674e-21
8.88700000e+05 2.82193517e-21
8.88800000e+05 2.82167365e-21
8.88900000e+05 2.82141218e-21
8.89000000e+05 2.82115077e-21
8.89100000e+05 2.82088941e-21
8.89200000e+05 2.82062810e-21
8.89300000e+05 2.82036684e-21
8.89400000e+05 2.82010564e-21
8.89500000e+05 2.81984449e-21
8.89600000e+05 2.81958340e-21
8.89700000e+05 2.81932236e-21
8.89800000e+05 2.81906137e-21
8.89900000e+05 2.81880043e-21
8.90000000e+05 2.81853955e-21
8.90100000e+05 2.81827872e-21
8.90200000e+05 2.81801794e-21
8.90300000e+05 2.81775722e-21
8.90400000e+05 2.81749655e-21
8.90500000e+05 2.81723593e-21
8.90600000e+05 2.81697536e-21
8.90700000e+05 2.81671485e-21
8.90800000e+05 2.81645439e-21
8.90900000e+05 2.81619398e-21
8.91000000e+05 2.81593363e-21
8.91100000e+05 2.81567333e-21
8.91200000e+05 2.81541308e-21
8.91300000e+05 2.81515288e-21
8.91400000e+05 2.81489274e-21
8.91500000e+05 2.81463265e-21
8.91600000e+05 2.81437261e-21
8.91700000e+05 2.81411263e-21
8.91800000e+05 2.81385269e-21
8.91900000e+05 2.81359282e-21
8.92000000e+05 2.81333299e-21
8.92100000e+05 2.81307321e-21
8.92200000e+05 2.81281349e-21
8.92300000e+05 2.81255382e-21
8.92400000e+05 2.81229421e-21
8.92500000e+05 2.81203464e-21
8.92600000e+05 2.81177513e-21
8.92700000e+05 2.81151567e-21
8.92800000e+05 2.81125627e-21
8.92900000e+05 2.81099691e-21
8.93000000e+05 2.81073761e-21
8.93100000e+05 2.81047836e-21
8.93200000e+05 2.81021917e-21
8.93300000e+05 2.80996002e-21
8.93400000e+05 2.80970093e-21
8.93500000e+05 2.80944189e-21
8.93600000e+05 2.80918291e-21
8.93700000e+05 2.80892397e-21
8.93800000e+05 2.80866509e-21
8.93900000e+05 2.80840626e-21
8.94000000e+05 2.80814749e-21
8.94100000e+05 2.80788876e-21
8.94200000e+05 2.80763009e-21
8.94300000e+05 2.80737147e-21
8.94400000e+05 2.80711290e-21
8.94500000e+05 2.80685438e-21
8.94600000e+05 2.80659592e-21
8.94700000e+05 2.80633751e-21
8.94800000e+05 2.80607915e-21
8.94900000e+05 2.80582084e-21
8.95000000e+05 2.80556259e-21
8.95100000e+05 2.80530439e-21
8.95200000e+05 2.80504624e-21
8.95300000e+05 2.80478814e-21
8.95400000e+05 2.80453009e-21
8.95500000e+05 2.80427210e-21
8.95600000e+05 2.80401416e-21
8.95700000e+05 2.80375627e-21
8.95800000e+05 2.80349843e-21
8.95900000e+05 2.80324064e-21
8.96000000e+05 2.80298291e-21
8.96100000e+05 2.80272523e-21
8.96200000e+05 2.80246760e-21
8.96300000e+05 2.80221002e-21
8.96400000e+05 2.80195249e-21
8.96500000e+05 2.80169502e-21
8.96600000e+05 2.80143760e-21
8.96700000e+05 2.80118023e-21
8.96800000e+05 2.80092291e-21
8.96900000e+05 2.80066564e-21
8.97000000e+05 2.80040843e-21
8.97100000e+05 2.80015126e-21
8.97200000e+05 2.79989415e-21
8.97300000e+05 2.79963709e-21
8.97400000e+05 2.79938008e-21
8.97500000e+05 2.79912313e-21
8.97600000e+05 2.79886622e-21
8.97700000e+05 2.79860937e-21
8.97800000e+05 2.79835257e-21
8.97900000e+05 2.79809582e-21
8.98000000e+05 2.79783912e-21
8.98100000e+05 2.79758248e-21
8.98200000e+05 2.79732589e-21
8.98300000e+05 2.79706934e-21
8.98400000e+05 2.79681285e-21
8.98500000e+05 2.79655641e-21
8.98600000e+05 2.79630003e-21
8.98700000e+05 2.79604369e-21
8.98800000e+05 2.79578741e-21
8.98900000e+05 2.79553117e-21
8.99000000e+05 2.79527499e-21
8.99100000e+05 2.79501886e-21
8.99200000e+05 2.79476278e-21
8.99300000e+05 2.79450676e-21
8.99400000e+05 2.79425078e-21
8.99500000e+05 2.79399486e-21
8.99600000e+05 2.79373898e-21
8.99700000e+05 2.79348316e-21
8.99800000e+05 2.79322739e-21
8.99900000e+05 2.79297167e-21
9.00000000e+05 2.79271601e-21
9.00100000e+05 2.79246039e-21
9.00200000e+05 2.79220483e-21
9.00300000e+05 2.79194931e-21
9.00400000e+05 2.79169385e-21
9.00500000e+05 2.79143844e-21
9.00600000e+05 2.79118308e-21
9.00700000e+05 2.79092777e-21
9.00800000e+05 2.79067252e-21
9.00900000e+05 2.79041731e-21
9.01000000e+05 2.79016216e-21
9.01100000e+05 2.78990705e-21
9.01200000e+05 2.78965200e-21
9.01300000e+05 2.78939700e-21
9.01400000e+05 2.78914205e-21
9.01500000e+05 2.78888715e-21
9.01600000e+05 2.78863231e-21
9.01700000e+05 2.78837751e-21
9.01800000e+05 2.78812276e-21
9.01900000e+05 2.78786807e-21
9.02000000e+05 2.78761343e-21
9.02100000e+05 2.78735883e-21
9.02200000e+05 2.78710429e-21
9.02300000e+05 2.78684980e-21
9.02400000e+05 2.78659536e-21
9.02500000e+05 2.78634097e-21
9.02600000e+05 2.78608664e-21
9.02700000e+05 2.78583235e-21
9.02800000e+05 2.78557811e-21
9.02900000e+05 2.78532393e-21
9.03000000e+05 2.78506980e-21
9.03100000e+05 2.78481571e-21
9.03200000e+05 2.78456168e-21
9.03300000e+05 2.78430770e-21
9.03400000e+05 2.78405377e-21
9.03500000e+05 2.78379989e-21
9.03600000e+05 2.78354606e-21
9.03700000e+05 2.78329228e-21
9.03800000e+05 2.78303856e-21
9.03900000e+05 2.78278488e-21
9.04000000e+05 2.78253125e-21
9.04100000e+05 2.78227768e-21
9.04200000e+05 2.78202415e-21
9.04300000e+05 2.78177068e-21
9.04400000e+05 2.78151726e-21
9.04500000e+05 2.78126388e-21
9.04600000e+05 2.78101056e-21
9.04700000e+05 2.78075729e-21
9.04800000e+05 2.78050407e-21
9.04900000e+05 2.78025090e-21
9.05000000e+05 2.77999778e-21
9.05100000e+05 2.77974471e-21
9.05200000e+05 2.77949169e-21
9.05300000e+05 2.77923873e-21
9.05400000e+05 2.77898581e-21
9.05500000e+05 2.77873294e-21
9.05600000e+05 2.77848012e-21
9.05700000e+05 2.77822736e-21
9.05800000e+05 2.77797464e-21
9.05900000e+05 2.77772198e-21
9.06000000e+05 2.77746936e-21
9.06100000e+05 2.77721680e-21
9.06200000e+05 2.77696428e-21
9.06300000e+05 2.77671182e-21
9.06400000e+05 2.77645941e-21
9.06500000e+05 2.77620704e-21
9.06600000e+05 2.77595473e-21
9.06700000e+05 2.77570247e-21
9.06800000e+05 2.77545026e-21
9.06900000e+05 2.77519810e-21
9.07000000e+05 2.77494598e-21
9.07100000e+05 2.77469392e-21
9.07200000e+05 2.77444191e-21
9.07300000e+05 2.77418995e-21
9.07400000e+05 2.77393804e-21
9.07500000e+05 2.77368618e-21
9.07600000e+05 2.77343437e-21
9.07700000e+05 2.77318261e-21
9.07800000e+05 2.77293090e-21
9.07900000e+05 2.77267924e-21
9.08000000e+05 2.77242763e-21
9.08100000e+05 2.77217607e-21
9.08200000e+05 2.77192456e-21
9.08300000e+05 2.77167310e-21
9.08400000e+05 2.77142169e-21
9.08500000e+05 2.77117033e-21
9.08600000e+05 2.77091902e-21
9.08700000e+05 2.77066776e-21
9.08800000e+05 2.77041655e-21
9.08900000e+05 2.77016539e-21
9.09000000e+05 2.76991428e-21
9.09100000e+05 2.76966322e-21
9.09200000e+05 2.76941221e-21
9.09300000e+05 2.76916125e-21
9.09400000e+05 2.76891034e-21
9.09500000e+05 2.76865948e-21
9.09600000e+05 2.76840867e-21
9.09700000e+05 2.76815791e-21
9.09800000e+05 2.76790720e-21
9.09900000e+05 2.76765654e-21
9.10000000e+05 2.76740593e-21
9.10100000e+05 2.76715537e-21
9.10200000e+05 2.76690486e-21
9.10300000e+05 2.76665439e-21
9.10400000e+05 2.76640398e-21
9.10500000e+05 2.76615362e-21
9.10600000e+05 2.76590331e-21
9.10700000e+05 2.76565304e-21
9.10800000e+05 2.76540283e-21
9.10900000e+05 2.76515267e-21
9.11000000e+05 2.76490255e-21
9.11100000e+05 2.76465249e-21
9.11200000e+05 2.76440247e-21
9.11300000e+05 2.76415251e-21
9.11400000e+05 2.76390259e-21
9.11500000e+05 2.76365273e-21
9.11600000e+05 2.76340291e-21
9.11700000e+05 2.76315314e-21
9.11800000e+05 2.76290343e-21
9.11900000e+05 2.76265376e-21
9.12000000e+05 2.76240414e-21
9.12100000e+05 2.76215457e-21
9.12200000e+05 2.76190505e-21
9.12300000e+05 2.76165558e-21
9.12400000e+05 2.76140616e-21
9.12500000e+05 2.76115679e-21
9.12600000e+05 2.76090747e-21
9.12700000e+05 2.76065819e-21
9.12800000e+05 2.76040897e-21
9.12900000e+05 2.76015980e-21
9.13000000e+05 2.75991067e-21
9.13100000e+05 2.75966160e-21
9.13200000e+05 2.75941257e-21
9.13300000e+05 2.75916359e-21
9.13400000e+05 2.75891467e-21
9.13500000e+05 2.75866579e-21
9.13600000e+05 2.75841696e-21
9.13700000e+05 2.75816818e-21
9.13800000e+05 2.75791945e-21
9.13900000e+05 2.75767077e-21
9.14000000e+05 2.75742214e-21
9.14100000e+05 2.75717355e-21
9.14200000e+05 2.75692502e-21
9.14300000e+05 2.75667653e-21
9.14400000e+05 2.75642810e-21
9.14500000e+05 2.75617971e-21
9.14600000e+05 2.75593137e-21
9.14700000e+05 2.75568309e-21
9.14800000e+05 2.75543485e-21
9.14900000e+05 2.75518666e-21
9.15000000e+05 2.75493852e-21
9.15100000e+05 2.75469042e-21
9.15200000e+05 2.75444238e-21
9.15300000e+05 2.75419439e-21
9.15400000e+05 2.75394644e-21
9.15500000e+05 2.75369854e-21
9.15600000e+05 2.75345070e-21
9.15700000e+05 2.75320290e-21
9.15800000e+05 2.75295515e-21
9.15900000e+05 2.75270745e-21
9.16000000e+05 2.75245980e-21
9.16100000e+05 2.75221219e-21
9.16200000e+05 2.75196464e-21
9.16300000e+05 2.75171714e-21
9.16400000e+05 2.75146968e-21
9.16500000e+05 2.75122227e-21
9.16600000e+05 2.75097491e-21
9.16700000e+05 2.75072760e-21
9.16800000e+05 2.75048034e-21
9.16900000e+05 2.75023313e-21
9.17000000e+05 2.74998597e-21
9.17100000e+05 2.74973885e-21
9.17200000e+05 2.74949178e-21
9.17300000e+05 2.74924477e-21
9.17400000e+05 2.74899780e-21
9.17500000e+05 2.74875088e-21
9.17600000e+05 2.74850401e-21
9.17700000e+05 2.74825718e-21
9.17800000e+05 2.74801041e-21
9.17900000e+05 2.74776368e-21
9.18000000e+05 2.74751701e-21
9.18100000e+05 2.74727038e-21
9.18200000e+05 2.74702380e-21
9.18300000e+05 2.74677727e-21
9.18400000e+05 2.74653078e-21
9.18500000e+05 2.74628435e-21
9.18600000e+05 2.74603796e-21
9.18700000e+05 2.74579162e-21
9.18800000e+05 2.74554533e-21
9.18900000e+05 2.74529909e-21
9.19000000e+05 2.74505290e-21
9.19100000e+05 2.74480676e-21
9.19200000e+05 2.74456066e-21
9.19300000e+05 2.74431462e-21
9.19400000e+05 2.74406862e-21
9.19500000e+05 2.74382267e-21
9.19600000e+05 2.74357676e-21
9.19700000e+05 2.74333091e-21
9.19800000e+05 2.74308511e-21
9.19900000e+05 2.74283935e-21
9.20000000e+05 2.74259364e-21
9.20100000e+05 2.74234798e-21
9.20200000e+05 2.74210237e-21
9.20300000e+05 2.74185680e-21
9.20400000e+05 2.74161129e-21
9.20500000e+05 2.74136582e-21
9.20600000e+05 2.74112040e-21
9.20700000e+05 2.74087503e-21
9.20800000e+05 2.74062971e-21
9.20900000e+05 2.74038443e-21
9.21000000e+05 2.74013921e-21
9.21100000e+05 2.73989403e-21
9.21200000e+05 2.73964890e-21
9.21300000e+05 2.73940381e-21
9.21400000e+05 2.73915878e-21
9.21500000e+05 2.73891379e-21
9.21600000e+05 2.73866886e-21
9.21700000e+05 2.73842396e-21
9.21800000e+05 2.73817912e-21
9.21900000e+05 2.73793433e-21
9.22000000e+05 2.73768958e-21
9.22100000e+05 2.73744488e-21
9.22200000e+05 2.73720023e-21
9.22300000e+05 2.73695563e-21
9.22400000e+05 2.73671108e-21
9.22500000e+05 2.73646657e-21
9.22600000e+05 2.73622211e-21
9.22700000e+05 2.73597770e-21
9.22800000e+05 2.73573334e-21
9.22900000e+05 2.73548902e-21
9.23000000e+05 2.73524476e-21
9.23100000e+05 2.73500054e-21
9.23200000e+05 2.73475637e-21
9.23300000e+05 2.73451224e-21
9.23400000e+05 2.73426817e-21
9.23500000e+05 2.73402414e-21
9.23600000e+05 2.73378016e-21
9.23700000e+05 2.73353623e-21
9.23800000e+05 2.73329234e-21
9.23900000e+05 2.73304851e-21
9.24000000e+05 2.73280472e-21
9.24100000e+05 2.73256097e-21
9.24200000e+05 2.73231728e-21
9.24300000e+05 2.73207363e-21
9.24400000e+05 2.73183004e-21
9.24500000e+05 2.73158648e-21
9.24600000e+05 2.73134298e-21
9.24700000e+05 2.73109953e-21
9.24800000e+05 2.73085612e-21
9.24900000e+05 2.73061276e-21
9.25000000e+05 2.73036944e-21
9.25100000e+05 2.73012618e-21
9.25200000e+05 2.72988296e-21
9.25300000e+05 2.72963979e-21
9.25400000e+05 2.72939667e-21
9.25500000e+05 2.72915359e-21
9.25600000e+05 2.72891056e-21
9.25700000e+05 2.72866758e-21
9.25800000e+05 2.72842465e-21
9.25900000e+05 2.72818176e-21
9.26000000e+05 2.72793892e-21
9.26100000e+05 2.72769613e-21
9.26200000e+05 2.72745339e-21
9.26300000e+05 2.72721069e-21
9.26400000e+05 2.72696804e-21
9.26500000e+05 2.72672544e-21
9.26600000e+05 2.72648289e-21
9.26700000e+05 2.72624038e-21
9.26800000e+05 2.72599792e-21
9.26900000e+05 2.72575551e-21
9.27000000e+05 2.72551315e-21
9.27100000e+05 2.72527083e-21
9.27200000e+05 2.72502856e-21
9.27300000e+05 2.72478633e-21
9.27400000e+05 2.72454416e-21
9.27500000e+05 2.72430203e-21
9.27600000e+05 2.72405995e-21
9.27700000e+05 2.72381791e-21
9.27800000e+05 2.72357593e-21
9.27900000e+05 2.72333398e-21
9.28000000e+05 2.72309209e-21
9.28100000e+05 2.72285025e-21
9.28200000e+05 2.72260845e-21
9.28300000e+05 2.72236670e-21
9.28400000e+05 2.72212499e-21
9.28500000e+05 2.72188333e-21
9.28600000e+05 2.72164172e-21
9.28700000e+05 2.72140016e-21
9.28800000e+05 2.72115864e-21
9.28900000e+05 2.72091717e-21
9.29000000e+05 2.72067575e-21
9.29100000e+05 2.72043437e-21
9.29200000e+05 2.72019305e-21
9.29300000e+05 2.71995176e-21
9.29400000e+05 2.71971053e-21
9.29500000e+05 2.71946934e-21
9.29600000e+05 2.71922820e-21
9.29700000e+05 2.71898711e-21
9.29800000e+05 2.71874606e-21
9.29900000e+05 2.71850506e-21
9.30000000e+05 2.71826410e-21
9.30100000e+05 2.71802320e-21
9.30200000e+05 2.71778234e-21
9.30300000e+05 2.71754152e-21
9.30400000e+05 2.71730076e-21
9.30500000e+05 2.71706004e-21
9.30600000e+05 2.71681937e-21
9.30700000e+05 2.71657874e-21
9.30800000e+05 2.71633816e-21
9.30900000e+05 2.71609763e-21
9.31000000e+05 2.71585714e-21
9.31100000e+05 2.71561670e-21
9.31200000e+05 2.71537631e-21
9.31300000e+05 2.71513596e-21
9.31400000e+05 2.71489566e-21
9.31500000e+05 2.71465541e-21
9.31600000e+05 2.71441521e-21
9.31700000e+05 2.71417505e-21
9.31800000e+05 2.71393493e-21
9.31900000e+05 2.71369487e-21
9.32000000e+05 2.71345485e-21
9.32100000e+05 2.71321487e-21
9.32200000e+05 2.71297495e-21
9.32300000e+05 2.71273507e-21
9.32400000e+05 2.71249523e-21
9.32500000e+05 2.71225545e-21
9.32600000e+05 2.71201571e-21
9.32700000e+05 2.71177601e-21
9.32800000e+05 2.71153636e-21
9.32900000e+05 2.71129676e-21
9.33000000e+05 2.71105721e-21
9.33100000e+05 2.71081770e-21
9.33200000e+05 2.71057824e-21
9.33300000e+05 2.71033882e-21
9.33400000e+05 2.71009945e-21
9.33500000e+05 2.70986013e-21
9.33600000e+05 2.70962085e-21
9.33700000e+05 2.70938162e-21
9.33800000e+05 2.70914244e-21
9.33900000e+05 2.70890330e-21
9.34000000e+05 2.70866421e-21
9.34100000e+05 2.70842516e-21
9.34200000e+05 2.70818617e-21
9.34300000e+05 2.70794721e-21
9.34400000e+05 2.70770831e-21
9.34500000e+05 2.70746945e-21
9.34600000e+05 2.70723063e-21
9.34700000e+05 2.70699186e-21
9.34800000e+05 2.70675314e-21
9.34900000e+05 2.70651447e-21
9.35000000e+05 2.70627584e-21
9.35100000e+05 2.70603726e-21
9.35200000e+05 2.70579872e-21
9.35300000e+05 2.70556023e-21
9.35400000e+05 2.70532178e-21
9.35500000e+05 2.70508338e-21
9.35600000e+05 2.70484503e-21
9.35700000e+05 2.70460672e-21
9.35800000e+05 2.70436846e-21
9.35900000e+05 2.70413025e-21
9.36000000e+05 2.70389208e-21
9.36100000e+05 2.70365396e-21
9.36200000e+05 2.70341588e-21
9.36300000e+05 2.70317785e-21
9.36400000e+05 2.70293986e-21
9.36500000e+05 2.70270193e-21
9.36600000e+05 2.70246403e-21
9.36700000e+05 2.70222619e-21
9.36800000e+05 2.70198838e-21
9.36900000e+05 2.70175063e-21
9.37000000e+05 2.70151292e-21
9.37100000e+05 2.70127526e-21
9.37200000e+05 2.70103764e-21
9.37300000e+05 2.70080007e-21
9.37400000e+05 2.70056254e-21
9.37500000e+05 2.70032506e-21
9.37600000e+05 2.70008763e-21
9.37700000e+05 2.69985024e-21
9.37800000e+05 2.69961289e-21
9.37900000e+05 2.69937560e-21
9.38000000e+05 2.69913835e-21
9.38100000e+05 2.69890114e-21
9.38200000e+05 2.69866398e-21
9.38300000e+05 2.69842687e-21
9.38400000e+05 2.69818980e-21
9.38500000e+05 2.69795277e-21
9.38600000e+05 2.69771580e-21
9.38700000e+05 2.69747886e-21
9.38800000e+05 2.69724198e-21
9.38900000e+05 2.69700514e-21
9.39000000e+05 2.69676834e-21
9.39100000e+05 2.69653159e-21
9.39200000e+05 2.69629489e-21
9.39300000e+05 2.69605823e-21
9.39400000e+05 2.69582162e-21
9.39500000e+05 2.69558505e-21
9.39600000e+05 2.69534853e-21
9.39700000e+05 2.69511205e-21
9.39800000e+05 2.69487562e-21
9.39900000e+05 2.69463924e-21
9.40000000e+05 2.69440290e-21
9.40100000e+05 2.69416660e-21
9.40200000e+05 2.69393035e-21
9.40300000e+05 2.69369415e-21
9.40400000e+05 2.69345799e-21
9.40500000e+05 2.69322188e-21
9.40600000e+05 2.69298581e-21
9.40700000e+05 2.69274979e-21
9.40800000e+05 2.69251381e-21
9.40900000e+05 2.69227788e-21
9.41000000e+05 2.69204200e-21
9.41100000e+05 2.69180616e-21
9.41200000e+05 2.69157036e-21
9.41300000e+05 2.69133461e-21
9.41400000e+05 2.69109891e-21
9.41500000e+05 2.69086325e-21
9.41600000e+05 2.69062763e-21
9.41700000e+05 2.69039206e-21
9.41800000e+05 2.69015654e-21
9.41900000e+05 2.68992106e-21
9.42000000e+05 2.68968563e-21
9.42100000e+05 2.68945024e-21
9.42200000e+05 2.68921490e-21
9.42300000e+05 2.68897960e-21
9.42400000e+05 2.68874435e-21
9.42500000e+05 2.68850914e-21
9.42600000e+05 2.68827398e-21
9.42700000e+05 2.68803886e-21
9.42800000e+05 2.68780379e-21
9.42900000e+05 2.68756876e-21
9.43000000e+05 2.68733378e-21
9.43100000e+05 2.68709884e-21
9.43200000e+05 2.68686395e-21
9.43300000e+05 2.68662910e-21
9.43400000e+05 2.68639430e-21
9.43500000e+05 2.68615954e-21
9.43600000e+05 2.68592483e-21
9.43700000e+05 2.68569016e-21
9.43800000e+05 2.68545554e-21
9.43900000e+05 2.68522096e-21
9.44000000e+05 2.68498643e-21
9.44100000e+05 2.68475194e-21
9.44200000e+05 2.68451750e-21
9.44300000e+05 2.68428310e-21
9.44400000e+05 2.68404875e-21
9.44500000e+05 2.68381444e-21
9.44600000e+05 2.68358017e-21
9.44700000e+05 2.68334596e-21
9.44800000e+05 2.68311178e-21
9.44900000e+05 2.68287765e-21
9.45000000e+05 2.68264357e-21
9.45100000e+05 2.68240953e-21
9.45200000e+05 2.68217554e-21
9.45300000e+05 2.68194159e-21
9.45400000e+05 2.68170768e-21
9.45500000e+05 2.68147382e-21
9.45600000e+05 2.68124000e-21
9.45700000e+05 2.68100623e-21
9.45800000e+05 2.68077251e-21
9.45900000e+05 2.68053883e-21
9.46000000e+05 2.68030519e-21
9.46100000e+05 2.68007160e-21
9.46200000e+05 2.67983805e-21
9.46300000e+05 2.67960455e-21
9.46400000e+05 2.67937109e-21
9.46500000e+05 2.67913767e-21
9.46600000e+05 2.67890430e-21
9.46700000e+05 2.67867098e-21
9.46800000e+05 2.67843770e-21
9.46900000e+05 2.67820446e-21
9.47000000e+05 2.67797127e-21
9.47100000e+05 2.67773813e-21
9.47200000e+05 2.67750502e-21
9.47300000e+05 2.67727197e-21
9.47400000e+05 2.67703895e-21
9.47500000e+05 2.67680598e-21
9.47600000e+05 2.67657306e-21
9.47700000e+05 2.67634018e-21
9.47800000e+05 2.67610734e-21
9.47900000e+05 2.67587455e-21
9.48000000e+05 2.67564181e-21
9.48100000e+05 2.67540910e-21
9.48200000e+05 2.67517645e-21
9.48300000e+05 2.67494383e-21
9.48400000e+05 2.67471126e-21
9.48500000e+05 2.67447874e-21
9.48600000e+05 2.67424626e-21
9.48700000e+05 2.67401382e-21
9.48800000e+05 2.67378143e-21
9.48900000e+05 2.67354908e-21
9.49000000e+05 2.67331678e-21
9.49100000e+05 2.67308452e-21
9.49200000e+05 2.67285230e-21
9.49300000e+05 2.67262013e-21
9.49400000e+05 2.67238801e-21
9.49500000e+05 2.67215592e-21
9.49600000e+05 2.67192389e-21
9.49700000e+05 2.67169189e-21
9.49800000e+05 2.67145994e-21
9.49900000e+05 2.67122804e-21
9.50000000e+05 2.67099618e-21
9.50100000e+05 2.67076436e-21
9.50200000e+05 2.67053258e-21
9.50300000e+05 2.67030086e-21
9.50400000e+05 2.67006917e-21
9.50500000e+05 2.66983753e-21
9.50600000e+05 2.66960593e-21
9.50700000e+05 2.66937438e-21
9.50800000e+05 2.66914287e-21
9.50900000e+05 2.66891140e-21
9.51000000e+05 2.66867998e-21
9.51100000e+05 2.66844861e-21
9.51200000e+05 2.66821727e-21
9.51300000e+05 2.66798598e-21
9.51400000e+05 2.66775474e-21
9.51500000e+05 2.66752354e-21
9.51600000e+05 2.66729238e-21
9.51700000e+05 2.66706127e-21
9.51800000e+05 2.66683020e-21
9.51900000e+05 2.66659917e-21
9.52000000e+05 2.66636819e-21
9.52100000e+05 2.66613725e-21
9.52200000e+05 2.66590636e-21
9.52300000e+05 2.66567551e-21
9.52400000e+05 2.66544470e-21
9.52500000e+05 2.66521394e-21
9.52600000e+05 2.66498322e-21
9.52700000e+05 2.66475254e-21
9.52800000e+05 2.66452191e-21
9.52900000e+05 2.66429133e-21
9.53000000e+05 2.66406078e-21
9.53100000e+05 2.66383028e-21
9.53200000e+05 2.66359982e-21
9.53300000e+05 2.66336941e-21
9.53400000e+05 2.66313904e-21
9.53500000e+05 2.66290872e-21
9.53600000e+05 2.66267844e-21
9.53700000e+05 2.66244820e-21
9.53800000e+05 2.66221800e-21
9.53900000e+05 2.66198785e-21
9.54000000e+05 2.66175775e-21
9.54100000e+05 2.66152768e-21
9.54200000e+05 2.66129766e-21
9.54300000e+05 2.66106769e-21
9.54400000e+05 2.66083775e-21
9.54500000e+05 2.66060786e-21
9.54600000e+05 2.66037802e-21
9.54700000e+05 2.66014822e-21
9.54800000e+05 2.65991846e-21
9.54900000e+05 2.65968874e-21
9.55000000e+05 2.65945907e-21
9.55100000e+05 2.65922944e-21
9.55200000e+05 2.65899986e-21
9.55300000e+05 2.65877032e-21
9.55400000e+05 2.65854082e-21
9.55500000e+05 2.65831136e-21
9.55600000e+05 2.65808195e-21
9.55700000e+05 2.65785258e-21
9.55800000e+05 2.65762326e-21
9.55900000e+05 2.65739398e-21
9.56000000e+05 2.65716474e-21
9.56100000e+05 2.65693555e-21
9.56200000e+05 2.65670640e-21
9.56300000e+05 2.65647729e-21
9.56400000e+05 2.65624822e-21
9.56500000e+05 2.65601920e-21
9.56600000e+05 2.65579022e-21
9.56700000e+05 2.65556129e-21
9.56800000e+05 2.65533240e-21
9.56900000e+05 2.65510355e-21
9.57000000e+05 2.65487475e-21
9.57100000e+05 2.65464598e-21
9.57200000e+05 2.65441727e-21
9.57300000e+05 2.65418859e-21
9.57400000e+05 2.65395996e-21
9.57500000e+05 2.65373137e-21
9.57600000e+05 2.65350282e-21
9.57700000e+05 2.65327432e-21
9.57800000e+05 2.65304586e-21
9.57900000e+05 2.65281745e-21
9.58000000e+05 2.65258907e-21
9.58100000e+05 2.65236074e-21
9.58200000e+05 2.65213246e-21
9.58300000e+05 2.65190421e-21
9.58400000e+05 2.65167601e-21
9.58500000e+05 2.65144785e-21
9.58600000e+05 2.65121974e-21
9.58700000e+05 2.65099167e-21
9.58800000e+05 2.65076364e-21
9.58900000e+05 2.65053565e-21
9.59000000e+05 2.65030771e-21
9.59100000e+05 2.65007981e-21
9.59200000e+05 2.64985195e-21
9.59300000e+05 2.64962414e-21
9.59400000e+05 2.64939637e-21
9.59500000e+05 2.64916864e-21
9.59600000e+05 2.64894095e-21
9.59700000e+05 2.64871331e-21
9.59800000e+05 2.64848571e-21
9.59900000e+05 2.64825815e-21
9.60000000e+05 2.64803064e-21
9.60100000e+05 2.64780317e-21
9.60200000e+05 2.64757574e-21
9.60300000e+05 2.64734836e-21
9.60400000e+05 2.64712101e-21
9.60500000e+05 2.64689371e-21
9.60600000e+05 2.64666646e-21
9.60700000e+05 2.64643924e-21
9.60800000e+05 2.64621207e-21
9.60900000e+05 2.64598494e-21
9.61000000e+05 2.64575786e-21
9.61100000e+05 2.64553081e-21
9.61200000e+05 2.64530381e-21
9.61300000e+05 2.64507685e-21
9.61400000e+05 2.64484994e-21
9.61500000e+05 2.64462307e-21
9.61600000e+05 2.64439624e-21
9.61700000e+05 2.64416945e-21
9.61800000e+05 2.64394270e-21
9.61900000e+05 2.64371600e-21
9.62000000e+05 2.64348934e-21
9.62100000e+05 2.64326273e-21
9.62200000e+05 2.64303615e-21
9.62300000e+05 2.64280962e-21
9.62400000e+05 2.64258313e-21
9.62500000e+05 2.64235668e-21
9.62600000e+05 2.64213028e-21
9.62700000e+05 2.64190392e-21
9.62800000e+05 2.64167760e-21
9.62900000e+05 2.64145132e-21
9.63000000e+05 2.64122509e-21
9.63100000e+05 2.64099890e-21
9.63200000e+05 2.64077275e-21
9.63300000e+05 2.64054664e-21
9.63400000e+05 2.64032058e-21
9.63500000e+05 2.64009456e-21
9.63600000e+05 2.63986858e-21
9.63700000e+05 2.63964264e-21
9.63800000e+05 2.63941674e-21
9.63900000e+05 2.63919089e-21
9.64000000e+05 2.63896508e-21
9.64100000e+05 2.63873931e-21
9.64200000e+05 2.63851359e-21
9.64300000e+05 2.63828790e-21
9.64400000e+05 2.63806226e-21
9.64500000e+05 2.63783667e-21
9.64600000e+05 2.63761111e-21
9.64700000e+05 2.63738560e-21
9.64800000e+05 2.63716012e-21
9.64900000e+05 2.63693469e-21
9.65000000e+05 2.63670931e-21
9.65100000e+05 2.63648396e-21
9.65200000e+05 2.63625866e-21
9.65300000e+05 2.63603340e-21
9.65400000e+05 2.63580818e-21
9.65500000e+05 2.63558300e-21
9.65600000e+05 2.63535787e-21
9.65700000e+05 2.63513278e-21
9.65800000e+05 2.63490773e-21
9.65900000e+05 2.63468272e-21
9.66000000e+05 2.63445776e-21
9.66100000e+05 2.63423283e-21
9.66200000e+05 2.63400795e-21
9.66300000e+05 2.63378311e-21
9.66400000e+05 2.63355831e-21
9.66500000e+05 2.63333356e-21
9.66600000e+05 2.63310885e-21
9.66700000e+05 2.63288417e-21
9.66800000e+05 2.63265954e-21
9.66900000e+05 2.63243496e-21
9.67000000e+05 2.63221041e-21
9.67100000e+05 2.63198591e-21
9.67200000e+05 2.63176145e-21
9.67300000e+05 2.63153703e-21
9.67400000e+05 2.63131265e-21
9.67500000e+05 2.63108832e-21
9.67600000e+05 2.63086402e-21
9.67700000e+05 2.63063977e-21
9.67800000e+05 2.63041556e-21
9.67900000e+05 2.63019139e-21
9.68000000e+05 2.62996727e-21
9.68100000e+05 2.62974318e-21
9.68200000e+05 2.62951914e-21
9.68300000e+05 2.62929514e-21
9.68400000e+05 2.62907118e-21
9.68500000e+05 2.62884726e-21
9.68600000e+05 2.62862339e-21
9.68700000e+05 2.62839956e-21
9.68800000e+05 2.62817577e-21
9.68900000e+05 2.62795202e-21
9.69000000e+05 2.62772831e-21
9.69100000e+05 2.62750464e-21
9.69200000e+05 2.62728102e-21
9.69300000e+05 2.62705743e-21
9.69400000e+05 2.62683389e-21
9.69500000e+05 2.62661039e-21
9.69600000e+05 2.62638694e-21
9.69700000e+05 2.62616352e-21
9.69800000e+05 2.62594014e-21
9.69900000e+05 2.62571681e-21
9.70000000e+05 2.62549352e-21
9.70100000e+05 2.62527027e-21
9.70200000e+05 2.62504706e-21
9.70300000e+05 2.62482390e-21
9.70400000e+05 2.62460077e-21
9.70500000e+05 2.62437769e-21
9.70600000e+05 2.62415465e-21
9.70700000e+05 2.62393165e-21
9.70800000e+05 2.62370869e-21
9.70900000e+05 2.62348577e-21
9.71000000e+05 2.62326289e-21
9.71100000e+05 2.62304006e-21
9.71200000e+05 2.62281727e-21
9.71300000e+05 2.62259452e-21
9.71400000e+05 2.62237181e-21
9.71500000e+05 2.62214914e-21
9.71600000e+05 2.62192651e-21
9.71700000e+05 2.62170393e-21
9.71800000e+05 2.62148138e-21
9.71900000e+05 2.62125888e-21
9.72000000e+05 2.62103642e-21
9.72100000e+05 2.62081400e-21
9.72200000e+05 2.62059162e-21
9.72300000e+05 2.62036928e-21
9.72400000e+05 2.62014699e-21
9.72500000e+05 2.61992473e-21
9.72600000e+05 2.61970252e-21
9.72700000e+05 2.61948035e-21
9.72800000e+05 2.61925821e-21
9.72900000e+05 2.61903613e-21
9.73000000e+05 2.61881408e-21
9.73100000e+05 2.61859207e-21
9.73200000e+05 2.61837010e-21
9.73300000e+05 2.61814818e-21
9.73400000e+05 2.61792630e-21
9.73500000e+05 2.61770445e-21
9.73600000e+05 2.61748265e-21
9.73700000e+05 2.61726089e-21
9.73800000e+05 2.61703918e-21
9.73900000e+05 2.61681750e-21
9.74000000e+05 2.61659586e-21
9.74100000e+05 2.61637427e-21
9.74200000e+05 2.61615271e-21
9.74300000e+05 2.61593120e-21
9.74400000e+05 2.61570973e-21
9.74500000e+05 2.61548830e-21
9.74600000e+05 2.61526691e-21
9.74700000e+05 2.61504556e-21
9.74800000e+05 2.61482425e-21
9.74900000e+05 2.61460299e-21
9.75000000e+05 2.61438176e-21
9.75100000e+05 2.61416058e-21
9.75200000e+05 2.61393943e-21
9.75300000e+05 2.61371833e-21
9.75400000e+05 2.61349727e-21
9.75500000e+05 2.61327625e-21
9.75600000e+05 2.61305527e-21
9.75700000e+05 2.61283433e-21
9.75800000e+05 2.61261343e-21
9.75900000e+05 2.61239258e-21
9.76000000e+05 2.61217176e-21
9.76100000e+05 2.61195098e-21
9.76200000e+05 2.61173025e-21
9.76300000e+05 2.61150956e-21
9.76400000e+05 2.61128891e-21
9.76500000e+05 2.61106829e-21
9.76600000e+05 2.61084772e-21
9.76700000e+05 2.61062719e-21
9.76800000e+05 2.61040670e-21
9.76900000e+05 2.61018626e-21
9.77000000e+05 2.60996585e-21
9.77100000e+05 2.60974548e-21
9.77200000e+05 2.60952516e-21
9.77300000e+05 2.60930487e-21
9.77400000e+05 2.60908463e-21
9.77500000e+05 2.60886442e-21
9.77600000e+05 2.60864426e-21
9.77700000e+05 2.60842414e-21
9.77800000e+05 2.60820406e-21
9.77900000e+05 2.60798402e-21
9.78000000e+05 2.60776402e-21
9.78100000e+05 2.60754406e-21
9.78200000e+05 2.60732414e-21
9.78300000e+05 2.60710426e-21
9.78400000e+05 2.60688442e-21
9.78500000e+05 2.60666463e-21
9.78600000e+05 2.60644487e-21
9.78700000e+05 2.60622515e-21
9.78800000e+05 2.60600548e-21
9.78900000e+05 2.60578584e-21
9.79000000e+05 2.60556625e-21
9.79100000e+05 2.60534670e-21
9.79200000e+05 2.60512718e-21
9.79300000e+05 2.60490771e-21
9.79400000e+05 2.60468828e-21
9.79500000e+05 2.60446889e-21
9.79600000e+05 2.60424954e-21
9.79700000e+05 2.60403023e-21
9.79800000e+05 2.60381096e-21
9.79900000e+05 2.60359173e-21
9.80000000e+05 2.60337254e-21
9.80100000e+05 2.60315339e-21
9.80200000e+05 2.60293428e-21
9.80300000e+05 2.60271521e-21
9.80400000e+05 2.60249619e-21
9.80500000e+05 2.60227720e-21
9.80600000e+05 2.60205825e-21
9.80700000e+05 2.60183935e-21
9.80800000e+05 2.60162048e-21
9.80900000e+05 2.60140165e-21
9.81000000e+05 2.60118287e-21
9.81100000e+05 2.60096412e-21
9.81200000e+05 2.60074542e-21
9.81300000e+05 2.60052675e-21
9.81400000e+05 2.60030813e-21
9.81500000e+05 2.60008955e-21
9.81600000e+05 2.59987100e-21
9.81700000e+05 2.59965250e-21
9.81800000e+05 2.59943404e-21
9.81900000e+05 2.59921561e-21
9.82000000e+05 2.59899723e-21
9.82100000e+05 2.59877889e-21
9.82200000e+05 2.59856059e-21
9.82300000e+05 2.59834232e-21
9.82400000e+05 2.59812410e-21
9.82500000e+05 2.59790592e-21
9.82600000e+05 2.59768778e-21
9.82700000e+05 2.59746968e-21
9.82800000e+05 2.59725162e-21
9.82900000e+05 2.59703359e-21
9.83000000e+05 2.59681561e-21
9.83100000e+05 2.59659767e-21
9.83200000e+05 2.59637977e-21
9.83300000e+05 2.59616191e-21
9.83400000e+05 2.59594409e-21
9.83500000e+05 2.59572631e-21
9.83600000e+05 2.59550857e-21
9.83700000e+05 2.59529087e-21
9.83800000e+05 2.59507320e-21
9.83900000e+05 2.59485558e-21
9.84000000e+05 2.59463800e-21
9.84100000e+05 2.59442046e-21
9.84200000e+05 2.59420296e-21
9.84300000e+05 2.59398550e-21
9.84400000e+05 2.59376808e-21
9.84500000e+05 2.59355070e-21
9.84600000e+05 2.59333336e-21
9.84700000e+05 2.59311606e-21
9.84800000e+05 2.59289879e-21
9.84900000e+05 2.59268157e-21
9.85000000e+05 2.59246439e-21
9.85100000e+05 2.59224725e-21
9.85200000e+05 2.59203015e-21
9.85300000e+05 2.59181308e-21
9.85400000e+05 2.59159606e-21
9.85500000e+05 2.59137908e-21
9.85600000e+05 2.59116214e-21
9.85700000e+05 2.59094523e-21
9.85800000e+05 2.59072837e-21
9.85900000e+05 2.59051155e-21
9.86000000e+05 2.59029476e-21
9.86100000e+05 2.59007802e-21
9.86200000e+05 2.58986132e-21
9.86300000e+05 2.58964465e-21
9.86400000e+05 2.58942803e-21
9.86500000e+05 2.58921144e-21
9.86600000e+05 2.58899490e-21
9.86700000e+05 2.58877839e-21
9.86800000e+05 2.58856192e-21
9.86900000e+05 2.58834550e-21
9.87000000e+05 2.58812911e-21
9.87100000e+05 2.58791276e-21
9.87200000e+05 2.58769646e-21
9.87300000e+05 2.58748019e-21
9.87400000e+05 2.58726396e-21
9.87500000e+05 2.58704777e-21
9.87600000e+05 2.58683162e-21
9.87700000e+05 2.58661551e-21
9.87800000e+05 2.58639944e-21
9.87900000e+05 2.58618341e-21
9.88000000e+05 2.58596742e-21
9.88100000e+05 2.58575147e-21
9.88200000e+05 2.58553556e-21
9.88300000e+05 2.58531969e-21
9.88400000e+05 2.58510385e-21
9.88500000e+05 2.58488806e-21
9.88600000e+05 2.58467231e-21
9.88700000e+05 2.58445659e-21
9.88800000e+05 2.58424092e-21
9.88900000e+05 2.58402528e-21
9.89000000e+05 2.58380968e-21
9.89100000e+05 2.58359413e-21
9.89200000e+05 2.58337861e-21
9.89300000e+05 2.58316313e-21
9.89400000e+05 2.58294769e-21
9.89500000e+05 2.58273229e-21
9.89600000e+05 2.58251693e-21
9.89700000e+05 2.58230161e-21
9.89800000e+05 2.58208633e-21
9.89900000e+05 2.58187109e-21
9.90000000e+05 2.58165589e-21
9.90100000e+05 2.58144072e-21
9.90200000e+05 2.58122560e-21
9.90300000e+05 2.58101052e-21
9.90400000e+05 2.58079547e-21
9.90500000e+05 2.58058046e-21
9.90600000e+05 2.58036550e-21
9.90700000e+05 2.58015057e-21
9.90800000e+05 2.57993568e-21
9.90900000e+05 2.57972083e-21
9.91000000e+05 2.57950602e-21
9.91100000e+05 2.57929125e-21
9.91200000e+05 2.57907652e-21
9.91300000e+05 2.57886182e-21
9.91400000e+05 2.57864717e-21
9.91500000e+05 2.57843256e-21
9.91600000e+05 2.57821798e-21
9.91700000e+05 2.57800344e-21
9.91800000e+05 2.57778895e-21
9.91900000e+05 2.57757449e-21
9.92000000e+05 2.57736007e-21
9.92100000e+05 2.57714569e-21
9.92200000e+05 2.57693135e-21
9.92300000e+05 2.57671705e-21
9.92400000e+05 2.57650279e-21
9.92500000e+05 2.57628856e-21
9.92600000e+05 2.57607438e-21
9.92700000e+05 2.57586023e-21
9.92800000e+05 2.57564613e-21
9.92900000e+05 2.57543206e-21
9.93000000e+05 2.57521803e-21
9.93100000e+05 2.57500404e-21
9.93200000e+05 2.57479009e-21
9.93300000e+05 2.57457618e-21
9.93400000e+05 2.57436230e-21
9.93500000e+05 2.57414847e-21
9.93600000e+05 2.57393467e-21
9.93700000e+05 2.57372092e-21
9.93800000e+05 2.57350720e-21
9.93900000e+05 2.57329352e-21
9.94000000e+05 2.57307988e-21
9.94100000e+05 2.57286628e-21
9.94200000e+05 2.57265272e-21
9.94300000e+05 2.57243920e-21
9.94400000e+05 2.57222571e-21
9.94500000e+05 2.57201227e-21
9.94600000e+05 2.57179886e-21
9.94700000e+05 2.57158549e-21
9.94800000e+05 2.57137216e-21
9.94900000e+05 2.57115887e-21
9.95000000e+05 2.57094562e-21
9.95100000e+05 2.57073241e-21
9.95200000e+05 2.57051924e-21
9.95300000e+05 2.57030610e-21
9.95400000e+05 2.57009300e-21
9.95500000e+05 2.56987995e-21
9.95600000e+05 2.56966693e-21
9.95700000e+05 2.56945395e-21
9.95800000e+05 2.56924100e-21
9.95900000e+05 2.56902810e-21
9.96000000e+05 2.56881524e-21
9.96100000e+05 2.56860241e-21
9.96200000e+05 2.56838962e-21
9.96300000e+05 2.56817687e-21
9.96400000e+05 2.56796416e-21
9.96500000e+05 2.56775149e-21
9.96600000e+05 2.56753886e-21
9.96700000e+05 2.56732627e-21
9.96800000e+05 2.56711371e-21
9.96900000e+05 2.56690119e-21
9.97000000e+05 2.56668871e-21
9.97100000e+05 2.56647627e-21
9.97200000e+05 2.56626387e-21
9.97300000e+05 2.56605151e-21
9.97400000e+05 2.56583918e-21
9.97500000e+05 2.56562690e-21
9.97600000e+05 2.56541465e-21
9.97700000e+05 2.56520244e-21
9.97800000e+05 2.56499027e-21
9.97900000e+05 2.56477814e-21
9.98000000e+05 2.56456604e-21
9.98100000e+05 2.56435399e-21
9.98200000e+05 2.56414197e-21
9.98300000e+05 2.56392999e-21
9.98400000e+05 2.56371805e-21
9.98500000e+05 2.56350615e-21
9.98600000e+05 2.56329429e-21
9.98700000e+05 2.56308246e-21
9.98800000e+05 2.56287067e-21
9.98900000e+05 2.56265893e-21
9.99000000e+05 2.56244721e-21
9.99100000e+05 2.56223554e-21
9.99200000e+05 2.56202391e-21
9.99300000e+05 2.56181231e-21
9.99400000e+05 2.56160076e-21
9.99500000e+05 2.56138924e-21
9.99600000e+05 2.56117776e-21
9.99700000e+05 2.56096631e-21
9.99800000e+05 2.56075491e-21
9.99900000e+05 2.56054354e-21
1.00000000e+06 2.56033222e-21
